f0,f1,f2,f3,f4,f5,f6,f7,f8,f9,HF,LF
0.422408810757184,2.2003158972540384,4.671177011834811,-0.9132616102864406,5.978385391140377,-0.2093241761293014,-0.9531833266959124,1.2970537423582333,-0.2969277746218881,-0.09977039689814006,1.4,1.4
-0.6111231196558288,2.4882370618757728,4.301503555056411,0.6111474670506434,0.17250271059278874,5.2071783465062484,-1.4618048452148196,-2.1131291251746926,2.667387721290695,0.4289208447780201,1.4,1.4
-0.663284425008415,2.87432636944635,0.030519858614254942,-2.4705125346626695,3.68251408294357,-0.00043529325088264453,-2.0855362026062605,2.3914854882279033,2.856416875366739,0.0017437865128427442,1.4,1.4
-4.125010186873414,1.8942700713107197,5.690922256461126,0.6645687049713292,5.159995721074095,1.2908929101602593,0.7860618929286436,2.577420406070575,-1.071860378826863,-0.3677591991992221,1.4,1.1045666666666667
-2.401801922601788,4.556373042407056,0.08531549494244978,-1.4435306460845214,1.647282638696342,-1.0873586509742201,-2.133327559923216,1.6654415591464378,1.1840447896019441,0.19319048751268733,0.5800000000000001,0.9483000000000001
-0.21436490257745197,7.23510347154297,0.6191206016649864,-2.4384221386875664,-1.0452160717716508,2.002869644447546,-2.303279652739881,1.0548872837203929,1.4967028880162547,0.7254936986594329,0.4949999999999999,1.3365999999999998
1.7821892474785108,6.58538199348292,5.5937506485395465,-3.162928244605261,-0.6817711820338835,2.67395647867369,-1.7143266260836973,-1.615291692665808,0.9583254580626036,2.1194625116398798,1.0700000000000003,0.7971250000000001
-1.1345577706972774,3.0306457193120147,0.004417772463249571,-3.339816618782855,3.6413382676317023,1.6222072961194096,-1.5627051889116967,2.0131186780513475,-0.9620144418101569,-0.44065778106722503,0.13200000000000012,1.39595
-5.03133666259827,2.6933665412548304,4.387986811952878,1.518753033299543,4.549395726689829,0.5182777687454178,0.1284838260236124,2.289452418703529,-0.7419930275926188,0.06971606168323206,1.4,1.0211999999999999
-3.9884523681337436,2.4169020915500634,-0.02695977012095713,-3.1657390733310065,4.327541558070584,1.9866688379276551,-1.3325879225542485,2.961894889193841,-1.6425984853091664,-1.1998138292219653,1.22,1.3790999999999998
0.8376828861541162,3.9471488604875256,-0.662444766986652,-3.835047513339581,2.987552530809456,0.007287637461602735,-2.690402068329702,1.1917474127337397,0.21533820645366922,0.5046596673412415,0.36749999999999994,0.6360090909090909
-0.07592162212814163,7.093146683214567,0.9900926485438598,-2.510762214238554,-1.145493787550425,1.8640095211543943,-2.3007088320335174,0.9393186485053161,1.5024987733599187,0.9466029426043666,0.6166666666666666,1.314
-5.2956321245664455,3.555485044972859,0.9497263039454528,-1.0826608602702859,2.742607349077425,1.4982467316420247,-0.37764631288666184,2.727218343059595,-1.1725130096015102,-0.8868398566910756,1.4,1.4
-1.364523003700993,3.964960959921327,-0.3230933610423407,-2.477870374232009,2.553374803291446,-0.9314707860687241,-1.940052989212255,1.8594987440534931,0.09153415899224769,-0.44758795731991374,0.6737500000000001,0.12249999999999983
0.5977793705649612,6.538948765183163,0.0014671689641062723,-3.4069404424658587,-0.06524941945744712,1.8286274344040243,-2.3870406789714647,1.1009536880659794,0.4223103583328662,0.1935830220509928,0.6900000000000004,0.5320499999999999
7.482491397731668,6.630647512667722,-4.3904130074027785,-5.888096709292474,3.3477115723388633,2.9952859567675554,-4.002146518225919,-0.3944055832221232,-4.320318808557409,2.1889336513568125,1.4,1.4
-5.495966050595471,2.1059229366979966,0.1686067470733345,-1.0192302911177844,2.9427176146941645,3.143120149404585,-0.7000341655543884,1.9981323621384541,-0.6831023904823967,-1.2910154903616593,1.4,1.4
-1.2928279650149568,3.690933369503847,0.11191492282620125,-2.419550562773136,2.6514393273784664,-1.0737009990702928,-1.9009246444556276,1.8022545755047972,0.09759854988942851,-0.27338958406986186,0.6483333333333334,0.1681499999999998
-5.860665686956529,3.1420434513221185,1.9967759563868277,-1.540358076745781,2.769946030564708,1.2518741934078532,-0.6049905102131033,1.9080657371170913,-0.9449786461794368,-0.16789242403101523,0.0,1.3834999999999997
0.5991497028638465,4.037897732837147,0.5739880567868443,-4.467270549398937,2.368382548205229,0.24526097800130872,-2.3260389479952925,0.788751308391274,0.8338437819785786,0.8882439256272119,1.4,1.4
0.36045145732355727,3.9894348743917556,-0.23912846642521537,-3.366235881814629,2.8494666272863682,-0.3479442051499994,-2.5442650697205123,1.549625382709814,0.9143685882065307,0.2949811517552457,0.3999999999999999,0.6699999999999999
-6.362577573034573,3.48562933083515,0.27652570865328713,-0.43517969658923483,3.3697981739901963,0.1914447689404611,-2.6236312614571804,1.2368771348079268,-0.20890139982767997,0.5104833569461528,1.4,1.4
0.49233842882879186,3.900773927859915,-0.3706082982485499,-3.295610847696744,2.80433265851632,-0.4825013582707384,-2.6016523252242902,1.899814147460406,1.3251540614019632,0.25059834715438445,0.21999999999999997,0.7897999999999996
1.8821888545072147,6.033219843454011,-0.2001158487790905,-4.079347600822798,0.52368715447966,1.6072961115554254,-2.878913282043149,1.1585144923164172,1.2375331650680403,0.5475427053148574,0.69,1.399
-3.9726548215183777,1.879378719185545,5.325376561650193,0.7656030205517301,5.147635094368025,1.1852240764801687,0.659479623436622,3.0547884537481274,-0.5325268424403835,-0.5348505389630217,1.4,1.4
-2.217474481119169,2.796243774384004,1.34131311025518,-2.8666729578619705,3.161883124644895,0.6916039892950898,-1.4673392998241825,2.277515229492507,0.9337754796452309,-0.06733378336537593,1.4,1.4
-2.3863236060740998,4.933960866793874,0.1863842229357523,-1.259300798189292,1.5870613761470669,-1.0063629547801753,-1.9654133170324073,1.264892939391215,0.6254009474421558,0.2945930522473506,0.8000000000000003,0.10734999999999983
-0.23009592394702483,7.621143057165904,0.6121298159659706,-2.2591686591380715,-1.1957687769702703,2.112591831758338,-2.211488681446934,0.6289571873926209,0.9093029885307939,0.8741386451269567,0.0,1.4
11.007754002906758,6.011027704829576,2.3610496742249065,-2.5541435662951253,5.262878234455924,4.098645913356515,-2.491679303994981,-3.6390674372931153,-5.957166680801274,3.325366942547447,1.4,1.4
-2.1522768824514453,3.822021742152713,4.176457329846918,1.0976452413944775,3.4289090556389836,-1.2766041637673704,-0.7878883221833298,0.9112071661588467,0.11569666105465165,0.7399218430584068,0.30000000000000004,0.2202999999999995
-0.45816571415625945,4.9030220366833355,5.204995696696207,0.3176135234002703,2.3613507738483785,0.37558208328084713,-0.11630020125189108,1.4161484734204568,0.7035121970272841,0.989956277344243,0.0,0.12219999999999986
-1.2090420517197447,3.006330147248869,5.702662373479902,0.5836833017277312,4.312196535950234,-0.9918561017469574,-0.7278682212955128,1.1423911682713612,0.6770915603427516,0.5676283152640541,0.4999999999999999,1.1216666666666666
1.2408243842615898,5.774815423753169,5.810641996990505,-0.42385245891915857,1.4982833713467216,2.0090782548581214,-1.0954863313148235,0.45043593007548566,0.9822151209607379,1.2520878417933476,1.0599999999999998,1.0352000000000003
-0.16337076103431464,6.437215113244674,0.5927541835874586,-4.353573810293441,-0.029925877627944145,2.2110452018308386,-2.8120466452640938,-0.4849785552030164,-0.13868479729902466,0.7176944089148811,1.12,0.7192749999999999
-5.849647553114171,2.465943703943359,-1.6719015844011507,0.8642024530987094,5.143063810452699,-0.49055522596301454,-4.292369672348159,-0.134065731341664,2.3053809051215914,0.55712664422455,1.4,0.5206600000000003
-2.924306487052908,3.8827800103700247,0.16552620688620184,-3.235772530938501,2.3105649594906503,0.1186054698553429,-2.4104389065623715,0.5080194693815981,-0.9284552372892969,-0.2067148694647935,3.73,0.6833499999999999
-5.832557319260927,2.878360607327263,0.6553760783636919,-2.2790964013858415,3.4706826773841146,1.2051733776716722,-2.079916642919214,0.9514891427569322,-2.0191640724443913,-0.3952601440783313,1.4,1.4
-5.723023578650547,3.982924071164613,0.6950881955407405,-0.21162051255507797,2.2313817127444477,1.0736059486658105,-0.3704090934448585,2.767544396191362,-0.8680015949430911,-0.8203135084796176,1.4,1.4
1.6354479945743543,6.922672524519807,1.02231994337089,-5.411220926107499,-1.3157175671043668,2.3196003302897883,-2.5429514485372735,-0.855247558630894,0.3844210767019222,1.0631218963338107,1.5316666666666667,0.3037249999999998
-4.621116918899555,3.68943081981368,-1.7152796719162668,1.0384635663830868,4.3717891615524955,-3.7591200675867844,-5.885856477100563,-0.8301039379010852,1.5829040369235863,3.079070510240157,2.27,0.20455000000000023
-4.378271479226717,2.8418177902118953,0.17273134742982613,-2.0367782629703926,3.547787067851138,1.2147391398734042,-0.8277605056106574,2.611238115846248,-2.1575987720610468,-1.3926364636300645,0.17000000000000015,1.3841142857142856
-5.4153745922187815,2.960176606890834,0.5447450526544251,-2.240814809073764,3.6536895120652537,2.6280269846467816,-1.0789923094649614,2.840597042358848,-1.2648508868732247,-0.8274552515592899,1.4,1.355
11.370667659498997,5.044943863545526,1.4460244037153391,-2.0189704421769714,5.450887982886644,4.695257595142257,-2.555708053593167,-3.9421430882321253,-5.114211081398277,2.832015134952857,1.4,1.4
-6.292117547495062,4.567910298504562,-0.11400393960417227,-0.2671870321617305,2.1857791081854865,0.7983114912646601,-1.3472182812453666,1.23014139379612,-1.7630849259668007,0.26182380312787756,1.22,1.4
-2.2888743310560304,4.510501107164396,0.8179503922352642,-1.1228176677733253,1.7374719835620958,-1.2193964253160074,-1.9378499325709884,1.1916029237031633,0.5825731444080489,0.4711244813625476,0.5233333333333332,0.4240666666666665
-0.05374939211068866,7.354328568849241,1.1197083577828673,-2.2469560857551363,-1.1864952236116153,1.9663301620258071,-2.1856063883105934,0.5437059044384697,0.9131591386278497,1.0512373373396489,0.708,1.4
3.3478076649359263,7.983954475680421,0.35809968367117223,-3.207444947515707,-2.177381175676744,1.221505203938936,-2.2417263826994556,0.11444646878415707,1.6852517845167758,1.4185941142170553,0.9233333333333333,1.4
3.763483503999197,6.896267283548573,-0.4471414271065067,-4.627110856456982,-0.6729403569747466,1.3766800993640478,-2.4458637081116654,0.2935429682643105,0.6533744863662072,0.9235333947478115,0.6099999999999999,1.1588999999999996
1.4003181805667424,3.2788900334302555,-5.844239875074827,3.182302445871613,1.8280010485255465,-1.9864022008612237,1.7514464899680122,1.1752272799449304,1.0824359238737584,0.6424713166104188,1.4,1.4
-3.4349820914480698,4.982122043123784,-2.8144229165640695,1.3746223498328092,-1.3238555513500208,-1.5228715791626428,0.28179560427574757,-0.15873371159114813,1.3966144872848165,0.23496240214063868,1.4,1.4
1.2062181233050844,3.2734931397413147,-7.1246221063862265,2.811176681063601,-0.9033689886221283,-2.3804329542136995,0.15244716530531596,0.4827257067360612,0.963200982617903,-2.312727543918468,1.4,1.4
1.1116678979087158,2.429636799038783,-4.656329293012282,0.789831066109436,2.583070097694976,-1.3666073924557491,-0.6078868775419597,2.3891310495553806,1.903043005647526,-1.9295059201102998,1.4,1.4
-1.654793160410814,5.924340858775686,0.09927510732581238,-2.5901586915845756,-0.01860925375143713,0.6623062049358455,-0.7215459918886538,2.3875167246331888,1.9806562941027006,-0.3998533081348908,1.4,1.4
3.0545238343882,1.418708887625003,1.1761762622592835,2.357046978271916,6.138687137637497,-2.114299208673982,0.6098730062624947,3.371058059840901,1.3673744905964107,-1.6603303362833268,1.4,1.3785000000000003
2.9661717963566168,1.0175911756450984,-0.7919113406921736,5.763776509601874,3.8070845571945204,-1.5134070681013394,4.654184770534761,1.8427049670209323,1.7560214767132694,0.6344451599134369,1.4,1.4
-6.923056825677259,2.7409960166937233,-2.9062962998244632,-0.34154237166733814,0.19872986115308444,2.653371764901319,-0.7175646375846665,1.5086134229896173,0.4955862045272627,-2.157020603172385,1.4,1.4
-4.074227089149353,3.4805354513092768,-3.5152861899881898,-0.8535549973358423,-0.6683686162833805,-0.20338437737865614,-2.3064760759309673,0.060662133512970944,2.643221938239553,-0.7174399722138101,1.4,1.4
1.8170624117791345,4.415926774602296,-4.754683742554726,-1.014638694043591,2.408721861813241,-2.631041819534382,-0.5359931364451798,4.058022592869013,0.9305152697438351,-1.704204376527765,1.4,1.4
1.7462920701243407,3.565569800871847,-7.134808124526469,2.9904872230319555,-0.056423643327750836,-1.939398275464745,4.7395278542272905,2.45079032223197,1.4010662290248885,1.473119099197104,1.4,1.4
1.2384538910380218,2.0119780967787935,-4.461857669636943,0.5443488697425286,2.9315482499076966,-1.108505433971969,-0.7024840811325832,2.5090931439843502,2.204322165970222,-2.0637271260277816,1.4,1.3353499999999996
-3.644076777054101,7.371498503604175,-3.574178755558064,1.7023056403952965,-2.3709498890248275,-3.125940156920415,-2.5423161378712367,-1.0974841439853356,-0.6541598924582717,-0.8849479899509195,2.6999999999999997,0.03909999999999991
-1.338150484159113,7.579204199898084,0.7407761310660271,1.2370504969986773,-1.6851092345232033,-1.6714162301890267,0.1254062346042768,1.7658416127561083,0.15240646639658773,-1.394846541823444,1.725,0.062200000000000255
1.3816840390784706,6.041517195799585,1.8786416593206356,1.7668241945387517,-0.8976939038171514,-3.1933499966060204,0.15279166351974408,1.5739910421498,0.6319076805976364,-0.40258907558784607,0.9500000000000002,0.4378000000000002
1.36823155364186,2.363059392920769,-5.083558288715148,3.6659332896877075,0.4770032786345858,-2.35766759731401,0.6467520994848969,0.7824356741318731,1.4572466102871706,-2.5915556857696007,1.4,1.4
-6.249890104037619,4.4928904672023595,-1.5314044337624713,-0.7000954760486232,0.8457372637242799,0.940525084589544,-0.21576486975425246,2.9281852156166095,-0.21014826422451555,-1.7703802157459678,1.4,1.4
3.6505494539731425,4.4388274140623665,-4.528571070095287,-3.2748651788554963,3.8208312455682707,-1.23497983034518,-1.3927597886241483,4.033959515763432,0.361196272537248,-0.6897298497298611,1.4,1.4
1.4319988674483326,2.6110406905074175,-4.208115310753612,0.46317902576927866,2.930874632277057,-1.7618391111908613,-0.6407337634540541,2.952329465634256,1.6111557933471747,-1.8006180708725765,1.4,1.4
1.3115853543322782,4.342822638959074,-7.618196558157429,3.1282733230004705,-0.362523878031436,-2.4261464939609945,3.518695304004435,1.827824077585809,0.8965879430579137,1.0067515080890805,1.4,1.4
1.037839651043828,2.9522813786959485,-4.917644785577241,1.0304637244238264,2.1699474922325925,-1.6157972901354274,-0.5178425838033072,2.2019571544600445,1.4788481417250678,-1.7194275120883928,1.4,1.4
1.2814960375742848,2.955460388657,-5.330745728105248,3.493424458313354,0.3551975285213932,-2.518374834014828,0.5124098924840613,0.8141679368177782,1.0334634847756246,-2.258575658164614,1.4,1.3779
-3.6978281034401195,5.4630691449626285,-6.28335228604037,4.556795676688338,1.337546604259912,-3.6018681562280563,-4.955649829083793,-3.5739466341691934,1.3366932054943161,-0.09033300692877194,1.4,1.4
1.283962501177081,4.52461709356513,-6.861578356425592,2.915656114131846,-0.17479251156759257,-2.549183396397748,3.0118298655370155,2.0835099576247935,0.7369915594143198,0.2165257855682067,1.4,1.4
2.6728904737506247,1.624249825417375,-0.16335308912833682,5.276485827702054,3.7682721127983805,-2.57847558183638,1.673971899307123,1.2788482045152874,1.0437833650334976,-2.144863082962105,1.4,1.4
1.3006219258901974,3.0805159330783067,-4.501228582742396,0.7490070802047073,2.4927970164116906,-1.9772623726884602,-0.5424998416859272,2.720746702189135,1.251468045507719,-1.6498352894751454,1.4,1.4
-5.8133701576396115,3.2893283501218042,0.05378892662594465,-0.44135831488530425,1.953167939899454,0.8095319832185099,-0.26570517735473886,3.311151138242171,-0.30278020240245385,-1.2971884075141284,2.2,0.2961666666666669
-3.0338672116452994,4.025138021187513,-0.46842562596808823,-1.0331669258028793,1.2236878867786547,-1.7122795038078948,-1.9887223155213805,1.8738282238720492,1.5682377797870104,-0.01666491418258907,1.73,0.32189999999999985
-1.3755693632497084,5.104967359344581,1.1472518829892902,-1.9191784093048447,0.2819570486876803,0.18086048311768957,-0.6425178588859456,2.7240494079401087,1.9864641532322582,-0.29677272883789835,1.15,0.264
1.2827681054034885,4.5504608819081005,1.2638280880718995,-1.9662374165443277,0.5635352907279728,-1.1586060762819863,-0.625702218384626,2.4670485565817457,2.5254667462611415,0.29746764215921084,0.4500000000000002,0.35340000000000016
0.8174143617672398,6.822069995336601,-2.0548591557019034,2.225590380024929,-0.09359250324093095,-3.846643137074552,0.49724948800062674,2.3431300280573293,-1.2928379612267185,-2.4257594190650855,1.4,0.8124499999999998
-1.309692593611619,6.741239657271427,-7.3530602649005,4.84228697520546,1.3034802410067954,-3.4989928726578206,-2.8975521219376934,-1.2224975109672158,-2.189571196497736,-0.8703313681008047,1.4,1.4
1.523158155678751,3.695250858476589,6.6264537849575085,4.778632090718247,3.0716504312134227,-3.3127071632888283,2.094643489266016,2.1399332850741013,-1.26162339038247,-2.0920380557524196,0.9999999999999999,1.4
-6.465031243688784,4.22409815690715,-3.2246491016372247,2.4870233641763395,-0.9945648003610938,1.3292976221852828,3.164108652524479,1.5070672381343764,-0.3804184155257906,0.2830861276508628,1.4,0.9355333333333331
3.754148848925409,4.54706138092012,-4.594565654078976,-3.373935487358013,3.829821657744135,-1.0838363864061467,-1.4370324708506796,3.8585401673699837,0.14676059836346747,-0.5537729611633226,1.4,1.4
-6.112653301324283,4.3376815196165595,-1.0600790303492236,-1.557308987110933,1.763128065177082,1.4863236838959217,-0.38131093170496644,3.131215980394622,-0.4450605317087143,-1.6571362891153427,1.4,1.4
-3.310294920966876,4.969559531315949,-1.933698115966155,-1.8162445895429549,0.607216515415959,-1.3743678297836248,-1.97334967249219,1.6518915621472847,1.7517852036535442,-0.3090079680494867,2.1,0.20904999999999951
-1.6452324467075896,5.775978046661424,0.08912412634976621,-2.389386478840667,0.02579524298988117,0.4162407769439006,-0.6019239653586553,2.598283104293743,2.1082754747156836,-0.567677041075728,1.2000000000000002,0.9539
1.0474810796914227,4.487957469075928,1.112674601302518,-1.8515666489148532,0.8717920874195327,-1.0534909686909297,-0.5647869700224923,2.498544129154875,2.5754155017825036,0.3364124377140222,0.6600000000000001,0.8906999999999998
2.4560099560348125,3.148655946659994,-8.771482781770597,3.391208890219385,-0.30956866335460553,-1.2734180743752659,6.302985782460704,1.1861021023604734,1.842785274471776,4.9601500564586924,1.4,1.4
-6.465081722761658,3.3689390059729125,-3.0837180156850996,0.08356113800879406,0.7212903133079601,2.861447683864436,3.3948961279549947,3.0424820163796005,0.5082111859401083,1.540890454661882,1.4,1.4
4.208702172128465,0.13322597063882938,1.5208490241248618,5.513737496967166,5.04277862586438,-2.0455121566715677,2.124972971976897,0.7582574016032699,0.9630272056208625,-2.8269384793022776,1.4,1.4
-4.256251944085191,6.243713550650217,-5.489287166251261,3.6565680456847263,0.3248730491064801,-5.557259443982295,-5.131095687457551,-2.618136087094535,-0.7021796420540306,0.3362163890471585,4.699999999999999,2.3575499999999994
3.3067341014454477,4.261693393560494,-6.063579200644355,1.998576841438922,0.5718662152256552,-1.7089182290429996,2.6332706286174914,1.6539314093015947,0.36049498814735287,0.13599743903576053,1.4,1.4
-2.7038905666219124,7.501488834784372,-4.448838027035096,2.07645145198668,-2.1583421967767595,-3.0136655831002828,-1.8466750610516411,-0.3551524794018835,-1.8116767663626046,-2.134162597951014,1.3972727272727274,0.5801666666666667
1.0776959863004452,3.4696452261266106,0.2561496323536423,-3.961849633574787,2.2095281868352075,0.20777657716815637,-1.4787018454848033,2.4571001545249747,2.203089147347713,0.09522520889779572,1.4,1.4
1.1683550011116797,5.444569591390137,-0.16585733242963582,2.7945884914354773,0.42718273993289885,-4.474698796735021,0.5687441687905364,2.3339877458543232,-1.340023542112815,-1.66269590198707,0.2526666666666666,0.8581749999999999
1.266857953501512,5.799308273187354,-0.41213463535055334,3.1339849637079227,0.5280671522739054,-4.323068883706437,0.33567494820553184,2.0753764334219156,-1.9635165879890415,-1.7104158421430802,1.4,1.3618999999999999
3.0773891662996156,1.9671399323274332,-8.175052936694536,2.8936666097618553,-0.45939000728282614,0.16117521300628193,5.207402964340084,1.1751662467022475,1.2237638461370914,2.8167980565958226,1.4,1.4
3.9011732315015935,4.716045500328749,2.7070175763725066,3.827385934727756,1.0909334814401557,1.4285910752439666,0.6021249742522283,-0.7396602465196127,1.690551482543199,-0.3106446498726014,0.3999999999999999,0.5863
-4.696993693721459,8.148298141457508,0.3104147956246897,3.4036666343570716,0.6236518904402254,-0.6044821961549325,-0.39969923847552197,1.4503032379449639,-4.3833420112051655,-1.6141077287417183,2.6,2.4847333333333332
3.865804450689342,4.061739448331381,2.397994301645405,4.206825884194504,0.9441931704673632,1.9259585040811167,0.4148707253368389,-0.925145252885422,2.0613564139910427,-0.6259270436282425,0.4899999999999999,0.7453999999999996
3.9041360696461407,5.197460079790589,3.096867034683545,0.5697187395752568,3.0242981193894374,1.9216119666132256,-1.1279623210895733,0.9973844920768081,1.59868493647183,0.6850956814433248,0.7833333333333332,1.3198000000000003
2.282241913292377,6.095096241031359,-1.7176536713996866,-1.6271660749130823,0.29790232410189416,1.8983459660041124,-1.5606917329531724,0.9110465930401243,2.108865315840368,0.1151186444433312,0.25,1.0631999999999997
2.3447988276465423,5.44109240644661,-1.8769417333059746,-1.3278766780903215,0.17225319748409096,2.1623830915374564,-1.6195975229595434,0.8403952047223351,2.412202199781312,-0.20592859041548559,0.5999999999999999,0.9507999999999996
-1.6044353682615438,9.16528358118024,-0.35424400806117207,2.780400553194625,-0.38688739939744315,-3.0888538640989185,-2.2594998986015065,0.029357727613340545,-2.4931284565305356,-0.645119048037652,1.0166666666666666,0.6878000000000002
0.741768076090832,12.131406534201504,0.018040160939263486,1.8169607093767288,-3.435496690533988,0.28086059207950637,-2.6933907770632084,-0.5596693266986335,-2.219325177534801,0.10008628424602745,0.3857142857142859,0.3611
7.503637685547596,5.252967170453981,4.164923597064278,-1.8309709758899135,4.19685983363175,3.2286895283223727,-2.3292390622210797,0.06836852229907937,0.5442938297248711,1.6543490698211192,1.4,1.4
-0.18679952814093312,11.94474408114108,0.8027354117757544,1.3257913527642242,-3.5733109669640815,0.22689861379272788,-3.1226924882914915,-1.130906681630086,-1.4540397636648712,0.8138241710290441,1.2000000000000002,1.7271000000000005
1.2688998938432738,10.608326318845915,2.895382589873667,1.4074505534129333,-3.6787417735296373,-0.35714364175740065,-2.8479362616111197,-1.4064655720274712,-1.0894163359899396,1.4775731472513454,1.0333333333333337,0.8375000000000004
5.686122394143938,4.0259251330493955,3.382969511100555,-1.0906837844715365,4.305429648403902,1.1612478480765691,-1.4620497388751947,1.9972524276228405,1.5279878703272072,0.46232075442073106,1.4,1.4
-1.163814397430982,9.051246605230057,-0.41626999685064414,2.70189740535675,-0.3428039497133792,-2.9644178911762706,-1.7980397651651159,0.3833487012783935,-2.6467267367144642,-1.1296266512701651,1.0,0.1047666666666669
-0.004227405938937476,11.668518008275575,0.47224102629319104,1.3155315975094557,-3.5191202654568046,0.263422211797718,-2.631160844495093,-0.6892139470428241,-1.7558646554261916,0.05196025722211812,1.4,1.4
0.41366471715039205,10.254561222897639,2.180767939931882,1.8278978890461248,-3.0106731374719007,-0.2841015483707805,-2.3567740155484844,-0.6652258735766503,-1.7545462208682039,0.8220026846970799,0.3600000000000001,0.15799999999999992
4.769413523363864,3.4221343740284436,5.650858256020852,-1.6433716745070057,6.133436050160633,2.0684049418731294,-1.9229838885018091,-0.0028353512827999717,0.994019092020952,1.2865407862859528,1.4,1.4
-4.4957093265703625,3.1625654239969583,5.676953541813937,1.2037789689548617,5.217282283638606,1.1784864725709292,-0.08664595568093633,1.77622605740972,-0.813613217020478,0.08645601532200739,1.4,1.0459999999999998
-6.641222662397435,7.951631305594065,-4.533051569684905,3.455817316807113,-0.6289055098708289,0.0908673297340116,-2.126789246247814,-0.45148626546739457,-1.3834409697730552,-2.616124364555796,3.4949999999999997,5.92515
-5.872774492460701,6.699861372898105,-0.5738716131857329,3.5126191385658054,0.75861105258787,-0.5506694711213642,-0.6711206732352797,1.022290976388428,-1.5571644307203383,-1.4406830328257871,3.2399999999999998,2.5418000000000003
-1.8035642509210925,8.707160167031661,-8.984199960117977,5.7124130939840185,1.8229743929471238,-4.062673946921206,-5.207501238673016,-2.1179950219875443,-1.1750498846488429,-0.8589228174692113,0.24,1.09638
0.5286003170413412,-0.3621480965638408,-1.6291743859847851,7.408382768432816,5.2139526616771645,-2.027453023752271,0.2701499971335864,-0.2273178367960499,2.270244239866448,-0.7195709569847396,1.4,1.4
-0.4881331191452667,0.8031266420685085,-5.912898189780787,2.5114308741652756,4.144840823701644,-1.5721216699181995,-2.0808660129128573,1.6007006792821674,2.6780607585264087,-0.3595199165113035,1.4,1.4
-1.0494309795040684,6.349628343355822,-4.21278436594126,4.814681965833626,2.0938667703423492,-3.8738595540765397,-1.4833338154204747,1.0290854362267847,-0.4764775382713774,-1.0099225106416754,0.1100000000000001,1.2454000000000005
-2.9439757323234628,8.051152195499425,-6.468408085500706,4.888320409387776,0.4597533328705769,-3.359430282930742,-3.644076787898306,-0.8097661307333601,-1.6309299176501386,-1.7457545542052213,1.9,1.0756999999999999
-0.9265959466777078,5.986034984122266,-2.4460516021604923,4.373714607761951,2.080905041556784,-3.728125539689189,-0.866919333262273,1.4385054091082619,-0.6133017947411717,-1.4769618969125926,0.05500000000000016,0.06879999999999953
0.8015857096927641,-0.5397092675946927,-6.04312935340554,1.2872484881712514,5.047357086328974,-1.1949473055739515,-2.209308252700586,1.7750069514041484,2.149645860432039,-1.1334024470241006,1.4,1.4
-4.198770175854777,7.923399695790821,-5.058525210945631,4.428562157467074,-0.1440170775861231,-2.827385492783672,-3.5122119986469222,-0.9348668727708979,-2.031033119999353,-2.1400551735083178,2.8000000000000003,0.24039999999999973
3.188690002214252,1.5873894296091091,-4.201494597693276,-0.6018891231703422,5.576183619167974,-0.9085368307237228,-2.486029487689075,2.4333059145216174,1.678823864805036,0.0987328937358829,1.4,1.4
-0.7373699213047721,4.5058773201608995,-0.5146252774615289,5.001755344700954,2.646314879734155,-4.156462758790369,-0.8276649551713537,1.3043496871374696,-0.5334640766238096,-0.7875735643482809,1.2000000000000002,0.6486999999999994
-3.55240535388637,7.267679637569538,0.7610372921604899,2.7651136940790595,-0.2159656005549859,-1.401839504369747,-1.6611396381981034,0.43007020418480496,0.8577966702837855,-0.7526266672855731,1.4,1.4
0.4881138532153365,5.8699495372418085,1.4233605049919174,3.2714230563698177,0.5574824155130684,-2.495693341295474,-0.9679525454726247,0.5409260539331022,1.099379311824192,0.40346522840832394,1.4,1.4
1.9923042891707057,-0.33706280757428797,0.317737517422509,-5.807333179604034,0.404658567916024,-0.7482079282278601,0.35749624498542637,1.1680110433904307,0.8440525744812444,1.0570051404335115,1.4,1.4
1.7015583657757374,-1.0449261685597073,-0.15304137415427677,-5.16054683538575,0.23786653538020058,0.008896908828049244,0.535515534163151,0.24090513969658797,1.684159309143856,0.5019969509952253,1.4,1.4
-7.992370649162588,-1.2538011900055095,0.30135045482563894,1.344454039079174,-0.9064040701896716,-0.9819672807594775,0.5235352802582862,-1.646999639692095,0.27087671471513775,0.5318242920911516,5.043333333333333,3.2537999999999987
-0.5746119329975583,-3.9040369648929385,-2.0090504935226554,-1.8527937339519436,4.003604756272137,-2.763424806743987,-0.3920922080012207,1.1875745739715422,1.4915780607163969,0.826532050528881,1.4,1.4
-4.319300519932928,-1.0212184747066153,-1.508832647732873,0.44679633114908157,-2.444082034913452,-0.878026755273898,3.8950318059167595,-1.9983715790405774,0.8800901691917576,5.169149954650444,1.4,1.4
-3.7600912842200813,0.2592224634575782,1.7652447259648192,-0.45672729278108726,-2.2548039682150245,-3.995666170657884,0.7070032899551336,-0.3705683732787954,1.398052597903281,0.8696732735550855,2.73,1.4999000000000002
-1.5989994305935007,1.9475345982250358,2.867968278998296,-1.8060209014500297,-4.275350615907487,-1.5794640361579126,1.669825133324416,-0.003444737870847332,1.9002577002152419,0.7858955862837,1.7600000000000002,0.4578
-3.491981923314136,-0.02571135114812747,2.222783088944699,-0.2585926119498263,-2.145060677470244,-4.234293359036637,0.661362769929533,-0.3936595725309568,1.3231735742582476,0.7589933297381141,1.6600000000000001,0.9251000000000005
-1.273484210496309,1.9166352668726876,3.1692945714204224,-1.843503397471522,-4.458432189724077,-1.6416542938217438,1.6334681490187593,-0.05540603395086646,1.8935558262027838,0.6663441444580698,1.23,0.2869999999999999
-3.620696868540054,-0.5018174579194347,-0.021399556349553685,-0.08773652421191275,-1.81797182002361,-1.956918132361755,2.2442325886182024,-1.1493502640811912,0.7362856797510678,1.4744004374867368,1.4,1.4
-6.819113214649993,-1.6518418171728004,2.204221999365493,-2.827165811984736,1.2319447211719237,0.8680259092108836,1.0693366597036698,0.7365415674842953,-1.0492125017728462,0.4653995171161785,1.4,1.4
-6.587480612341917,-0.33692842953145885,2.9601379571705877,0.35001376412158125,-0.7184255923974443,-1.4459142500396556,2.5079444853938533,0.7693088591176112,-1.2028749546719018,0.27396706205489,1.4,1.4
1.2877508637243826,0.3070456503316489,0.8014338575584818,-2.4751654474233242,-2.420073482955094,-2.6203327620866945,2.5901770719760373,-0.5046476211345956,-0.18106597515826883,0.6141392964089403,1.17,1.2506
-6.048003778180784,-3.723931770834153,5.329567582596092,-0.5514836611081851,2.3371656473190443,1.3313545126185407,2.4899311654197644,-0.7771474152590409,-0.4369101244346723,-0.030528847430419673,1.4,1.4
-0.20867616766832,-5.208156935980658,-0.8415207749221939,-4.345657346186488,0.9533721176070059,-6.273518982734409,-2.7651904808970507,-4.9322100454708275,0.45564564727017465,1.754133451348091,1.4,1.4
-5.801140982576951,-2.353777482316691,6.537470826257077,0.8745638625859622,1.1056072983358636,-1.2688479570645723,3.6934556445125843,-0.4432912057877818,-1.6433815273298937,0.17622453828177648,1.4,0.015624999999999778
-6.5338653020841715,-3.929386889996791,4.457679442923932,1.25484112435767,0.6649995512130119,0.9229773674181199,2.924590532905092,-2.487845819915664,-0.864261662564309,-0.42106539044741187,1.4,1.4
-6.603663535405655,-4.173060081780437,4.184793935216491,1.4188731139020634,0.49289070054494843,1.207927192632284,2.728737584837403,-2.639505427104105,-0.767975763292332,-0.49460738908818974,1.4,1.3771
-6.184221776002429,-8.02744127972391,1.5660438766985463,2.8096543283461837,-5.693573467506203,1.8485537373376664,-2.1827988560683305,1.9781908625095512,-2.9039242832011616,0.8095813886052571,1.4,1.4
-6.520672115655104,-3.8327040706698026,3.1308788568029793,2.203341394579926,0.5656745941413114,2.1859879320016646,4.650432102696788,-1.7326344728933543,-0.16249627524470941,1.6236669197807183,1.4,0.3479500000000002
-9.018303356024335,-0.5357863926821759,2.444655218172826,-3.213548018988305,1.0224047218980368,0.80910763598932,-0.44344807397286357,-1.0779659116646034,-1.0034152628372313,2.1417501626231785,1.4,1.3447
-6.498427941019277,-3.9700502472989148,4.195551334600954,-0.45689845550638236,2.159476150987494,2.6250803294254603,1.9204815775552881,-0.7740204337937641,0.32545136094883187,-0.1785336230251113,1.4,1.4
-6.389561262427145,-2.8260494164466112,3.4285869474682262,-2.361414230821101,1.1786512669097715,0.8266030459217861,1.0825347594009604,0.8846320481830439,-1.3248924743243058,0.8881898699829748,1.4,1.4
-7.5494325200738785,-3.1512779974980867,-0.018035902122697126,-0.9310557542949633,-0.14015673793786285,2.618933533300622,3.434380367041011,-0.31832507704655416,-0.08998871617371174,3.0064765053747546,1.4,1.4
-6.550471582092813,-3.6858629149277147,2.951455037126838,2.2458366934036738,0.5754391388332762,2.030130007288933,5.418029489655074,-1.6718884739204924,-0.31028142653443275,2.491700591667846,1.4,1.3877000000000002
-3.5849181490306523,-0.6870461663457971,2.309381197579099,-0.6263021847738023,-2.3748376242293525,-4.315529240020312,0.7487089062658545,-0.9144312347526788,1.1890113918835625,0.7083856671215363,1.0700000000000003,0.5866
-1.3153817469898859,1.1950263242055028,3.419128373466228,-2.281936086058946,-4.594677368964856,-1.836163340629454,1.88934693300584,-0.4046838868305934,1.7872567161922777,0.48920761103251414,0.7200000000000002,0.005499999999999838
-2.7838980446128785,-1.5377446804823873,6.074068014494318,0.48445188559536034,-0.24499672262308717,-3.9697449919557775,1.9014416628047508,-1.0903269001148732,1.1619969921880937,0.6743933520466164,0.15000000000000013,0.048500000000000654
-6.233350155040355,-4.827013285078254,4.547788848759791,2.0408668958629126,0.21629490140838215,1.7307318237122487,2.6101531745895623,-1.8208055365900355,-0.5882130119934528,-0.6957077888546153,1.4,1.4
-5.4439415857925,-4.10725906481659,-2.3286073592683483,-0.3625353266573381,1.6938653891176558,-3.3836413081462013,0.06663518086055978,-2.9729287185566573,2.8421865970194613,7.735469932440257,1.4,1.4
-6.41093884880849,-3.5710105737017273,3.9845513576389346,1.7227941727935245,0.8061978063788638,1.593698358203613,3.6773734464498053,-1.8210065201315695,-0.4402308387002527,0.3412655597435992,1.4,1.3855999999999997
-6.286278243839205,-4.590196730847436,4.204701081021526,1.9792955612728265,0.1672792809860254,1.8891618231822498,2.6149859001435622,-1.7776802998641406,-0.5024740363833334,-0.7664306997179201,1.4,1.4
-6.396031705546424,-3.309489107406159,2.9541820577087026,-2.285648599605467,0.05695288890992427,0.8349606341258755,0.21987982328112043,1.9801209255336518,-1.7451973785831607,1.2900628581072004,1.4,1.4
-1.3982968196356091,1.1117620529335042,3.611092906539961,-2.6255918510860714,-4.548066414223847,-1.671701839008621,1.9795968703952005,-0.9909354485709115,1.0700248500683298,0.550357181884399,0.40000000000000013,0.32379999999999987
-6.33123270825226,-3.869452983821478,4.356116243465141,2.0440864871182485,0.41456729177557927,0.8858949315019093,2.9143271655649903,-0.7817461752542139,0.8262817517134615,-0.8519449144185497,2.77,2.5439000000000003
-6.0647717909623875,-4.354203514145927,5.330503520129469,1.701502251804664,0.423186583657843,0.6047192540361814,2.41518740027492,-1.2879081820903877,-1.5094728492519964,0.12741856112160496,1.4,1.4
-1.4223217488509274,-2.3115284337224296,4.132181068577985,-3.072666824016094,-1.200083741472533,1.9181846878525597,0.6479447772900245,-0.07194207543329686,2.1403982809639452,1.17058135573832,0.3500000000000001,0.4754999999999995
-6.2009245251807865,-6.914948432960963,3.924771539642551,0.863656137145641,-1.1807324704442066,2.4788460676524178,-1.0181749887914526,3.3339341944543355,-1.4892348182394044,1.4511194091473312,1.4,0.9274666666666667
-7.130021294816092,-2.6188855367327664,1.3009128971866204,0.4586312382393793,-1.5685158430929593,1.3662030296155054,2.075455382715005,-0.9745115466448111,-0.9137310059593654,-0.5852951981683218,2.08,2.0336000000000003
-6.430430298245704,-5.00829597480075,3.8809818246316454,2.2457434716721614,0.11189945897500558,2.28476579505744,2.2975216394699496,-2.3562543317023175,-0.2671015658119937,-0.8444998729072388,1.4,1.4
-6.241902838631832,-2.1738780915882945,4.014330753184671,-2.6165707354129077,2.1896085066329007,0.7086055758042948,1.850332274508353,0.36924360118111077,-1.0948131713773313,0.5833651706169202,1.4,1.4
3.4162492733042034,-3.028711014814528,0.3649883993052092,-2.155682553291277,-2.1368217095005853,-6.825117935584236,2.409676983581763,-0.8426327578462708,0.9647400353382545,-1.1665444324145011,1.4,1.4
0.8501777374719428,-2.3018827158747017,1.828532993484389,-4.233171216399097,-0.04361880465055422,-2.973543895283899,1.6710713871857454,1.5055617216038686,1.853387233935372,0.08766234401566017,1.4,1.4
-5.818091602568959,-2.4094444997222717,6.831290528944101,0.9482644898664129,1.2267833073431786,-1.4048741612670028,3.5880821004976426,-0.595194157419348,-1.5418158171613543,0.27560277127205984,0.8999999999999999,0.7136000000000005
-6.296810931211976,-3.5941056013725197,5.037377380024866,1.203099923993062,0.964756999651562,0.5326441731907925,3.1798611141214645,-2.163187260684899,-1.076720745735996,-0.3603144168434471,1.4,1.4
-7.457846400898622,-3.06156196164242,1.5588741713351206,-2.167086428391618,0.21095558697865419,1.3855056632680756,0.962648365857499,-0.8976750869112118,-0.6697136973548812,0.16597866190181726,1.4,1.3829666666666667
-7.070219435667116,-1.306250475717127,-0.20922371540993273,0.78881681960764,-1.2785582976329108,1.1468857556659031,5.051363146099286,-0.5055971022964411,-1.1354448504029047,3.0546380987226813,1.4,1.4
-4.4703514572232965,-3.0109150203953945,0.6608103474785563,-2.580857203782478,-1.2005582891932456,-1.0246558339170917,-1.0534892215142169,-2.575867234038079,1.0031120511126053,1.2708053693132808,1.4,1.3607999999999998
-4.254075661024318,-1.0732629975884933,2.2952495794527996,0.7017039018233603,-1.889134275083021,-2.7665995186964927,-0.46655326663332314,-2.6675756160399087,-0.5853736985431649,1.5503451659173086,1.88,0.9736000000000007
-4.216331525969465,-0.8748539834850715,2.6131736874145894,0.6906982562437582,-1.3601066801183972,-2.758715898461118,-0.049440187235000425,-3.112534198685536,-0.38530006276715417,1.3544945987514194,1.9,0.9777000000000005
-6.793669872185494,-3.7060371344511767,3.4519864973410965,-1.1904620007809414,1.3194222794952453,1.5545991685750917,1.2274384333182426,-0.7412215973852414,-0.744157220135267,0.3775233301303245,1.4,1.4
-4.095709247720572,-3.0007098325950445,1.3243592751169826,1.9412026706374348,-3.603573235333331,-0.8595115930143219,-1.8027927020958063,-1.0761139350666729,-0.031220141579384877,1.3401318251709307,2.0100000000000002,0.0528000000000004
-4.242253168501034,-0.9401371662459497,2.4555073272512145,0.6765636830999328,-1.586035487606342,-2.779786181033328,-0.22206294883549554,-2.943403749110672,-0.47745564805236845,1.4444754455961069,1.9,0.9799000000000002
-6.5591874969701305,-4.4400633564498735,3.8786344604300247,2.0652012837276765,0.35475883428502253,1.7654136046014635,2.302427938378389,-2.6799519011887107,-0.6972119314245538,-0.6579400583090323,2.8800000000000003,1.8733
-1.2193706168217122,-4.968083110683666,0.055324592570429584,-1.192353045956106,-1.2739847536006155,-7.778825825245499,-2.309065924254907,-6.723272392438399,0.45456229442946466,1.7312942470184132,1.4,1.4
-6.531824292220732,-4.020442237619468,4.9667244508557316,-0.8024386372080928,2.2200925291471885,1.347166376137774,2.398452709341419,-1.2594826509213202,-0.4514992725640901,-0.03734028226292147,1.4,1.4
-6.525953650829713,-4.548140754967835,4.820241731010377,-1.3753492064116626,1.8921352034526082,1.0449947266362691,2.356665693573081,-1.4697947168959042,-0.5472950765543702,0.02317150648626031,1.4,1.4
-7.458183000569318,-3.464649437056645,0.4480168914717586,-1.1902675031833687,-0.09505971846664676,2.648597376643506,2.472861255200612,-0.29062345403426093,-0.06887639493285189,1.9107045952800248,1.4,0.21075000000000044
-1.635007453028822,-4.554426808190833,0.5565786131601872,-1.6381341986756857,-2.019517621371608,-6.67797797396429,-1.399415294477968,-5.998257359651146,0.2032689686847705,0.9160697381785702,1.4,1.4
-4.269071514933174,-1.2057811270276788,2.1261629822753108,0.7227195328617785,-2.1979454093028,-2.7501809937666803,-0.7126752431546127,-2.3970911272115374,-0.6910824806510214,1.653669138947499,1.9700000000000002,0.9711000000000003
5.13812644089427,-0.8804713194405859,0.9580903832370764,-5.709534075002823,-5.76488001398887,-4.915911943759467,2.4188749653599184,-3.548435933821449,-0.44751003052312643,-1.6743009746434478,1.4,1.4
-1.1601333762810353,-2.0216653001398552,4.849797171007296,-1.0109621480933029,-3.746214431649563,0.43371463788538844,1.8778686975084522,-1.5049738755562483,1.3264708124734685,0.28541117538147426,0.56,0.44609999999999994
-6.159514571784732,-4.565501352416097,4.6416235807166375,2.0783817276215912,0.45772545585737634,1.79546180994422,2.7003037164736607,-1.7841206416460322,-0.5125239408501515,-0.7008875777512226,1.4,1.3911499999999997
-6.270639032517975,-3.515026986382683,4.934264531283034,0.7669177351354366,0.21114624921724068,-0.9448279869942047,2.5861073188547756,-2.997980695833899,-2.6436592051675287,0.112531145602596,1.4,1.4
-7.3317141396202,-3.7164814580245236,1.2324771458575574,-1.3492091718667933,-0.05881772757387598,2.4694147079083355,0.5831031015970881,-0.5974515968152242,-0.1813170930817759,-0.13389647704042779,1.4,1.4
-7.21271202403537,-3.882458880284159,0.3740789690040464,-1.5651779643322523,0.4758597558672215,3.39449647482981,-0.33276095882619866,-0.5779309687403854,0.2020564053579084,-0.36586648930125104,1.4,1.4
0.5091133631909771,-2.1681488138853497,2.102680801535602,-0.520712672716962,3.0249060216809975,-3.5637149076686865,1.3805787047793572,0.5363097287131972,1.447245322954032,0.9188978263505138,1.4,1.4
-6.385986944015922,-4.260297622403382,3.3373506237745443,-1.8996622632679658,-0.6361994637247089,0.3725902474809133,0.34289639792659526,1.3726830945227222,-2.0278815974794897,1.235770432420632,1.4,1.4
-6.328297960181852,-2.8717912928626292,4.277353765018184,-2.51816625736419,1.6654262142026934,0.26141834048456997,2.054330571999927,-0.2367373903193842,-1.262702532705387,0.5637176297299364,1.4,1.4
1.6351233621991084,-1.4924957822208333,0.8502113179836727,-1.0910795173325507,-1.9242687600367294,-4.775932098425998,2.3647728009495,0.15546324864883512,1.7835392187660504,0.5603145099188789,1.4,1.4
6.384732118667782,-1.63271633021797,6.137650305272044,-4.274224022750554,-3.9487598550146257,-3.8825412247899216,4.147235555848129,-2.9129045414517982,0.49843765660894396,-2.4881102387763154,1.4,1.4
4.886478407602929,-2.524550832818197,0.4598128251092318,-3.6506084226401954,-3.486953091048649,-6.27396470652231,2.4463573968253938,-1.9795550128765123,0.3409478426426755,-1.2331104569248048,1.4,1.4
4.375587427790862,-1.3271874709501823,6.29602112253238,-2.4336172125638327,-2.996452482553141,-3.3730934355470765,3.9497373077715823,-0.945972242004526,1.3402896695659734,-2.028843219677523,1.4,1.4
5.275179972987475,-1.0977940302388294,0.9444443195353207,-5.266165189510783,-5.642300453817949,-5.144002928159917,2.6701838133974447,-2.580276478340335,0.061412921272505534,-1.7666867581140016,1.4,1.4
-1.6286996465381767,-4.208512751939226,2.0893503293445175,-2.537397778700643,-2.4319151749973447,-6.429945154105899,0.20633218359808064,-3.6234038371795183,2.2354594433520476,0.21238713170150675,1.4,1.4
-7.532156126041588,-2.9612545695231276,2.785786946108456,-2.362691249514054,0.47813366815029723,1.014858166246685,0.9953186813755714,-0.7831372946907004,0.3079709760295886,0.35195616785055756,1.4,1.4
-7.945298962955025,-0.9671006300976731,0.2119675991072811,1.2852944561820816,-1.0638399560693956,-0.9329551314103659,0.6242718553345679,-1.3715796156291344,0.14605100977508068,0.4788965443321323,1.7000000000000002,3.0372999999999997
-6.410113173214462,-4.692396210467454,4.204116722367022,2.3556206650067457,0.511873706933262,1.9817188024577141,2.2796699962760854,-2.735401668201197,-0.5494881115946881,-0.7795629860988664,1.4,1.4
6.03353194962449,-1.8839374213036943,-1.5322170913883595,-8.107471717133508,0.1766296730107201,-2.248945994682479,0.6687811801968129,-1.5917888463814616,-3.0995171160896877,0.6498872310164507,1.4,1.4
5.920182272476896,-0.5910385208691333,-1.197842913769247,-8.196374328968584,0.7075712335601061,-0.6123422673924188,-0.05089390335757113,-1.0919322069856385,-2.3999631918198063,2.080233013286279,1.4,1.4
0.5699487599025099,-2.560089468450301,-2.209024542001275,0.5614773950688793,-1.6525446071549954,-6.02074160994883,1.2204305698455722,-0.6658429854617193,-0.14304699991592337,0.07233467569795965,1.4,1.4
-6.897906146741737,-0.894776115800384,1.6117284065318815,-2.846354880422585,0.9670002551746172,0.3863522103331909,1.0667223487163109,2.028891752228497,0.30231191598920526,0.3425224774457216,1.4,1.4
8.910256407709936,-0.9707503377872093,4.5651847345185885,-7.427690061004327,2.218718707071926,1.9079583042394654,0.8881301734266467,-3.050596883862394,-1.5003236731166028,2.527470312636569,1.4,1.3733999999999997
-2.395246052287163,-1.8986734833511538,-3.6062586938622356,2.6707292473488167,0.8552595982856533,-4.4677624118799715,-0.21298270895149746,-1.3594217911813173,0.7024088821747682,1.4515902678707255,1.2400000000000002,1.4
-4.809938871338657,-0.8718710671944886,1.6435294670392444,0.5608738589198002,-0.5789745507143741,-3.2272534258344154,0.6588063567831124,-1.0885485915513256,1.7310480654097886,1.1478947337570649,0.94,0.9423000000000004
-5.988097630769414,-2.386095673662264,7.315373819998189,1.1245767852573112,1.3198655151486067,-2.08695237453542,2.714811346560815,-1.262511977503809,-0.5430675002961498,0.7864754322213143,2.31,1.7774
-8.024199290106697,-1.7874498997784276,0.3467933687672943,0.852612705752215,-1.2353875503479783,-1.0535956445228765,0.745717512141471,-1.9304944204309742,0.05851537172352562,0.4047825739722847,4.199999999999999,3.0673
2.5046948808954164,-0.21993020631048021,1.8107743986271594,-2.367717826991322,-3.881627425511258,-3.5328186041888885,2.636723469154188,-0.18953289023042202,1.464485342082044,-0.6648966871008672,1.4,1.4
-3.5739092319580186,-0.05858447179671135,2.2700146606647595,-0.645576152315916,-1.8498625088945513,-3.8110161803245948,0.816782943335573,-1.0031460296498802,0.5788715011855202,1.0241058442069626,0.8999999999999999,0.8956
-1.7555109243384446,1.2533712554815462,2.596205103935001,-4.682091183573351,-1.7232707517819204,0.26516380861432637,0.5365043539334742,0.517242681061364,2.2348987429766414,1.492528680316109,0.9199999999999999,0.9759000000000002
-5.082977194871044,-2.9030403631714488,2.4891854907871624,-4.7622655393297455,1.385193187819038,-1.841186750658044,0.6648958003291178,-0.4114868221898006,-0.7571777683639286,0.12392115669674196,0.8999999999999999,0.05549999999999988
-6.278405840590824,-3.505762527070066,3.9890884055270797,-1.4431101793977235,0.8579242964426673,0.665669817331945,1.1389888327332425,0.44603946047957826,-1.611713565443931,0.7512154512208843,1.4,1.4
-6.54083122608845,-4.029284004764801,2.352732067665213,1.3634428867683268,-2.1132011687859737,0.7876276729665147,0.8736499486687457,-0.22176290064677,-2.295429093410346,0.38653577023295854,1.4,1.4
-9.459355518066323,-2.454290952398972,2.7743340703257293,-0.6827862537279913,-1.7296151584356336,-1.3169036660172855,0.1393510988821827,-4.603967231446179,-2.6139609629019085,1.9083497080477572,7.7425,5.0611
-3.6722098723489984,0.8421600741038148,1.5805629855939536,-0.2266792850244648,-2.125691721123342,-3.920688846032569,0.6349932575682115,0.011466476687975258,1.4864035794633303,0.9013697204199592,2.14,1.1800000000000006
2.3927519529368806,-0.49658755721094017,0.8361949334456397,-1.8179629240310726,-3.016785629899275,-4.0949692779671345,2.126837634143363,-0.511614542634888,1.4533724718631817,0.6570187741005347,0.3999999999999999,1.1372499999999999
3.106349632526533,-1.2705556019188553,3.362414256879675,-2.2427943657937246,1.4521934617012218,-1.5094171541205756,1.4702653948918554,0.3514695786226133,2.8258518612418233,1.3634027873881043,1.4,1.4
-2.1251432847042095,-1.8859259622853328,6.4564110267330985,-0.04056350803711814,0.32309771848806834,-3.5418987438937872,2.1120337486962235,-2.3761073508119064,-0.1920294679233086,0.7616686616229359,0.53,0.24309999999999987
4.655627843621184,-0.9476917849540124,3.269483017300687,-0.35615690109297365,-1.9905856203781334,-0.741241138376194,2.9947730267614467,-1.1316781895767278,3.460750842962715,-0.4055467110557707,1.4,1.4
-4.0270326662400455,-3.1931473578389977,-0.4784262683712761,0.9687171173434815,-2.9848530585870274,-0.29560453483059357,1.7754296653955455,-2.205377845097106,1.0887556428819973,2.5650564807351093,1.4,1.3361999999999994
-6.725925279070677,-1.9898379917991744,2.5329718710008726,1.0501445085004064,-1.1659054662077908,0.7705169296132577,1.874333460467055,-0.12406165894110945,-1.3021330446978412,-0.052196206984843736,2.41,1.8283
3.976934463822142,-3.9455733493893788,-5.983565533529963,-4.529446780865661,5.833620543414251,-4.0460338533459455,-0.8338708322411279,-1.5397828326112468,-7.4191676066683625,0.8192667558482973,1.4,1.3734999999999997
-7.162927034062803,-2.041996149709555,0.47170375622594246,0.5477679830834153,-1.7799938933855568,1.1394859815097056,1.6656937212462124,-1.2636728724456854,-1.4263116840027337,-0.49028094655511156,1.4,1.4
-6.885620111545546,-1.6995319331486163,1.0827749899978476,0.3031670297643477,-1.4310594718649012,1.0779668367333572,2.217519637672411,-0.5289183161347587,-1.2106245568252902,-0.570350826567108,1.4,1.4
-7.287839269861772,-2.645914253685794,1.1384426987720835,0.17189517785079303,-1.864465115854198,0.4950358715357527,1.8064062007397073,-1.693828318987979,-1.652201636999125,-0.2634118446722812,1.4,0.43456666666666655
-8.210428013154894,-1.1936504602725873,-0.32392642239419955,-0.7252496153459069,0.18422190320254128,0.07709154548789357,-0.2906846062668492,-0.609011666743908,1.0958503107188478,0.7715043291247672,3.3800000000000003,3.6076
-7.135846214870185,-3.9425190536039993,0.3200616132113455,-1.5953105491407789,0.5246710367230456,3.4776777300508397,-0.3799164371474759,-0.5608009555664559,0.26289821358419,-0.39747983034244044,1.4,1.4
-5.7835684080495025,-4.577519147887921,1.4047845755833204,-1.442055467334303,-1.7042487769181245,-3.128487816554558,2.0214034806518155,-3.3095197069413382,-3.48788664660691,-0.9322496343849956,3.4,0.9717250000000002
-6.762571932236117,-5.291303921998119,2.4656246750582693,1.2134460153190094,-3.671373469881964,-0.45120848132977637,-0.6850064740058553,0.3219085792201666,-3.7232176908605052,1.4029819425302414,0.6000000000000001,1.39954
9.649258514876996,-0.3901538832421074,2.943225185962636,-6.114692164230991,2.650417705326235,3.2892808450309605,0.08150262187307514,-3.3037866414563504,-0.9303553005648831,2.6407041511089804,1.4,1.4
-4.053671748370274,-5.272173917968572,-1.1602604499813491,-0.2539843269026378,9.632920186197454,-3.19047846135164,-6.39168781144008,-5.197422207879685,-0.49329253375972054,5.878969546391899,2.04,2.0327
-2.7091030590176253,-3.3572358660425214,0.7075589741730604,-1.9674628338794269,-2.726287022017484,-5.130817400861967,0.520859113377355,-4.317057307948611,-1.926029705356327,-0.4923743010329201,2.4899999999999998,0.7515000000000001
-0.3407396426723854,-1.7222949107263155,2.7350845402870996,-4.07675918486086,-4.093593362536361,-3.5936437782189223,2.8196985808069592,-2.3192198826175465,-1.0559190333109654,-1.6163286341807697,2.226666666666667,0.5311000000000003
0.7754036882556873,-4.044644057879594,-1.7659951905823368,-0.6578425674757165,-1.3233673051985657,-6.330981448085594,1.0049898158673534,-2.662719724480845,-0.9431456091013647,-0.49245989400490614,1.4,1.4
-0.4495482041018427,-2.580296185014167,-1.6655952706643449,0.44353277593734064,-1.4582350180693575,-5.259161368580526,0.5372455786014062,-2.2455027522039277,0.22523992847923396,0.6102800301405973,0.09999999999999987,1.2437399999999998
3.428458436951942,1.5514020979907654,1.6108090615970692,-3.0304176987235194,-5.515558936499319,-2.6993846241445625,2.0629377560187283,-0.6336393735439337,1.575165124630526,-0.06723157286369913,1.4,1.4
-6.808879157892463,-1.4607911425086921,3.0694756996766053,-0.20397537912809083,-1.1406365161705447,-1.5902911913806816,2.6296679456300596,-0.014740581955585145,-1.3526918746993668,0.11134102324216213,1.7000000000000002,1.0276
-6.657892899286079,-3.3574785553281368,2.3948604357072303,1.255145658420697,-1.3599725499360213,0.8903360441001307,1.5119596492281016,-0.8754624326038044,-1.9083912854755674,0.08599303209539652,1.4,1.4
3.291796130101452,-0.6016175037179111,1.7438469184384229,-5.159396926451124,-5.587498378934852,-4.146519104663051,2.546598077358426,-2.772395755809337,-0.2991695820272818,-1.546123823900135,2.0,0.2125499999999998
-7.340804244504068,-2.0149635113197637,1.71162880681226,-1.2764519715586817,0.9556918746524522,2.406904536458243,0.7677802722310014,0.13997824121440172,0.05660009601032585,0.13028946587779525,1.7200000000000002,1.4743
12.922272764083141,-3.662617749750948,-3.491187214932289,0.1336458495978832,-2.9993148243555203,0.6975404681343942,-0.19751995708160439,-5.51496419524283,-2.713600396125906,-0.783400992556032,1.4,1.4
-7.4124875323080435,-2.7234287254704985,-0.4998441315203086,1.4913939473751576,-2.298997242418661,2.4233253428670687,0.8937484999027024,-1.6252652446395663,-0.9369430357071177,-0.8667968456754328,1.4,1.4
-7.256517615518085,-3.3713625505437603,-0.24297158697136462,1.3078663365571865,-2.3962641000759652,2.2063569906353293,0.9908647115248597,-1.8684628348318095,-0.9289353144020035,-0.9307925468667457,1.4,1.4
-7.354597016678956,-3.163562126895477,-0.21985743963193372,1.3231047070503796,-2.349788032782405,2.1826712397018704,0.9801015677443465,-1.8069778915350194,-0.982650945061736,-0.8593617438208239,1.4,1.4
-7.386434587194813,-3.68015749354833,0.5151240363681641,0.8682371608877094,-2.349594653215489,1.4531338991896487,1.1912013957426741,-2.1521124616696024,-1.2496084659636444,-0.5776431191339471,1.658,0.2527454545454544
-6.124035234427524,-3.556336760371025,4.867176215081785,-0.07679227749523308,2.8572921120037384,2.0231453241482065,1.9270598005699227,0.8831427136992832,1.6514904921950029,-0.4265745054535936,1.4,1.4
8.629636984876393,0.8086043165386047,6.027303487800682,-1.5210149258569785,-3.2935562423914484,-1.6992988116139225,2.9938184464598936,-1.5902767695822286,3.2563019433010543,0.4537114191132453,1.4,1.4
-6.237893944219879,-3.3961656552938337,5.016061258370296,0.9106494606853464,0.3550539421839928,-0.8570493037230096,2.5846727317705627,-2.9408659570393456,-2.643801211277584,0.09080225193026165,1.4,1.4
4.293293247044843,0.34027471199180925,3.6128351776024794,-2.1519212129207657,-4.051013295443283,-2.4895668531162047,2.719750895937602,-0.9711555720613327,1.6338936514380042,-0.2951085172811165,1.4,1.4
-6.992054700486333,-2.8013231144097737,1.0960881110836396,-1.744012590090617,1.059340147083416,3.1624269976052397,0.5025916499425441,0.3095539305176688,0.40859349414781126,-0.3101050526664228,1.4,1.4
3.328608795123756,0.6277544213621492,-0.827136958642825,-2.8477933114322114,-0.8622188969389946,-2.248663682801921,2.5754870288974887,-1.8691657703070275,-3.6256577730653694,1.5425827374862122,1.4,1.4
-5.09756296894688,-2.447188557319427,1.4872518936442822,-1.5529437966987836,-0.773948217601622,-3.4950395379308703,1.9437154837652393,-1.6724500248305094,-2.0359531740037107,-0.2892620979117832,2.5,0.8347000000000002
2.0780753261752793,0.07422606880466502,-2.2222705175874427,0.5494470953025747,7.21107816533494,-1.2056146557687022,1.5674534842900414,0.36734113545649044,-5.001977100596934,-0.48813856279933804,1.4,1.4
2.303012014246859,-0.3360460942025962,-3.7356219229379906,3.3177875729478337,5.472737774328237,-0.8973111442133511,1.6018068197180173,-1.3700344241076268,-5.2594951857651635,-0.8761732230270836,1.4,1.4
0.20903751270791635,-0.5743942198401102,3.7308442693614245,2.387778810080933,4.721720282648238,-3.0688747029627272,3.0726493992489976,-0.06301266224014702,-1.880968413332893,-1.6563654728607962,1.4,1.4
2.759372384778697,-3.396914724271458,-1.0386916841949296,5.008276909355101,6.595971538550531,0.5390123437543558,1.5981293212416756,-2.14917352100061,-4.407427663724419,-1.7412378009315157,1.4,1.4
-4.095646747324326,3.208862118224011,-7.415165903229323,0.833372347522015,0.8594354332618491,-4.27273433684848,-3.143218694106193,-4.005872105626429,-0.5468523254498605,-0.8000439524588874,2.4,2.01295
-1.457274041377957,2.590015899212274,-7.65493787085897,1.8703292841411983,0.7963851006940933,-3.5845227624157476,-0.4605252413272137,-0.2946591361632952,-0.6057645840943947,-2.2459234567525757,1.4,1.4
1.5706422731420993,1.6874861720635046,-5.255893978344396,-3.4313456181220023,5.630052120369839,-1.1651996055148142,0.040739880048351294,1.6671725060707998,-4.563968969472149,-1.2276971098454015,1.4,1.4
1.6565159362876716,1.6128422205449529,-8.549807673684079,2.7399184633372893,0.3932286433436346,-1.081948919067149,6.695810408225223,0.9173421875537117,0.18284923272014725,5.366483361798314,1.4,1.4
-6.403353625336809,3.8164457182638247,-1.0005313721144788,1.211383894466606,-0.4949582651433235,-0.16597632633025122,1.5242538066730762,1.6301934032220615,-0.9847471756942079,-2.4129382542814954,1.4,1.4
1.909877648185309,0.6676453814424279,-2.798573343239979,-2.27913561127296,4.455504374710139,0.7939429322879592,-0.6971370006180225,2.6202162284381862,1.5293617115374443,-1.3655983524263366,1.4,1.4
-6.123182871607781,3.91500759817068,-5.122479819027492,-0.3645989545266585,-1.058087486928332,-0.02405594455398268,0.7778996690744454,-1.5439830010474234,-3.4445352771303472,-3.998123258848376,8.99,5.99085
3.7376958210516764,1.5153391592039518,-3.0891932915759597,-3.414424463144035,6.030047767466589,-0.017541302713928904,-0.6174983699493463,1.5203558550677256,-3.7244370635485,0.4237362644260713,1.4,1.4
3.9898657480823783,1.839675736827385,-3.18965130794842,-3.511626477900851,5.8445018266463755,0.13337501764838253,-0.7302864403541529,1.4768805793856683,-3.6500585809993606,0.5916686311647277,1.4,1.4
-4.451150154667984,3.1657587004514616,-4.75172224753673,-0.048547169932924836,-0.4483008089967627,-2.487036750967513,-0.44005991475677586,-2.501855741070446,-2.1440249020596203,-2.1480413623453978,2.77,1.7453000000000003
-3.3910708360735393,2.4802440043873304,-0.8347854368057017,-0.11930105900699244,0.6367681910633617,-1.9464193733780162,2.055669139946853,0.17817338158692325,-1.902142158791233,-2.8947895870462657,2.6,0.3624333333333334
5.106708582687635,-1.755536601254038,2.254229928149497,4.847116093575737,5.0875989760022495,0.6686995050280902,1.7145349975459705,-2.3426477228706877,1.9364929245418427,-1.2884786792524279,1.4,1.4
2.1853744682939684,-0.27504736392473783,-4.168408455966072,-1.709964089135379,4.6912299059601885,0.05985784134113408,-1.543913506596445,1.2874106413491089,1.3185461591031784,-0.8009471884565228,1.4,1.4
-2.5586942036505955,0.15503044928402554,-1.2281394975122777,1.2088505176929447,0.5949472848617925,-0.1990521338420918,1.5827679882053856,-0.18790466620271684,-0.9842589410608161,-2.947895032384464,1.4,1.4
-1.4184531802687474,0.8862627294134201,0.1281689167922907,0.6922538627276799,1.7620182798355155,-3.4680606662188174,2.1171289789739935,0.22262551179216816,-1.7233214471792475,-1.8181015128344564,1.4900000000000002,0.6173000000000002
-2.6919647346283524,5.2421453514999,7.709622202836109,6.804231862585451,3.997365428724576,-2.4804545049419695,-0.11616017236341836,0.8705037814416254,-5.262135954450149,-0.35723027614462427,1.85,1.4
-4.504800071517686,1.5718754530960204,5.2993851450977205,1.9280038973035734,5.181965181749044,1.965180603584189,1.0077283934400363,1.825900771139912,-0.5523614900989627,-0.6833250718307698,1.4,1.4
-4.7474612984132,3.9471757497641695,4.617029029337285,5.745315377160118,3.746974885581039,-0.7289195109462389,0.41568225619128424,1.0135204162961653,-1.3490337969332886,-0.7109429861529053,1.4,1.4
-5.079805926321613,0.4340251302989774,4.128055005864838,2.1300279216026423,4.453099605418598,3.1675381919477514,0.7501395255677159,1.5622210593587222,0.2124025368478871,-0.985255440371054,1.5,1.2389000000000006
-3.778199916389695,6.303594782490751,5.022416131346701,6.136641956531911,2.922368980324358,-2.2729797464176467,-0.7823294911230269,0.7099724215704566,-5.308915178239667,0.03547870430335997,1.4,1.3970333333333333
-4.562260386580627,3.724072436898382,5.739942788122874,6.631160350187359,5.333620274337797,-0.7246946446903412,-0.6383745650070607,-0.5541455470952439,-1.0489365262552994,0.16302286400391972,2.02,0.41280000000000006
-2.3489996212705377,5.261836283353305,7.996773039903268,6.804441892620786,3.928809181957776,-2.1568077545542135,0.337645476519854,1.199802396580172,-5.555613670377303,-0.6807272028121201,1.455,0.3220578947368422
-2.8446071761409977,5.656917037481875,7.042647739107087,6.656527129723852,3.725603074653577,-2.0571917660379637,0.19876330556743702,1.2700140903451989,-5.71028485308832,-0.6114017550841214,1.4,1.4
1.9052491744207514,2.2951650694815684,5.031712525263557,-1.2201430849128874,5.266996932850813,0.39488861159609956,-0.9969348998464355,1.6884454322584215,1.4811304597823298,0.31622628258287894,1.4,1.4
7.4491193501573205,8.073570329124331,5.564760918597593,-2.6773951570960417,-2.85596688371587,6.901565260660802,-2.1757065440788277,-2.699806330615684,3.027794052975093,1.4591939149655733,1.4,1.4
0.2804421426201317,6.27229830943425,7.461974617668919,5.880036319365081,2.8466739865801913,-4.083260545676119,-1.2313685515870083,-0.027625907470304887,-3.4111190110563716,-0.03159677082170205,0.08000000000000007,0.038200000000000234
3.1777164486834995,9.51885439701341,7.434136870781236,5.240324575268188,-0.37057831055560625,-1.137351852897867,-2.123471296566164,-0.7451146442931443,-3.4584643286348213,0.8418943427716544,1.025,0.6503999999999999
3.960674206948609,9.26944639382878,7.2190217148153275,3.855538657754895,-0.7602072603182791,-0.35195732647203815,-1.3950015978020833,-0.9218554879524459,-2.161639845890422,0.6774517793645964,1.0999999999999999,0.8523999999999998
5.533819919436047,10.160861825852132,6.860269920839257,3.1752835749591397,-1.9236871392523136,-0.2881332418746024,-1.5353250774934284,-1.1270038325749387,-1.7568242900777213,0.6067253264914263,1.15,1.1332
6.475687407905442,10.56186255592593,8.552935818162036,2.8665708150275586,-3.4635977823013335,1.0092003312563183,-2.167031253847438,-2.430162731146522,-0.9763268625087292,1.1225614896469338,1.4,1.4
-2.9700891256686264,4.825082077562147,8.287375453852874,6.021165152682731,3.5767724730093176,-2.2083441935576187,0.37011046116132457,0.9894570986433258,-4.25532156762898,-0.17450588566707884,1.3599999999999999,1.1767500000000006
3.2727167050696897,3.8822953483327782,4.870678791012164,4.0785527614559935,1.0025990817496677,2.4370229764292306,0.9677633259515787,-1.0605408618574264,2.11044002680377,-0.6568643188345753,1.4,1.4
-4.23535370673805,3.126220338269023,6.277179436789028,5.783669627515529,4.5007760941772235,-0.8359829699434623,1.061871485671323,1.2084708411840421,-1.150513175544344,-0.7658658607792586,1.8000000000000003,1.4760000000000004
1.501762820270296,9.648211054046522,7.285791004084219,4.219842698988968,-0.985097683860258,-0.6277611477081708,-2.4926881545722854,-1.0544320314203168,-2.4405954337879296,1.3498829813151616,1.2600000000000002,1.351866666666667
-2.3982062730269726,5.406954889217979,7.528205900252531,5.56908156359541,3.13619792401188,-2.447757433241107,-0.13492211950233787,0.839078353999019,-3.9485955456093604,-0.09235672302097826,1.52,0.8700999999999999
-2.9738312893253096,5.036049336126123,7.418531956862717,5.999251336942467,3.7529690503014193,-3.0286041327985664,-0.6053368111401427,0.4498646206427483,-3.8950425963386714,0.017093535571946622,2.06,1.1583999999999999
3.8913959681024384,10.547816801259799,7.530179848226509,2.6783893261480487,-3.146818359094729,-0.46131338861693555,-2.3765863667858964,-1.6885272231591344,-1.773608653903614,1.314016562136461,0.5314285714285714,0.4106749999999999
-2.188344421864632,5.1621195366308115,7.888105169634915,5.269001691102336,2.8180900479171034,-2.513287914106633,0.08244184866247155,0.7108586929489304,-3.913833792326269,0.04049297074141841,0.605,0.0833000000000006
-1.5370779181301064,5.033291278715042,8.336210665172054,6.747562963763255,3.923935124337543,-2.499682402682382,0.39019099627058296,1.112850844960741,-5.399858072788288,-0.8736066731432084,1.4,1.4
-3.54596012155509,6.005879648459518,5.680914236431171,6.309596122290525,3.2101676399466785,-2.384048741999225,-0.6345994433569528,0.7376598576096489,-5.275297329344939,-0.06499809737220312,2.45,1.5009000000000001
-3.6646460939805023,3.953454379962153,7.708317035667377,5.347536383079725,3.9493357382349394,-1.930799494723663,0.5117826193991644,1.1020240798558891,-1.935828783776434,0.002671022280065014,1.0500000000000003,0.6680000000000001
4.9400546636075555,4.698643333997746,5.386069406446106,-2.2357131325251447,2.7627017624200554,2.733500511499114,-0.9533412638041816,1.264739347005817,0.9011425462489144,-0.0018448595855594743,1.4,1.4
-0.14062028383891131,6.4586257599557415,7.41691907360404,4.904270488732654,1.9130590217484693,-3.2900456070837345,-0.721247844012526,0.38023082750382525,-3.1040706329865713,-0.4450981165991114,0.5,0.6287000000000003
-0.8952436031846471,5.948536531955634,7.429944127850425,5.240264785264059,2.454133722587034,-3.593355629349088,-0.9086922393593536,0.0934013786946921,-3.265191262209818,-0.45077788327108853,0.51,0.5601
0.2974980843456328,6.383489140611447,7.559222011724947,4.546590757498769,1.5357710587672124,-3.5500653558185515,-0.6243798956163514,0.20009313275223806,-2.8954533890510485,-0.13816451428978915,0.19333333333333358,0.4669000000000001
3.6781892001199163,9.344411665514762,7.629105494610434,5.236677679053929,-0.32704208135928536,-1.2069021918920255,-1.9459835485861177,-0.7316195273739196,-3.4915935818882686,0.5667428658949623,0.9999999999999999,1.4
2.0931920489456375,9.086408706834952,7.423528270374623,4.373040491281497,-0.5850382008488673,-0.8110755881830729,-1.9399990187525564,-0.775011265391214,-2.671076873385946,0.707378637231249,0.26666666666666683,0.2912000000000001
2.6289513495873194,9.150936367423462,7.474523134813088,3.881204820229524,-1.0963966916162053,-0.9682845686671453,-1.710878656718475,-0.8622302594756283,-2.497260766706479,0.9455519674069894,0.09999999999999987,0.17450000000000054
4.14468369258719,9.766687054326743,7.374803441174105,2.427779431140499,-2.472009814852614,-0.09890549210290096,-1.5366899233300377,-1.3940811324635336,-1.4318593214684698,0.7398570858626574,0.94,0.12580000000000036
-3.327004806705644,8.686964239578213,0.7000241981095264,3.4315131921826016,0.697682845330198,-0.8971096973312089,-3.7126664851924227,-1.5732396476696722,1.196214066783544,0.6389114976413905,2.3000000000000003,1.5089000000000001
-1.8517719376999517,7.148682685913632,2.8077261099501825,3.415826299818161,0.5914453813802595,-1.419614801650605,-3.377911894883349,-1.9445555338614204,1.879564756895272,1.4928082580958124,0.8599999999999999,0.2997000000000001
2.8218256148787293,0.7609993146785426,-1.6472514742990112,-4.870928916534378,1.0147815276716354,-1.984533703053623,0.2554579833119413,2.1208279631579163,1.0683480431310826,0.17919414982822088,1.4,1.4
0.4132857393018312,1.2542914026649408,-6.119434873031402,0.9351833401827524,-1.475772107348405,-3.060664723584099,4.072600933524088,1.4267938196661243,1.187861982126271,0.7930750733149639,1.4,1.3523
1.224733303911079,0.8658494315180311,-3.4469413013591295,-1.2298949343974486,-1.0084415018464128,-4.463136525428727,2.6080990521860525,1.555609085832186,-0.4022640376070333,-1.9049847099786104,1.4,1.4
-3.9460847789862425,-0.41258368260273703,-6.309079744060428,2.1242792615412096,0.5810384695280624,-3.5808184939076724,-1.9918953971846607,-3.3141126313062816,2.5354219645383194,0.7127200438223185,1.4,1.0885500000000001
1.2213110598524397,-3.8968130182648366,1.7099808422766958,4.047657814630223,4.884666010891149,-3.0910642402133632,2.5276439080693742,-0.41416051886366395,1.0060752959010488,-1.0445294975888357,1.4,1.4
-4.948120596669982,-1.1854791505551627,6.973347418547305,1.944155210534961,2.3363878986453672,-0.8129174809621139,3.7655422589722702,0.3008975094486797,-1.8143944293186673,-0.7150429453098156,1.6800000000000002,0.30883076923076924
1.9734816086893652,1.1871149212779162,-4.829529836389404,-0.7934968655350357,-2.0662308443527566,-1.5050624301978968,5.287158848169064,0.4655974304290652,1.1869455577405656,2.220444082232172,1.4,1.4
-4.343060111552573,1.8192197358281788,-3.2790511430885143,-0.40210814390251853,-2.705476658276564,-0.6792335094198029,2.935543195553597,-1.7485367737687467,0.6686029075452911,2.901188403835756,1.4,1.4
-2.7939475491325605,-5.037650037633457,1.0479648934051475,2.9711434195512054,-4.130914998133713,0.2315351048280699,-2.639700555675164,-0.6929387978788566,-0.2758320676044711,-0.0250988185032466,1.15,0.00140000000000029
2.496991915009057,-0.07516183447741366,-2.433797950167336,-4.202456007227835,1.3780884747917799,-0.7154985566453691,0.1598712648907474,1.3352994075364413,1.9293510974381753,-0.49094763522371054,1.4,1.4
-3.7966603801384324,-3.1058728416833543,-0.3355304103940367,1.0549833662252468,-3.562349997187812,-0.8245177439742556,-1.0081950543787044,-2.9655826935503518,0.15265897724946545,-0.6821283198292543,1.3000000000000003,0.7455000000000003
1.371435093607616,0.3532104795074563,-3.0188202723318778,-1.6639392874963301,-2.566135382815358,-1.2538816189639228,2.466937312109654,-0.3701070482431194,0.4100017115594271,-2.18158640181686,1.4,1.4
-3.2688137507531523,-3.5818385897572593,1.1755307227121994,1.2861468626012473,-4.3100830397568854,-2.3603386437580514,-2.7362850598346307,-0.5156487794145178,-1.9980216293687982,1.3567056516785356,1.3000000000000003,0.6613000000000002
-6.95127594167523,1.0423164139841343,-1.461595246083548,-0.38615517733076343,-1.5557224578139057,1.1356643054899098,3.3748751341610475,-0.5128447234293543,-1.432807902624804,-0.3633083039846458,1.4,1.4
-3.2660455791506418,-3.8187267007432397,1.0429112600688322,1.3035413639977367,-4.738340942168048,-2.376133677254371,-3.039698908046039,-0.1278212251828842,-2.146617221270772,1.494010613971955,1.5,0.6570000000000005
1.2609305235464605,-0.671600645234563,-2.705463429714196,-3.8828378187274866,2.7803504441811158,-2.7827880966363963,-0.17138777808189481,2.482985789732702,0.30422738837339425,-0.43394534432274934,1.4,1.4
-3.216190753793979,-3.0833102641075363,1.593629468499865,1.2231292751321954,-3.4368614718079353,-2.4371031674606094,-2.0600955130486907,-1.2432666633575422,-1.7552058394987162,1.0938353348433012,0.6499999999999999,0.6834000000000002
-4.410263830855106,-0.14900076306765944,-3.360487870119972,-0.017147350839901505,-4.045176466371371,0.24656525029619483,-1.062218574343356,-3.1461424869108194,0.8197704046973012,-1.2049063495425107,1.4,1.4
-7.317298054939412,1.2477794583725133,-0.3165567996183228,0.11688846108371848,-1.0313979090968255,-0.4121998784267625,1.7305549988974263,0.22773352574124267,0.24060309119266118,-1.143745407786562,4.07,1.4867000000000004
3.4762415592456315,-2.2039426367409938,6.079670287221013,-0.7798858615683268,0.4780203187762025,-4.124699845979975,4.554417400909956,-0.3991694808598789,-0.5815467518472962,-3.8326791412685206,1.4,1.4
2.292794698749951,-0.2759151440577505,-2.943439534773846,-3.034869047372134,-2.848410769425872,-4.792105302868085,2.99020983363072,0.2675423204340161,-0.12846173836448607,-3.5973852693342936,1.4,1.4
-5.270765518811825,-1.6074715255547478,6.373521064178021,1.4173398049697936,1.7623586997601062,-0.8162518910039823,3.80751202925896,0.05783661562428207,-1.6792551604625017,-0.9108128645402528,1.94,0.9072
1.4565890438963367,-0.2837988755741219,-0.961497206824711,-2.677481076741069,-1.9972870811871988,-4.090502170865783,3.02388805820549,-0.23151753333658465,-0.9889443273211698,-2.5313757929780216,0.44999999999999996,0.5470000000000002
4.4796822456709835,-2.3916591011886084,3.3486705224795257,-0.8094165087183102,1.111555774414866,-4.895510817158463,4.128892638678212,-0.2221239546378793,-0.7175376423267438,-2.6572549025504326,1.4,1.4
-7.006311300259206,0.7655758833532187,-2.6438383323745964,0.28192717552561813,-1.900447927817671,1.7665443750010843,4.978277599635746,-0.2496893858400598,-1.1982122072461305,1.7089577497238535,1.4,1.4
-6.384496176873512,-2.695271067756185,2.989229781509847,-0.18960949873087932,2.3618650885148917,3.2631408849661514,1.8142606965624604,-0.1124025926312285,0.24669001724802206,-1.1105217447596851,1.4,1.4
3.1420734466641695,-0.35011851935330873,-3.309811563108136,-3.270791483735561,-2.5119577013918413,-5.682424424191774,2.7047524564554712,-0.596969641900207,-0.6915703343380916,-2.9061976073043345,0.3999999999999999,0.9548499999999998
-3.5978418057225343,-1.4484008883269675,-2.618633350167379,-0.869709918431502,-0.10853821324579492,-6.477156429800307,-0.9941047377313164,-2.7718571577113242,0.7067364549210917,-0.25497476838624905,1.4,1.0174000000000003
-7.066851591508072,-0.14734337971861017,-1.9263278119535217,-0.08505147442376473,-2.4958908670178164,1.6844632484316298,1.4823590131756046,-1.1356351881684803,-1.4946252741854396,-2.018017918433627,1.4,1.4
-7.40571668921788,-0.01613373528021068,-1.7632148710758655,-0.36871792842735124,-2.7727654841671328,0.2830475016764451,1.7483417003971045,-0.6781813453427638,-0.451729117423304,-1.9860718359562728,1.4,1.3877000000000002
-6.17902924289362,-1.7747058009587733,3.2667796545626038,1.6523293545038,1.1634868246052308,1.4526864208660453,3.832643717814756,-0.9603485514113427,-1.0006145266060988,-0.38482219991478567,1.4,1.4
-6.108884736018541,-2.3645643340787035,3.8640725375321767,2.3496906918058684,1.6391413642071717,1.9291858249839613,2.783876810896571,-1.635049514561941,-0.743572334208742,-1.4630701535295971,1.4,1.4
4.7182776179220305,-3.004453135100831,4.231746868008494,-3.4140537678999587,4.778500659037916,-2.6717705580568327,2.3218983991504043,1.197346484436731,-0.2141079753180706,-1.6212935933835342,1.4,1.4
1.5144607816529692,-0.9776818368211518,-5.786582778234328,-2.3066495799319657,-2.697466289758009,-5.556375674023016,0.9356173148619323,-2.64698636770806,-1.125390331840601,-2.337252918172722,0.5,0.97695
3.11433912899672,-0.8890700028540496,-1.3143315412579184,-2.586659296851504,-2.1753985705786167,-5.296527440142596,2.9612092007558837,-0.09937677728382684,-0.813772949742787,-3.526942512145687,0.4999999999999999,1.0398
-7.763649802721438,-0.5595545622405103,2.214384351037412,-0.5329137625468121,-1.473601277502991,-1.6281152407453132,1.2493711415569493,-0.7785483736661639,-0.0886414518621399,-0.06249432194120977,1.4,1.4
-3.6962657087298214,0.7561332432127208,0.46872766538426514,-1.0735146065336973,-2.527565204098557,-3.375003711321389,0.6823390162654032,-1.1828350411253092,0.5045784263894701,-0.47647378996507184,0.9199999999999999,0.07505238095238087
-7.180663299728853,-1.501738312131573,-2.7627979767218087,0.6115673792123586,-3.2208424776563063,2.762795153643887,0.7830814372066124,-1.8163701930007758,-0.977584801210229,-2.479870473431351,1.4,1.4
5.31949263868474,-2.3886003758861096,2.7345849939067337,-0.4095072809673328,1.2455683282165981,-5.416056188748582,4.0564269016852785,0.3839014432910153,-0.3086372421700672,-2.686437490896578,1.4,1.4
3.4291841290639735,-1.796049242850246,-3.3057187530938634,-5.350686675875011,1.2494238485708342,-1.4740744348385733,1.198627357232804,-1.1561006061892223,-2.799555840719184,-1.514960812923752,1.4,1.4
-6.525966677061562,-0.6874483283524497,-4.123707744216362,0.9517810949569832,-0.672018255085052,-5.045149659108251,-3.721527926231238,-4.842748648264156,2.572883695108024,2.1429587884757377,2.6,1.0178000000000003
3.4163147467930495,-3.060677181330391,2.598337678937721,-2.746631962014788,3.234449705580397,-2.3780153798591193,2.465141452379156,1.1823469202321217,0.9647859297073595,-2.3871078008541486,1.4,1.3679000000000001
1.7551369086081983,-0.3112557648027063,-3.0918033070028867,-1.8899802591555808,-1.6222581866577637,-5.633473970567485,2.5462645118820744,0.6404521686387125,0.14965131958537148,-2.6491283496934575,1.4,1.4
5.58121431997519,-2.986362652470487,1.3612966007360592,-3.9549325589710396,4.404312686730965,-3.0924337803699973,2.579915346554069,-1.1545903662341028,-4.002424228307675,-1.1464407345223018,1.4,1.4
7.411805851595628,-2.0568515455520027,4.560658953928746,-4.881294640099235,5.660438438146185,0.8704956332283499,1.269450150464542,-1.36003613831824,-2.347978336756938,1.1139760396425065,1.4,1.4
2.5717051731587386,-2.3201757039707758,3.983690852838982,-1.3455215134944052,0.16196481540745503,-4.20992713269054,4.347439009171653,-0.5013326900625537,-0.7708685238326441,-3.1421396285553715,1.4,1.4
3.126920595217569,-2.153377024740559,4.281803379630712,-1.292444629199687,0.03473680115424258,-4.444731950773682,4.321335480271621,-0.39385925224139645,-0.7831150207568721,-3.498628169817664,1.4,1.4
-7.63199164634901,0.3159892923589534,-0.3995860977985246,-4.106285771920619,-0.4669831234170301,0.19971003745838875,0.25863361582491196,-0.5888055067029632,-0.370684868986254,-0.2928159961304729,1.4,1.4
3.7105993777682746,-0.9490507310387646,-2.4200604451455243,-2.3441190431434915,-1.732889101194044,-5.4838527706190865,2.877783339347669,0.17762703830903434,-0.8047296465335707,-3.151265894504746,1.4,1.4
-2.9032216987540647,-2.0042365941375095,-4.512903092936818,-1.6096678859333615,-1.49908776536896,-6.6467325397560275,-2.2593019428137384,-5.681047393810027,-0.15178307921105968,-0.06841635036171344,0.15000000000000013,0.32478571428571446
0.33630417012576086,-4.015060714252392,2.943272544549837,0.47970430278396525,2.5349535361620115,-6.725627178576475,1.0091393903683405,-2.7196281601409624,0.9231847413240386,-0.5453140887835299,1.4,1.3561999999999999
2.7430187368467807,-0.7996905729348837,-0.6342533197435624,-2.8865233620910793,-2.3097920789626367,-5.194641130879106,3.092242433001311,-0.4445564785993994,-0.9975564207686661,-3.2991607845068023,0.0,1.3135999999999997
-1.2296985188818015,-2.4081404627676384,-1.2441348671848638,-1.5338104456229553,-0.2648245722933973,-6.43446615277601,-0.03145696319675158,-3.080601301112968,0.30835767651684015,-0.6399709989563448,1.4,1.1951999999999998
-3.653214293282438,0.9488458272105252,0.5901886565306678,-0.929893024628153,-2.3943180010923615,-3.3809511647552304,0.6558000527597151,-1.0490769589802447,0.49058673122259205,-0.40678889219089054,1.4,0.9223999999999997
-7.697723125238205,-0.21549757664940986,-2.487500045723965,0.4297575967361193,-2.8679433626365873,1.3610640301154306,0.7095238213637224,-1.3942961658773398,-0.3603735150538282,-1.7509973725219616,0.25,1.4
0.4873800421426262,-4.023288352177984,2.6860918496671995,0.6945764406858439,2.421083724624398,-7.013761431715038,0.9387267714625643,-2.2551418437479347,1.4721409038583593,-0.6142073924702393,1.4,1.4
-7.314600257602766,-1.9086900255764265,-1.256757478764947,1.503988478182331,-2.261716268835133,2.615682442043112,0.7432590667234139,-1.5736433399533867,-1.1140404154716224,-1.9128848138188717,1.4,1.4
-7.736773872126285,0.7744551948739326,-1.9411179381786894,-0.6881346690068194,-3.0135540851268594,-0.7146329786058168,1.2963229280922424,-1.056362087126475,-1.2966727631790518,-1.4604528293203318,1.4,1.4
-5.073760253446584,-1.3640311577712105,6.750397430997612,1.7382424096221347,2.11501892731745,-0.8191416762413262,3.789044671513171,0.2090297280050781,-1.7575953603668302,-0.8005983037582964,1.3599999999999999,0.03330000000000011
5.612323450588496,-3.10774043458385,1.7026625109235412,-4.007918065741395,4.5964184131186245,-3.0139877931178614,2.5672052190259786,-1.0996618621249712,-3.9436828923102305,-1.1605992880974376,1.4,1.4
-8.8720529968145,0.07496051683447157,-1.827136941858512,-0.3397645931462555,-2.4803194807617097,-0.4843358683871016,0.4916832919725692,-2.2344354797167942,0.1229235954349403,-1.0937621086854046,5.130000000000001,2.9904000000000006
5.920936529076847,-3.0072703966403167,-0.6848766461256084,-0.39977029598268865,2.5401563984223112,-2.7883884997301775,3.091173556531467,-3.1898060852966554,-4.1457855905957235,-1.7565104134544933,1.4,1.4
2.783566567697979,-0.8246180876521765,-0.7473151825112692,-2.9142741702305464,-2.281921036883779,-5.213185574559329,3.0930830082657894,-0.49102357600056173,-1.0717624231514686,-3.289950453392397,1.4,1.2793999999999999
-3.6225464389765047,1.0811420776314788,0.662898066536613,-0.8362087475638995,-2.3056435742988857,-3.3822712341838734,0.6360334274316078,-0.9651180904295945,0.47429260450183336,-0.35593813402555,1.4,1.4
0.9131477178225484,-0.7684857987336413,-1.297396279157817,-5.5924884472831256,3.315916508995562,-2.086495994642805,-2.1075694018916957,-0.4131510488770954,0.6061455582158004,1.8889747903731233,1.4,1.4
1.9172275647002268,0.30682879530102686,0.14069185184872574,-4.004204809536898,-1.1619951630828134,-1.6796278372189122,1.5582133381933703,1.335287202572381,1.960890517475899,-0.8573385838706203,1.4,1.4
-9.04943738386366,0.7143475664476655,1.1985885099402398,-2.8627714477375914,0.5221134172608599,0.9381290936016738,-0.4504796180457332,-1.0417021992782736,-1.4164434755351978,1.07982102686683,1.4,1.4
8.043515821520622,-0.1884624497904532,4.0403085390922175,-4.7734469024836175,5.215583296219676,2.0496091919703927,0.5501491491314163,-1.338625335827603,-2.072534087437149,1.9675803202988582,1.4,1.4
-2.412227159567438,0.6037053481595923,-6.5707889292868735,1.7574355128084946,-0.16795718287586198,-3.8372559628444383,-0.4217659583931929,-1.1588117640098954,0.621753676548945,-0.08104749446313102,3.1,1.4
4.322142691227413,0.4728564799273035,-2.167715186199449,-6.19654736441211,2.662454670523704,0.21465943652998906,0.24430941862016325,0.0946833028634815,-2.4222492511036413,0.4873689032620338,1.4,1.4
1.165147687399584,-1.0860199181597945,-2.0455424545280994,-1.2428989336932865,-0.47334665892857203,-4.8903366019999135,2.3339692968379424,0.008738106431731113,-0.6642180342169381,-2.225383388899684,1.4,1.4
4.103446149965256,1.7015870931561603,-4.525192159109243,-6.9545145875979895,2.4854340449660426,-0.124848396275137,-0.18150474172133438,0.2650717959138187,-2.9995468064674884,0.8733121548062792,1.4,1.4
-6.000426782005438,-4.399728766495483,2.6578203300121546,1.4236082695395265,-2.2230998568744917,-0.28453900687732375,0.2313921648232824,-0.2795929359289442,-3.581013116603583,0.25534085368458637,1.4,1.3924000000000003
-6.183877628353536,-4.124613452840322,2.300889873207001,1.08944639080531,-2.253939579250388,-0.3147945038260331,0.4404603216891405,-0.4766283748142102,-3.4815009037202773,0.18729555815255922,1.4,1.4
-9.659404201356928,0.5151907800121446,-0.8863148104060979,-1.6973324227043263,-2.8394336192446623,-0.2903141576416982,-0.07005872684984632,-4.300350290523369,-2.5426144252299787,0.1874094271239231,8.56,5.088875
0.8481749807198707,2.18628291934836,-2.915424513276191,-0.7529500575623063,-2.9456522391765247,-0.8839468791557797,3.4124564564204527,1.2273791233194051,2.105859065279306,-0.4360932516487948,1.4,1.4
5.625662626562809,-1.0521368578880224,5.3134963967930595,-3.7100824235758028,4.560153372825615,1.219231342003219,0.9134542663521924,0.9778680098898614,1.500789116629283,0.45499357062026474,1.4,1.4
0.73970959290656,0.7263810492064674,-1.9999912419823835,-2.3855888099478637,-2.8811919403129633,-3.9065793796112227,2.6606003328386545,0.7215115391617631,0.2988763553761943,-3.187688400330158,1.4,1.3320999999999996
2.095029319061462,1.7372356531389364,-1.9022096313363492,-2.0379542535721216,-3.0379088056484638,-3.587861460108569,2.1198670281472327,0.20708626461187515,1.2822900363203775,-0.9573644243861344,1.4,1.2932
5.02979471374098,-4.267890356779639,-0.022846972997401568,1.1311705053101282,1.672813104948929,-0.20410495343858287,2.615704638838427,-1.8492173550720585,-2.7100803895151504,-2.356569318238398,1.4,1.4
6.710661208642202,-0.4900521465326601,6.137160061725021,-1.1827275180379777,1.6999199383645769,-0.37117375360400906,3.7228272515716996,-3.1511847321961746,-2.7835418020038607,-0.10244868381321032,1.4,1.4
-0.8840282809500112,2.0686285667913307,3.937070706644547,-3.4149977476915585,-4.305861596230415,-1.2982050903952909,1.9009491672911891,-2.2370524417934643,0.1779596169046841,-0.723117663647522,4.58,2.4971
3.9053567815159465,-0.7734217732279847,2.757846041264034,1.2249607873768313,0.15478065732723592,-0.9011346248998827,3.1128154516855373,0.18487301248325022,3.0469731927513366,-1.4824507531410958,1.4,1.4
3.7517037142220797,0.08760346853605679,2.3990779150497277,1.210041481915703,-0.23467466932558265,-0.8991602688248902,2.8493815754640925,0.5155335645649157,3.0929388961669013,-1.1949134690952492,1.4,1.4
3.8391326090356013,-2.3276416559561866,2.979487746292192,-3.1657147661565004,3.602898357342681,-2.518921246094559,2.1133955886196363,2.176017737826467,0.4476831022938913,-1.9289623026223166,1.4,1.4
3.9070800135907175,-2.5960970361942466,2.450566494734984,-2.7900857445347382,3.8141649830790403,-1.9102776144008335,2.0162444964274675,1.8565989227973412,1.0110126155906483,-2.0826690856471273,1.4,1.4
-5.877985846864144,-2.2382555031019358,4.376743829903792,2.0128677722883026,1.732857476211013,1.3517108547400964,3.096917010923112,-1.3816604218700712,-1.0386773457143426,-1.3926426892901844,1.4,1.4
-4.598514975576417,-0.7203946742281818,-4.762166968060132,-0.707634392633798,-0.7591635448836155,-5.662883204917348,-2.31891839381913,-4.706484291960553,-0.6719819164282601,0.5305933756457748,1.85,0.5969
1.5111098005958605,-0.9867795879537088,-1.2678898646665058,-1.746008857395073,-1.00303403615727,-5.058958022187675,3.0714067932387796,0.5388428186904277,-1.2405655190077345,-3.054929208745603,1.4,1.4
2.1053550744009053,-1.3168301467191548,-2.1713296253986134,-1.1630895161390729,-1.5789514385620782,-2.6879360637308674,2.750810984824087,0.10098151971070389,-0.03862469363595527,-2.9203155063834383,1.4,1.39085
3.871257388700762,1.4168011123791908,-6.071792803196667,-1.5572138819136694,-0.6826021353006141,-0.44246788380054164,3.564945593865711,-1.9330993824861122,-3.405833609167144,1.9454373398342373,1.4,1.4
-6.1977805341999845,-1.445344992947965,-2.5934270930430516,-2.430637179271691,-2.7398684524314563,-1.9813114374324636,1.8334582649405928,-2.899256559567401,-3.448372639509466,-2.712463597743909,5.603999999999999,1.3807750000000003
-5.9687530033034495,-2.6178919210968385,4.001937080548835,2.3435433479985393,1.684129677540724,1.9180577466659294,2.8438241265176765,-1.7168793935359568,-0.6880030231012652,-1.542512614579346,1.4,1.4
4.819132587828798,-2.638636229618805,4.80580942993288,-0.04421131985775033,1.4588837409374638,-5.1184070157474775,4.203478068657263,0.05027352856934573,-0.3636885407237379,-3.1437372016613816,1.4,1.4
0.9210335584902063,-1.4166474757221124,-2.386082127815272,-3.4660622306015716,4.644268691062798,-1.2148322459370278,-2.1223893311946647,0.199839810884728,2.319826905329822,1.606201794643692,1.4,1.4
4.242046477919957,-3.4872740347249374,-0.4237728239833092,-0.7030787985913128,-2.620599750610163,-1.6888794057734993,0.06189915789486492,1.9020520471305509,-4.885807457691415,1.4559437160897974,1.4,1.4
-3.1233151851681025,-0.22506171110256878,-3.2906526944533128,-2.9560445458168148,-3.7619066975308177,-3.9836410217398726,0.3329138976661314,-3.9067941605746714,-1.8865156982588829,-2.272588264391836,4.193333333333333,0.9819
-1.1583432807338907,0.42186781724304634,-0.20430493215915185,-3.966361325603981,-3.6400504696776914,-3.045313741227829,2.902696300547647,-1.3948877656732193,-1.2889239190226776,-3.4111125146822063,3.5350000000000006,1.2191500000000004
-6.762516510336161,0.15950399224649112,1.3846195590288517,-0.2537147323329395,-1.2280179486592597,-0.9107947840171984,2.516321927952564,0.45666462057108476,-1.3854508402325865,-1.0175313239681671,3.0000000000000004,0.26602499999999996
-6.759147818975943,-3.7142830808624656,2.657234754188488,3.529389197977787,1.7294148690789868,0.38481449425465275,-0.6101058360205894,-3.843398732152886,1.6546577293665599,0.1520285192477022,1.0,0.21219999999999972
1.4860437395413624,-0.39702643675825533,0.5932512884399583,-3.039373430594038,-2.5846974608064377,-4.603843723185006,2.8835715583333763,-0.9860753601462864,-1.0976220250096858,-3.194971942987066,2.7850000000000006,0.1612
-7.423190219379488,-1.0813478332350253,-2.6467515929990406,0.61315163421751,-3.1379834644553504,2.6786847051759226,0.7706092533277275,-1.7028859185008784,-1.0996423128250297,-2.3193526945098215,1.4,1.4
-7.150548722536456,-1.7550451705477312,-2.5661471534369613,-0.02099191675543992,-3.345584248010478,2.1678186388225456,1.0244586510871787,-2.0639838382055355,-1.2268840469157998,-2.335642579090091,1.4,1.3782199999999998
-7.171407075301651,-1.502403717209395,-2.395359159096535,-0.16416141148440033,-3.015394537855424,2.096103190807753,1.229526555329203,-2.0274319263676803,-1.1268232481602911,-2.25370266841098,1.4,1.3633
-0.9091173266817585,0.9919205058671794,4.565995120467261,-0.5722393703182618,-2.284430460539941,-1.2489962421450405,2.3309332790601536,0.02680286447081776,1.3878206131114799,-0.3602000871298053,1.4,1.4
3.040761398540087,1.6360479652055937,-3.078290710411381,-3.634509913690709,-1.2739402410974683,-2.139838616792809,2.830589547576495,-1.7422217923192993,-3.680150601682018,-0.4046065917634697,1.4,1.4
3.0594982460507625,2.0900272556206416,-3.140688425423707,-3.4365275382220335,-1.191295682373955,-1.939945395135452,2.6835620748229383,-1.608879428698218,-3.6715632404549368,-0.22729728024979953,1.4,1.3339599999999998
2.89641994644025,1.8516782030196004,-4.275371628429167,-2.32080059894772,-1.0851820412821516,-0.30192656675499524,3.2968227529921945,-1.4243095090779925,-2.980008755790772,1.0027597127618002,1.4,1.4
3.1124084675661536,2.6431631828001443,-3.2731955270555004,-3.189086249398967,-1.08506940718053,-1.7138691933807058,2.490633885546132,-1.4620099304260832,-3.6829099828799574,-0.010284735011332594,1.4,1.4
-5.249514302335769,-0.09807149186013363,-1.288023571049355,-2.163960003480559,-1.4194537315992555,-2.70516225518139,1.779196775968732,-1.3633418976649807,-2.0679096307005573,-1.8331289552005734,2.3000000000000003,1.2830000000000004
-2.427444180511408,5.466780934451383,0.34442256753920786,1.729030528891402,-1.0726769080490655,-3.309260204309598,-0.9322843286378598,1.2329646819837203,0.2212281292177188,-0.3623785285942415,2.02,0.7141000000000006
-0.11994140451151239,8.196669089797838,0.9774543250121954,0.8053480767596795,-3.717667482827519,-0.12473610034475738,-1.1237311981371436,0.6359665135174247,0.6051252978265237,0.17455270554045652,0.976666666666667,0.72715
-2.2399129954012844,5.120704575701018,0.7725942645482512,1.9922192398429621,-0.8375096215654128,-3.450365398685349,-0.9574658747046261,1.2442258297959605,0.16211128977070693,-0.38869207323342087,0.9600000000000004,0.34909999999999997
0.10533728922083617,8.02871203925827,1.3037264705212093,0.8754199407437308,-3.7443719941917886,-0.14586452077402878,-1.1482056494761235,0.618943656141402,0.565974069612115,0.15995020708570426,0.20799999999999996,0.7145999999999998
3.408714292453867,8.478666441004926,0.7794044847152837,-0.1440056139138234,-4.7516663166128765,-0.6882508060500506,-1.1884701661244539,-0.040569791261085786,1.579412599236617,0.5587492353114252,0.21799999999999997,0.5518999999999994
1.2320755602204023,8.905082712279462,2.5960310881816673,-1.8065055657535665,-5.197318298735642,0.8148014100230203,-1.2965258185281414,-2.567371667236913,-0.6198109153263133,1.4997828242233637,1.4,1.4
5.798089024202101,5.4858107543089565,-3.163705551201557,-4.000680272061562,0.9170064722899623,3.1834476162012315,-2.0875542386738415,-0.5009550476120294,-2.13091727312236,0.6744197211839364,1.4,1.4
-4.244039805419819,2.595325596582362,5.650804602275468,3.6223846589668565,2.878415676159551,-0.47890503923681355,2.1751558182225037,2.0069224826709546,-2.113521260392003,-0.861524485566961,1.4,1.4
3.6205666781948187,6.983832312584002,-0.790793080875905,0.31239939397044336,-2.1063015044894926,-0.5813031152198395,-0.585541176972694,-0.15601760755660063,-1.0416597566695684,-0.20862094807912157,1.13,1.3500666666666665
0.827809750722053,4.976305290045849,0.3661173116437917,0.6196527176066937,-0.515520683115596,-2.178685978541859,0.04410505710271091,0.8248878110589531,-1.1948578565608787,-0.7431068947248372,0.8439999999999999,1.3990999999999998
1.4453494231416264,6.987124384303138,1.2963404557203355,-0.6101764194591195,-3.1844124708593196,-0.3736361088413681,-0.8208220616972359,-1.2373390323852753,-0.116785954519218,0.4994082347895961,0.6949999999999998,0.22739999999999982
-0.6582975736770756,5.450664021083783,1.6440631525590559,-0.1658749541914491,-1.4634660402285495,-1.511565856910091,0.06640445455198524,0.11589272482359622,-0.5886927590096745,-0.490300808625101,0.79,0.14150000000000018
-1.5308597658357515,4.942967849118216,1.2311627337254003,0.3261978424361861,-1.023838257586985,-1.9152699950029604,-0.5273966681061873,-0.09153445026806051,-0.7895320144447632,-0.4710963298107817,0.8050000000000002,0.019400000000000084
-0.20545019553611676,5.150515806200409,2.215560456439493,-0.3724183982261692,-1.5922963750762862,-1.894405394144011,0.24307220710969998,-0.024300364642839533,-0.3901115493593839,-0.06965104337173782,0.77,0.020999999999999908
2.3941233317956288,7.814535676381972,1.0981044258088795,-1.3949522667627066,-4.331194037766267,-0.10735512466754653,-0.874927212459025,-1.4102807977043432,-0.005999492608538068,0.46254653340734475,0.43000000000000016,0.2703
6.403746646197955,6.8539475145257835,-3.0787582165589327,-4.608924701642499,1.0395295992873574,2.103389731606976,-2.5061846527017515,-0.06820762615010793,-3.076298691434587,1.1187846761741986,1.4,1.4
-2.4969033259805067,4.3261410192896665,0.3231176148280826,-1.3559566132354683,1.408612382157195,-1.211819642024118,-1.899150689686529,1.5691078638458622,0.9346797543993424,0.1953505907285242,0.9199999999999999,0.8306999999999998
2.5001647474000745,7.582244182178661,-0.6220644141847813,1.0501310927171463,-2.3403096991918093,-0.28025113392264805,-0.7225624777476635,0.16833524437839822,-0.4064521618420281,0.10024788880193483,0.33333333333333326,0.8041
4.374856159494598,5.629395148697339,-2.277687896543215,-3.9081249420482207,1.8190716195114243,1.6938630951514762,-2.5314167914554355,1.343863539959489,-0.23973274566651806,0.6264213505327682,1.4,1.4
-3.999861157110316,1.8683033120663521,5.500885405949147,0.8012348666601853,5.216933774570388,1.6365914396821057,0.9135843984826276,2.1979855177923264,-1.8288062102340805,-0.6446532099248785,1.4,0.9556499999999999
-4.538497501428467,2.8456002178861737,6.410058197539036,3.799038714371446,2.998489326940194,-1.319300087828439,1.0273388782503323,0.7123888168668316,-1.7212595254672287,0.10722972754983728,1.6800000000000002,1.4418000000000002
-0.9639360330161214,8.318621293009965,2.030302877250885,-0.5118291308355529,-3.5215225637093313,0.8009072270340053,-1.5269201751805836,-2.0183597338695995,-1.2779724554625354,1.2743150462689992,3.07,1.4920999999999998
-4.133888218422898,5.592672497681085,1.3468828530831507,0.7087482702706105,-0.9237393924519682,-1.5612412001107019,-1.2256403365682929,-1.147638567751336,-2.1444548533937544,0.34859394473804844,4.35,1.9443333333333332
-2.6934442883773695,4.451588835390221,-0.10375269905953334,-1.5223365629269803,1.3969655949211495,-0.9926898807302009,-1.8369264599510875,1.524272949177357,1.0866111490974324,0.3183588759918369,0.6499999999999999,1.0377999999999994
-0.5634103729969673,7.041808043074986,0.49671754130200574,-2.4103602408355758,-1.1227252747898337,2.0352836713951867,-1.975419252848328,0.966975587202899,1.388657496364926,0.8320994296533029,0.19999999999999996,1.3458999999999999
-2.655391240986926,4.225397357139481,0.2685464717874715,-1.5205895151375517,1.4158455063915296,-1.1963088742841503,-1.8157959435148003,1.4488934955719885,1.0494525450481138,0.5199474881177217,0.014999999999999902,1.4
-0.5220966096422937,6.810800378192117,0.8856617798627795,-2.3826100425773147,-1.069501374850836,1.8310471920160538,-1.9540160337026091,0.9021112819697255,1.3543012315148566,1.020986815662759,0.43999999999999995,1.4
-7.401169482783182,4.63630861108235,1.7644340819608106,1.7066525264342254,0.42175981350633157,-0.08697476781313115,-0.7363999884790742,-0.5805203487529823,-3.3434661584256418,0.38226400469355953,4.6,1.4977000000000005
2.4232807107343697,7.556581025277377,-0.8751781386461722,1.189913741052131,-2.213691182526302,-0.4769045309000183,-0.8339031559016615,0.43754627336347485,0.38482776292445947,0.24044695889099013,0.741111111111111,1.3689999999999998
-1.730060750929333,5.218923052129547,0.1289775423512971,1.79480874295086,-0.3361631583067689,-2.2820166259165586,-0.08706251699531214,1.381784895741909,-0.21352884073988163,-1.1115161101728086,0.32666666666666666,1.07775
2.6477278603018743,5.837072997733425,6.202104982423558,1.1164715120370707,-0.9035801461466461,0.2558638223698322,0.045937837911125844,-1.5830585411197948,-0.02921147726605236,0.7770168133908888,0.050000000000000044,0.9400999999999998
1.6722939105693058,5.782490952720903,5.879181218333486,1.9716421210327038,-0.07749954207331232,0.2165259914969262,-0.1841325822019248,-1.1536827597151873,-0.3850688634480231,0.37948723509274784,0.5150000000000001,0.058599999999999985
1.2281250698875408,8.860675054276843,2.58769667926875,-1.8281598600601945,-5.19799916976307,0.8124166687441753,-1.2788441180326235,-2.5756478302526316,-0.611776642394335,1.4837202793164948,2.4,0.9474795081967211
-4.330401911828413,3.6279852053356416,0.9981537020259019,1.380510446799079,0.6661662799226706,-0.8727851896469044,1.1284488663903642,1.222455878574258,-3.824865681518753,-1.6668314913452966,0.8999999999999999,1.3477999999999999
-2.0216436231318107,5.20583438630422,0.14913895256641616,1.7170218236443715,-0.5885031960945647,-2.6666482999442405,-0.33880181492029926,1.047392989129276,-1.3915859979071343,-0.9555088659320901,0.7025000000000001,0.08830000000000005
-2.1958298993772893,5.653686329668796,-0.32475793238656103,1.7864955403552272,-0.7108493138256651,-2.6305126154390273,-0.5399116960757866,0.8837108619955547,-1.6043452935365932,-0.7785029719612515,0.3999999999999999,0.6224000000000003
6.139458964920367,6.375708982471379,-3.2240054132323,-4.652919564039095,1.7207769336060015,2.514944799042673,-2.5038509408257354,-0.13351390094392243,-2.965312776820404,0.883853675086216,1.4,1.4
7.7575947465728,4.175535038400905,2.089197768412005,-2.0903837155351606,4.312235758024875,3.428769932360872,-1.4474016909897225,-0.7559255777688301,-2.337967577045827,0.8364405455054278,1.4,1.4
-8.000338680085898,3.5408717866682857,0.8050253656627591,-0.08962936001501368,2.022651386054713,2.426210224480239,-1.8810744966049309,-0.047823279908567363,-1.41738364912269,0.5416365219804243,1.4,1.4
-1.4565970393504404,4.637564435904474,0.3117218960450672,0.724124654099997,-0.2506225143470645,-2.8441435566754683,-0.2696732691131045,0.09685130208378255,-2.212196735026599,-0.8044304269807233,1.1351851851851853,0.4119499999999998
4.623974784359333,7.8134705252388486,-0.6153110701094445,-0.6822835341955884,-3.574317880280133,-0.49407818164374445,-0.5969987420944611,-0.4309299707516012,-0.6193845786908315,0.08254688606570235,0.9017647058823528,1.0544999999999995
-0.6807234079088145,8.269758660168463,1.9306967763321017,0.4845470256189899,-3.4435497717656216,0.556505170058276,-1.4181521192636992,-0.7634232069184047,-0.07168496140479709,0.786897269720084,0.0,0.2852999999999999
0.7290449720560391,7.459631192819942,0.7689861298071617,-0.3342219712369249,-3.0207679778217966,0.1210169363098474,-0.6473747742835444,-0.6615648043088802,-1.7748102500549252,-0.13555933779041243,0.4592000000000003,0.5299500000000004
1.2533683223770578,5.520399838532633,-0.44772207865988967,1.5129963961653294,-0.20097333270006904,-1.678834597741772,0.39495457162495423,1.4028897567637246,0.6757078227493755,-0.5363028993839949,0.12400000000000011,0.9990999999999999
-2.224826301269351,4.875286097311767,-0.4625042528781902,2.0472507327914076,-0.14975724366779736,-2.0541639922715516,-0.2626753247452371,0.995999702008653,-0.12297315598696941,-1.2193153700670907,0.7516666666666669,0.6870499999999997
2.4786423767607166,7.404534592444571,-0.20349496951560297,1.1601894981249523,-2.5020135901897547,-0.5799597169357997,-0.7360138485115738,0.35923379882887313,0.12395116386114062,0.30589866779834385,1.0366666666666666,1.38895
-5.379177763814501,4.17381698194385,1.724716592505249,2.1726007202631163,0.30860058977085003,-0.7871065760850612,0.9969629202228728,1.8839237999832168,-2.495080264509165,-0.9408421278732896,1.6,0.8444666666666666
-1.5290367890605652,5.0279737170882575,0.8666406394553249,1.8154563353883428,-0.5479120547876843,-3.0655823428459983,-0.16123173970779567,1.3963299393818975,-0.7342988284603197,-0.7386695237289145,0.09250000000000003,1.1315999999999997
3.846344123092982,7.9082525509070924,0.17453868972154657,-1.1850852836004109,-3.8178437353942756,-0.42762410069029366,-0.7047184519507765,-1.190353030495429,-0.9267965945022695,0.439356138018956,0.15000000000000013,1.1683875
-5.4608458873334795,4.248013893752405,2.108005338927885,1.9687804952045096,0.7182040434157441,-0.4593520809147676,0.9165113481756592,0.9889535910438046,-3.1772934569120834,-0.5884130046449276,2.33,1.6793
2.5903559206546096,-4.659181376056613,-1.906044574652995,3.1296218480826217,-3.4010735397907017,-1.7542456382698053,-1.102046854483381,5.945930895632067,-0.6781248297193547,-0.3619956146845604,1.4,1.3977
-2.3302376977723767,-6.2438195770846265,-4.222499924862673,7.449556001306766,-1.2430841245426951,-1.1574478330723783,-5.673465827262751,1.1641077241628213,2.431539369564385,2.195882564280517,1.4,1.3960000000000004
2.7950786703982375,-3.743669207855531,-2.5565942392577905,3.303038489161812,-5.250646711632078,1.5510239587115304,1.3457975493680765,4.511178733382304,0.12526518249949156,3.8365695894449403,1.4,1.4
0.40772361519209227,-4.901060143069554,-4.9662905661287695,5.969717596231235,-1.059874086097813,-1.049105297127678,1.1815500814123938,4.548347551638452,0.6077726721477755,4.099725470090232,1.4,1.4
3.2801278663297437,-3.8386001614348837,-0.4592251006674467,-1.6033590266619415,-2.9791603949311414,2.2443861384944332,-3.4890276157840807,5.930574347847151,0.5830846487140047,1.2893713780906408,1.4,1.4
-8.066943105390427,-6.622120238516845,-1.633995801465795,1.0698398151863493,0.529571720266869,-0.4358153200200842,-8.23189077897769,1.2190736159151094,-0.49106819763465703,3.4799575528969733,1.4,1.4
3.8573035457442373,-4.513247149872671,-2.276683116962699,3.0099778405285345,-4.5754972466087755,-0.16791207384034668,-1.6659052352758381,4.081041192959613,0.5777524485004355,-0.03171828203640539,1.4,1.3987000000000003
2.189931570851647,-5.676581823537803,-3.7076197123209775,4.184254765899488,-3.6487177539536972,-1.0362085744333223,-2.42943427996729,3.488912221349733,-0.12121706752349683,-0.04916364505934909,1.4,1.4
4.587693330065791,-5.340273285558416,4.77886745633327,-0.01576407482566008,1.6751178291018014,4.48454230893885,-3.553279563696277,3.2349184090441137,2.2257004835697067,1.5446561196148587,1.4,1.4
3.522607691649869,-6.701058248739494,2.879075190200613,1.5415601798120948,1.8313584973042318,0.5126230691638555,-2.5463179762538233,5.968112958710718,0.5151682602084368,0.45122507062648254,1.4,1.4
2.014167224676155,-5.079281526879532,-3.2565056017510874,3.9691766082806867,-3.300370193175625,-0.7540771229800024,-0.8615805736739043,4.555900817586428,-0.14450641474918327,1.6777271054076017,1.4,1.4
2.396763548189502,-5.619678299235231,-2.032487259774999,-0.04682487892386375,-0.40754676424947966,0.28149633806512436,-4.057964231852619,6.812330680120523,0.09622956974147713,0.7375665212281239,1.4,1.4
-4.723603632349109,-7.289086644110725,-1.7698787534287594,7.008408812960897,-3.0206426577015724,-2.2412581143609707,-8.331034949941115,0.25859661345128165,2.2591211917328975,3.7792800449638246,2.1,1.4
5.048037617068763,-2.515600786628527,-1.2528974038859455,-3.172477050074966,-2.873240647414251,3.3675801131557037,-3.991367475924625,5.240066379792795,0.5626975134489561,1.6205685785178117,1.4,1.4
3.7724827670277055,-3.46064529281139,-5.709265188376805,4.309698308634474,-2.728566665115391,0.9138624592914495,3.2203276130241116,4.2203407422918255,-0.32473760801353985,6.259218002286997,1.4,1.3919000000000001
2.623407649917118,-5.845519975532719,-5.179960955656932,5.869957884661362,-2.6016668773519247,0.35619265767313224,1.684859498301802,4.487917577857383,0.38101896778056443,6.341131859141336,1.4,1.4
-4.074745831573535,-7.979209699792648,-1.7105122964749153,3.822932554971718,-1.7116161436879402,-0.5959855045153987,-9.205858157941124,1.2690777091518552,2.303395882680156,4.207160420360635,1.4,1.3984
-4.789487198094986,-7.55428016287104,-0.20463426670104956,2.1228239350121085,-2.0935828616751193,0.12476635347311456,-6.350579447318903,3.3208416374665473,0.2372497286467368,1.5351976306000306,1.4,1.4
-3.2762476500347217,-6.796103886860675,-0.44567611306488597,3.8371510008169776,-4.821937528455467,2.2322494443325898,0.9619035685046683,4.635109705829716,-1.4863816146262046,2.307871715054195,0.7599999999999999,1.4
6.220143637860137,-3.255711853688819,-8.112874794226503,4.410595110406038,-2.6602686249720753,3.223242421107661,4.009656300612067,1.5319605207571418,-4.502957039143204,9.305933579382932,1.4,1.3933999999999993
-3.1014794959464544,-8.2639572250474,-0.39141211459997993,4.39333504835409,-5.995542669683771,0.3399754669285087,-4.903482896983901,2.1845477909545594,-2.3487828677882683,-0.202575722505182,1.4,1.4
-2.311043701291184,-6.534759328679534,0.03628430725287154,4.4373434528277595,-7.177311703953107,0.45186115390854426,-5.593710103499902,2.0991823395052376,-1.3322385460849215,0.8633751961780327,0.2799999999999998,1.39905
8.72837744683034,-7.179053942456081,-2.1798619057834134,2.9470932072405973,-11.255368628673212,0.863761242942758,-4.364256007042182,3.188386495291688,0.571120339228382,-2.847524152333205,1.4,1.4
0.5541776107449093,-4.430583603932672,2.376067850561993,2.2387159467484614,-8.872208519344104,2.7658530873780443,-3.291267810238179,4.02216240646944,-0.21400388884839844,0.20253574373340577,0.3500000000000001,1.3998999999999993
-5.4531246821972665,-5.581147956204867,1.5586906468434332,4.244643663250393,-4.457089391445981,2.307860146435728,-2.1285834785046576,4.411035368988926,-0.8540791853786128,0.10371304621223279,1.4,1.3923999999999999
4.377925972120669,-3.3868279721209578,1.3997182982708567,1.112355550074558,-10.387468569017422,2.128264084109256,-3.5005188458131347,3.578770641765538,0.5550827115601833,0.18271114929914195,0.08999999999999986,1.3981
-6.105765804240559,-5.690711139254186,-0.08513238905939777,4.392493231561898,-4.82857509739291,3.4098120950796473,-2.603967020907708,2.421931664249791,-2.300100378699214,-0.11636688160281183,1.4,1.4
5.320607343009271,-7.129003267184086,-3.138866633469071,2.9194974908663287,-4.889070308575051,1.7413730335813733,-1.6497994481419125,3.646405509934507,-4.078581468047641,1.3686870682457184,1.4,1.4
1.53762667197088,-5.174265576003708,-3.1313100395873863,2.454081351925789,-1.2518246212054651,0.08122638299289248,-2.9283166500417543,5.5660193548180965,1.9560089765018127,-0.08615700199951265,1.4,1.4
7.7543919216802,-9.453188376230633,-4.661896801834365,5.944740975420449,-7.949627868021992,-0.9953513562041998,-4.980006838305925,2.962359611453617,0.2393559786230797,-1.917405495148313,1.4,1.399333333333333
3.8860382460254312,-11.336265281046016,-4.2867547667694845,7.589970426703685,-5.659757207314127,-0.4184509317711021,-7.119679612038498,0.5745929225652184,3.051793242962631,-0.6663638245187434,1.4,1.4
-6.907822082653416,-5.310651035227039,0.30335500954143113,5.037331830740552,-4.458357619105837,1.7040533192066363,-3.915520318214579,2.561590583196222,0.06198334694746074,0.8755173873605906,1.4,1.4
5.823415608376352,-5.756864743950669,-2.2016406901215597,0.22461376498570065,-5.331185203262077,2.1784371376819958,-4.016324820100359,5.346196466048757,2.0024361832021533,-1.0244909263411055,1.4,1.4
0.8926998687488588,-4.571255531519479,3.8285743710385796,3.0211900627810753,-7.059590122439423,3.320646835310917,-2.513627738023026,3.1271070302751394,0.30401991050575394,0.1752026009410233,0.2999999999999998,1.4
-3.0145909835941,-5.151837490391513,-0.314362181344159,4.0488113071218175,-5.6307294937149495,0.055502233741260995,-4.161143094277426,2.838905660772243,0.7662294859560397,0.999640745651475,1.4,1.4
-6.092601422366527,-6.952905467886994,0.41411957074855404,2.675544015626672,-3.4108045174314454,4.754291719583296,-3.7919379890439115,3.9961398261019325,-1.275798728500069,0.3527084301707507,0.6000000000000001,1.1191999999999998
-5.91168748347149,-6.937382756493014,0.1384699095538624,2.7187659657410364,-3.4077394619406607,3.747386944486155,-4.914619246565848,3.095282380765791,-0.5522232473830349,1.1585477726539601,1.4,1.4
7.391702094418868,-5.6369381729924095,-2.7660530320675796,-2.34535313542639,-3.39852788294788,4.538421203430483,-5.573771658640632,5.220628867999431,-3.0690543909406816,1.885060646930071,1.4,1.4
7.655031630765455,-7.338190197749601,3.139210031541877,0.2306343254465285,0.32669737064583415,4.193898298927507,-4.1720178823810885,4.249130243142432,1.493149261115519,1.7451624146567104,1.4,1.3992999999999998
-5.98837375153976,-6.826715030166177,3.0345430333627568,5.47001119454625,-2.9748681023996086,3.3184128448057058,-3.098101770025962,1.5849369084354887,-0.6902184171461773,0.7711165780076836,1.4,1.4
-5.230760036685943,-7.618216425428529,2.9782437790057874,5.769057070765326,-3.0781732418203545,4.1911384404813194,-2.097744623986988,2.5093272737614143,-1.6122570876821212,-0.18593109017488482,1.4,1.4
-2.463832684436069,-3.871943732744024,0.8163766510796622,3.451280358174284,-5.355300433444007,-0.15623991248453037,-3.4860126030537097,3.3673654516995994,0.4373769888896344,0.8618157494095937,0.8999999999999999,1.4
9.530453386679737,-7.319689035270187,3.3026475782523956,3.675041074821823,-9.779025426661558,2.2508547696163372,-2.822882680004336,2.8635967446624226,1.2428324589075033,-3.5936475447723377,1.4,1.3956000000000004
-2.28983445680145,-5.615604611666527,1.264820154112539,3.5385197372108146,-6.389601913860034,3.674560005878364,-0.12274067613512493,4.424776255450503,0.2894395555554424,3.5840262967772563,1.4,1.4
3.959760775228673,-7.77219902534831,-2.7354348304667746,0.6257953251799308,-2.356779340807392,1.2528061188100514,-4.843215608900919,5.336605342169071,0.6960211798973096,0.03315438622466907,1.4,1.4
-4.399161979862534,-6.829540037266034,-1.7565223308863922,6.400268955742702,-3.3385180411192175,-2.398371170436849,-8.291202726316499,0.09727335658251102,1.6211559318944087,3.917241353478774,1.4,1.4
-0.12917779364682772,-4.677225718800786,2.0702218944490918,0.19559971118058578,-6.679450708891901,3.995507999976218,-3.861778310438719,4.927612200925493,0.6519046080980224,1.025057227194956,1.4,1.4
7.922631100063852,-8.394736633576024,-2.4646663211195645,4.2766937784333345,-9.005723620187373,-0.19408018842858263,-4.179502017419705,3.7358581196722347,1.1513593731724328,-2.344552993466245,1.4,1.4
6.0979364787730646,-9.899725173092492,-3.9767691720958642,6.023226731090768,-7.965061283766612,-0.5355588550442464,-5.611194754294168,2.2423391642729276,0.6130883376069964,-1.820215682410357,1.4,1.4
0.9552035403966337,-10.070953113120027,-0.6516729553661353,6.107205014746908,-5.804327592007724,0.5337810354983196,-5.67059339460287,1.5983324215283428,4.377715617490079,-1.5411724129410662,1.4,1.4
-5.519620705373938,-7.73706211157626,2.3947860127858633,6.015096677198821,-4.328058138871119,2.9089475843963806,-3.245140058364158,3.535973740746098,-3.101039288427015,0.719224656290251,1.4,1.4
-5.693633395935021,-6.87970380524667,1.243488915949116,5.010155488204316,-5.168486040299178,2.9105039594241293,-3.161735552476762,3.1102787603274273,-3.0936604833749763,0.27026240810311725,1.4,1.4
5.399662472862843,-5.108324021234807,-1.2857194265568301,-1.9041503839583949,-5.348876188758524,1.8901668075384135,-4.063382545221926,6.070182207056577,0.5575248657639651,-0.39605961468158984,1.4,1.3978000000000006
4.351068882535196,-4.127017340921051,-1.8977951714137684,-1.1715900522423297,0.18236761147399874,1.3038602268392963,-3.461199693144536,6.8462252604925,0.6556154419496132,1.2076951880943945,1.4,1.4
7.097797505447334,-6.024256238189458,3.3378846794402537,0.8659532100067072,2.430271386137005,2.8259030161457965,-2.716415867642081,4.8209634811149655,2.319573184158483,1.0981335795876255,1.4,1.4
2.066623168198844,-4.410284742194288,-3.3411781442737314,4.470124157887096,-3.2525966674512614,-1.2322988061046447,-0.22669947855675773,5.417662537923566,0.8113004581320868,1.0272224444201765,1.4,1.4
-6.171248405935961,-4.924909338335634,0.08207948774298249,4.445755453858345,-4.877781883253478,1.9107022945647676,-2.433022460404997,3.815402809032927,-1.3839708945668079,0.12902464258571364,1.4,1.3990499999999997
0.8398391289761448,-5.525147468443548,-3.245805778616736,5.3143987258661936,-4.469981570820443,-1.496534967367981,-3.5662213536974554,3.517245866853913,0.7469517151320834,0.44940253948314585,1.4,1.4
4.015543621714126,-6.039954884206671,-1.259751363676711,-1.2981717516282578,-3.7091353757496153,2.0660708529473237,-4.305730041846082,6.405470140841412,-0.29466161139993846,-0.11442442385420779,1.4,1.4
1.3714242181085865,-4.976137671068383,0.9673472351722021,2.1246958401948333,-7.6584002405289375,0.8748399829745459,-2.627419533116591,4.217350071975201,-0.6024228821536366,-1.3086588376982802,1.4,1.4
5.7109596689297595,-6.791969136064003,2.772378410268284,6.3609942937350565,0.8034892766783761,1.2156823649690844,-1.4222712693666326,1.6952764204119264,2.2745658404848696,1.1229494942742497,1.4,1.4
-1.1461154387200423,-8.793474672045658,-4.042433773081967,7.353996030617742,-2.023895486285465,-1.5071226039761436,-5.7683622126364,1.6487891628127966,1.4547635228223317,0.8351578782059763,1.4,1.4
6.4211212577380445,-3.7238212360932357,-1.610857890506344,-2.1279687356286927,-4.5863091778524865,3.6095954996097297,-3.8870993802716125,4.116208005867779,-2.621221843829797,1.751670337769249,1.4,1.3988999999999998
9.165099571790327,-4.969525826960618,3.4104675836977183,-2.0957102412984487,-1.04109728518927,5.918435831954979,-3.9380805036311575,3.0501732708435294,-1.8402875508138323,2.33866858359566,1.4,1.4
-2.0671092446414474,-8.453751393665048,-3.2098959185994116,2.3884143856498046,0.9030082321381085,-1.7913666927224632,-4.0230072488096065,4.336741276731688,1.60541752147783,5.429487216918988,1.4,1.4
-7.852907463019289,-5.491748175273581,1.2733921583079857,4.387310150469843,-5.195445366913024,2.794345597632471,-4.829592208703427,1.5266951130214992,-3.1085172472786318,1.9886048347922045,3.4499999999999997,1.3416333333333335
-5.396827674200864,-4.556452856760425,1.4870391484019976,4.198936655382357,-4.483058162868645,1.5839848716598515,-1.5796738234400003,5.2141733022359915,-1.1271209270392737,-0.0865883059473383,1.4,1.35105
-4.596718603156679,-9.199505249752978,0.2298356926502257,1.3080979659209477,-0.5095780940800114,-1.0240546451953962,-7.48647134540844,3.547122825483685,0.09159865677848958,2.1963407832815434,1.4,1.4
9.522103101061326,-6.538103135663556,2.8545455324636717,1.9338187146279644,-6.579501110789664,2.6833260641973875,-2.4078546039695006,2.4662062880392064,-3.7593764291227343,-0.7899029706144034,1.4,1.4
7.081535741792717,-5.999986666138779,1.3635035464326941,3.6895467289863784,-4.7927753089299125,1.8468690612978367,-1.4881632084991652,3.567483201947896,1.412106811869561,-1.3850720890950499,1.4,1.4
11.320932822001668,-3.4271744618607523,0.8179102951881526,2.6606900412180226,-3.3676477941844523,6.146708220068628,-1.8386674908645206,-1.8876638361604858,-2.1620836165550426,2.0786116639168677,1.4,1.4
15.175658967077544,-4.356280150083335,-2.937060607134023,4.40151943832693,-4.647310567946164,4.826291656203689,-2.984187911417376,-4.441325786389246,-4.649190932336777,0.84231535578096,1.4,1.4
4.019027684429455,-6.897356413598902,-2.4870043782267923,-0.2502330098101475,-1.1463848645222587,0.6202024357101005,-3.1771525591061756,4.89777811871725,-4.46500572155978,0.35392135946559083,1.4,1.3967000000000005
5.562470475668905,-6.143015209672252,-1.851730409024401,-2.1044841537112493,-0.7975468821160642,2.468108063708123,-4.240233393815546,5.3561468247596995,-3.1559728590277665,1.5849509202930647,1.4,1.4
4.214706166000462,-4.977187387174546,-3.8245524384483955,2.7270716635671404,-2.5801738411206205,1.6769727833708175,0.07853924413138079,2.878466487780685,-3.8136553698876297,3.279294355439861,1.4,1.4
5.823782511351065,-9.1447770833526,1.1733284919458282,0.9705034302420983,1.4149244346548766,1.9302602631891812,-2.962563561941817,4.693691345469908,-3.981776198562977,-0.14279879630663445,1.4,1.4
4.257381714989217,-5.498613072240594,-1.5136173201859113,2.0836595160432356,-3.747798465650335,0.6340697541497406,-1.8509623357362959,3.9012696090547268,-4.340490719287987,0.9226964186668674,1.4,1.3978000000000006
-2.0308085613599687,-9.600511424661581,-2.102257291172968,6.173641695473243,-4.387964027214314,-2.796492278811644,-7.923172490249347,0.8087753089971058,-0.6276677402702665,1.7756412753618989,0.7,1.4
-6.40338525129308,-5.916912520895804,0.10546571500094003,2.0405037841885787,-2.515680999018742,4.823852385406707,-3.469704713706236,3.552143882380922,-1.0512412896827097,0.3582257543942243,1.4,1.4
-5.810743397990628,-6.83786926908627,0.6453730756390839,4.82754522703893,-5.771915889006877,2.8405491705866655,-3.4633874235893565,3.3452069349493687,-3.2062919873568037,0.2501045633571165,2.0100000000000002,0.27100000000000013
11.82888740658272,-5.539884578588942,0.26261019825120474,3.9061630157727802,-4.026478164501379,6.7127005761368554,-2.8160749568326837,-2.083181201747465,-2.356998634514624,1.497963049618881,1.4,1.4
7.005620703067665,-3.146281853179013,-2.9585618903042783,-3.0011355611122816,-1.8714997545624896,4.0922618292214175,-4.610072085635468,4.345390403582275,-3.0542686189388184,2.3868178254434262,1.4,1.4
-5.0672447470159145,-7.86377319336232,1.1538187818242913,4.603589891399486,-5.810477135869397,2.4582247464023337,-3.3788491076097324,3.0182409410068813,-3.298829503602183,0.2549351919844294,1.4,1.4
7.842018637879512,-7.286829325835751,-4.141596754776438,-1.0355480018687795,-3.7543455784383726,4.364603693497294,-5.669133598254679,3.4755554740104735,-3.418258019047548,0.7736970522937789,1.4,1.4
-0.6872385584626491,-6.1848461510060835,1.811188454503395,2.5100683360878766,-6.594387390675022,-0.33995272558361705,-3.3108525395231605,3.4871682618713176,-1.190326048486125,-0.8106905303306701,1.4,1.4
-5.2902559626394785,-4.905360704112017,2.104562710431872,4.081182194523894,-4.168805427087235,2.117475838454316,-1.6256009506412537,4.507160831774514,-2.1287902282134046,0.1461046716717792,1.4,1.4
-6.021666257532829,-6.521772119099087,-0.10955271845403691,4.253776347735064,-5.226765072187957,3.308995007879834,-2.6358073616549813,2.223889712113369,-2.3222202031072103,-0.2823627699460208,1.8000000000000003,1.4
1.467012275759379,-5.4552141970159775,-2.79216812404296,4.605073484186576,-4.08958943709365,-0.7993916550861873,-1.6604465507096065,4.622609330436612,0.6407410489734918,1.6815021400212908,1.4,1.4
2.6825567750169133,-7.0163490724318525,1.9173245849523102,3.1607431313239642,0.30255076633149247,0.4050899379777076,-2.8836967603952366,5.43198006867391,1.5859075315827644,0.6516150424013163,1.4,1.4
-0.28540805126611185,-6.56430705146527,1.2591875839745856,2.845008126839577,-6.005500245667313,-0.3464788067158994,-2.3219332829824904,4.5485234445173734,0.4933605730919137,-1.4175547398842887,1.4,1.4
4.254615961620926,-8.329508606738734,1.266345265558846,5.743640938018953,-1.6627535212079891,-0.17691412723390731,-1.760521880295031,3.495543330298202,0.14028252763519716,-0.8955542838237589,1.4,1.3981000000000008
4.178225229752834,-8.501091134927213,0.8339220783584564,6.130278582268362,-1.555618703598164,0.2765700280509871,-1.950880964673341,2.9692138449492944,0.5801631722948682,-1.0302903800476768,1.4,1.4
-1.891620275144879,-2.806695647565786,4.657271744683457,4.638227095835474,-2.12953580434462,-1.0067903089612786,-1.6403320996170916,3.29314567311419,0.8311398137278972,0.8479521149842417,1.0,1.4
10.328534041439905,-2.3175425102882303,4.3740130360169145,3.1925645779981373,-6.741980939420525,1.9073757026843345,-1.48887374654158,3.0142761671053973,3.1916641912865766,0.41004862095696637,1.4,1.3816000000000002
6.578445718280493,-6.506335492379427,2.5281567471487705,4.037795400564947,-3.462254809803,-0.8775021638471169,-1.0648295475244898,5.318465305063884,-0.3991319057856173,-0.8922314033248883,1.4,1.4
-3.4821605702928933,-6.214082287909219,0.5042360579718265,3.2063207657859767,-4.444876430185576,0.3789091702715393,-2.4296606419179034,4.348805315726822,-2.170721084654203,-0.589180195106092,1.4,1.4
-6.5319901645702565,5.635410354156902,-3.024426128890439,2.5362845299054095,-0.5640701234877556,0.6905718880038381,1.2289912123021502,0.10270287686781347,-1.8442078270038584,1.043004978823818,1.4,1.1029888888888888
-5.390427681432842,0.3839572287298324,1.8560042662071796,5.319839562343129,2.4920806461839753,3.86860617088087,3.2248710589094975,-0.18579709862168592,-0.3066847833113046,0.16496223099677032,1.4,1.3491499999999998
-0.5175500934577646,0.9683711287824514,-6.4676983496632765,3.0465485413149165,3.6383642563670695,-1.0593899849153443,1.392399113801705,2.4458133594843154,2.860852295904746,2.486595536697473,1.4,1.3885
3.8471348887161865,5.601698983456625,-6.926860270098157,2.0826930924047367,-1.224989240318063,0.1899598496111805,4.6737692819027545,0.5671414158076861,0.9366095857398423,4.234614105841754,1.4,1.4
-6.024963678629626,4.313582490040667,-3.379776173350033,2.6756509036330987,-0.7073612277561373,2.3823137189615817,3.6176154792425055,0.6776125928650786,-1.7859269660230126,0.9915572601110774,1.4,1.2461999999999998
-5.721276794013477,3.668141620776543,0.17227578522365256,2.876056552929901,0.5265499828952465,1.1411821403090974,3.155571190163063,0.8611488034153171,-1.7988917886630502,1.5079525564851477,2.2,1.2041
-0.4063492532904531,0.7750706212993843,-7.726431183722121,0.8377266638080052,4.795311691567132,-0.539431829665238,0.0037970324595390714,-2.241737048817195,-0.4672476001096136,7.163770825443032,1.4,1.4
-0.7003685377062131,6.98936188969309,-2.088952835533479,0.7326711438824187,-3.3066248724026277,2.5091021268744123,2.93002348810394,-0.5872773779735062,0.8997356870665423,2.8576447361546293,1.4,1.3841333333333334
6.703509806765074,0.8549909892763434,-3.9357216438092184,5.32167652534738,3.4475374328778043,3.739956154415639,5.142269494094922,-2.3300655022623467,-2.966082932136458,5.3885999182820745,1.4,1.4
3.1284170693026887,6.5086513115739955,-5.16423996281554,1.817215814750616,-1.9737623910598694,-0.08751383781987498,3.086060117186562,0.8154325252687296,2.1713526603545925,2.939689274456854,1.4,1.3974999999999995
-6.101071984863541,2.71344979968648,-2.441777168308033,1.379226997307312,1.1493446646831043,3.571637431637277,2.579470368862451,1.4327997110078794,-0.7344281529261315,1.6383060903146924,1.4,1.3899333333333332
5.617368440159628,2.0399434014023297,-8.337920769395328,-0.11560833783719342,2.751593207486035,4.340279162890177,2.3340248842315936,-0.5677775206213793,-2.520351899917169,5.581817098026579,1.4,1.4
-4.972039593507492,0.5220043315501288,2.472426576678284,5.584358620781059,2.8458707025606467,3.5338144515834418,3.303041327774284,-0.22501005460218615,-0.5982558399630945,-0.05707950363757581,1.4,1.4
2.095713482056046,7.36301989469251,-3.7181048893728064,1.395869652491117,-2.37560047804907,0.7578877591574588,2.7107718173389928,0.40079520220792414,1.0684517431229876,2.346383401178466,0.9999999999999999,1.4
2.6643986634313257,4.375169112326769,-4.257573173700885,-1.4349753709815871,1.4222449267478685,2.0138591480618953,1.5806130994081926,1.639746448903612,1.2820249084336037,2.690325312557329,1.4,1.4
-1.4932995079345595,4.723915968966344,-3.4339858534865386,1.6124060968850102,-0.7396618198396707,-0.7287380655313527,2.9641038842504956,0.30994817947641673,0.37301363310238916,1.4910037934520155,0.7999999999999999,1.0416199999999998
0.0311035321572643,6.571455895987836,-2.968202550859555,0.849259758942811,-2.624932618361124,1.3371249436987769,2.9949003228273763,0.07598846162501138,0.559964251871214,1.6990953381828775,1.2,1.0037999999999996
3.5295469923755913,4.476155901062678,-3.8888472257057973,-2.510773324742826,2.2502948889810197,1.6365035165183432,0.654462558406662,2.632526148206781,1.167073160703341,3.192234336979513,1.4,1.3754000000000004
3.3457619221051393,5.829035552736972,-5.855415596325342,1.6757961202064413,-1.4315760661876948,-0.2782937255160448,3.493133992941922,0.814998201316946,1.2347629039164538,2.5136554593394305,1.4,1.3967666666666667
-7.69113063361033,2.5372891227505696,-3.8455548669243313,0.35036995979071944,2.5328859672387516,-2.325687693165725,-3.038132410837657,-1.8326662621165597,2.2288041682039434,4.228686730587497,1.4,1.0049
-2.6947142551712098,1.9427246719738387,-3.6476798744397345,0.289536659383393,0.7665845822585625,2.1204427508226393,0.8201547977363317,0.850371630572907,2.511983488729126,1.7330257569571843,1.4,1.4
-3.3673810496045564,3.0955981478361796,-5.912754982986762,3.773220056698667,1.608736948677075,-2.854657832789242,0.04314874337681598,-2.064842358990056,1.0565708340407804,3.69322646860432,1.4,1.4
-6.611968556117211,3.950391973113544,-3.385007704553426,2.2989250574779496,-0.448081101516318,1.307912842419592,2.3261278744028835,-0.32409773593670776,-1.7880441953733361,1.0434358093832048,1.4,1.4
-2.7826968637786855,5.244925644212574,-4.244060684435796,2.2221394603696214,-1.474113406520562,-0.40967827705015464,2.399230313190595,-0.046991229272144365,0.4910267130146366,1.6254044936272574,1.0499999999999998,0.964
-2.860306264607105,5.53380522652522,-4.1540344602479085,2.2054845370918508,-1.485077405984516,-0.5634240286022376,2.0009490131261862,-0.07666796722851667,0.25411832885521135,1.4309830965386754,0.95,1.1205000000000003
-4.43978903841082,1.9177275980403492,3.8957126637923865,4.7786472943828775,2.936009844303499,1.2451153115845806,4.717993323913358,1.759468049180372,-0.5894964892810058,1.3425297869254393,1.2599999999999998,1.4
3.087057688807386,5.891754352537224,-1.7842849352517878,1.72930333382949,-2.206799053755181,0.4481098196321465,3.038978037060669,0.05472214308664094,1.6283096847112473,3.1550010311547,1.2149999999999999,1.4
3.164890180133112,6.225412312502717,-1.6124683635223573,1.6392529335451944,-2.289071408454264,0.39943098151634354,2.6569079516701843,0.04164879251275176,1.5069367411822137,2.960452291092912,0.9049999999999999,1.2348999999999992
-1.2784869741476153,3.556153265146144,-1.8716622686531281,2.232006113695447,-0.14044516398317583,-1.018469738603456,3.0201067717930568,0.31515904899587965,0.3655417171214708,2.04973186887601,1.095,1.2168999999999999
-1.289697279579186,4.6593643325705285,-2.526589587516565,-1.5719309133895276,-2.0190503378749964,4.203454221140955,2.877156593862895,0.7270628109051693,2.435710763795489,3.478821789238541,1.4,1.4
-3.5129305426223496,1.1937211091251927,-2.457739952583661,-1.0973160940944326,0.7269372761956838,2.058237352354585,-3.1868869679270055,-0.9662992697271735,2.0388797293486065,-0.36533329174109774,1.4,1.3965999999999998
2.8052119060144594,1.3329672470789646,-2.2248399393964435,-2.729626636869255,1.7033351217078083,1.6811936627000859,-1.5826576205113667,0.7612512359216215,2.788587281427566,-1.604374614363716,1.4,1.4
-3.4180369475993304,2.72613882114314,-2.610522010206641,-2.4648082253945036,0.30019161635764485,1.4975095533725054,-2.4753778041771017,0.03810156753004482,1.6655849762096784,-0.5817807323893255,1.4,1.3750999999999993
1.7540662622677763,3.294748491918849,0.20000545537109313,-2.878020590932161,-0.2603673875832413,2.3783037235085724,-1.405459377108578,0.4024563975714113,2.6693484061590618,0.16501235634854264,1.4,1.3866
1.0147708484168418,0.0636617788746595,-5.897603738312429,-0.6723666564503967,4.703014446248546,0.11852830353394068,-3.307752570904505,-0.33710235841912445,4.457856576357269,-0.7664034742170193,1.4,1.4
-8.70000598838245,0.6515226793363985,-3.2370159300556294,-0.7799663862098535,2.242698346613405,1.6626694788710288,-4.04435483693611,-1.332308199603936,1.401695458563856,0.08678616582178023,1.4,1.3748666666666665
-0.13103963477121366,2.5086340921346504,4.012011609150407,-0.8675279553819267,1.3992598456599012,3.790284238715963,-0.45855697615289454,0.5003163528890676,2.0281697042817477,-0.12591157141467194,1.4,1.3649999999999998
-3.548764540671762,2.7589967596635034,-3.3134016204005245,-1.7204594816751182,-0.12094748787181243,1.584660226971799,-1.5896588527784692,-0.3080718838415877,1.7277166007551594,0.3163054961068067,1.4,1.4
-6.568335918700664,1.7880783020925253,-3.076333963763443,-1.1397842978288337,0.6526518365563632,4.236245865944746,-1.3907713874441174,0.8256624086923736,-0.4539367410206156,-2.2985950208250374,2.0,0.7086714285714288
-7.057767425666649,3.482848552102436,-2.862443526185958,-0.14183518527691857,0.31716297137343846,2.367306829176083,-1.5715276143990402,0.3363305335421256,-0.5887781850838081,-0.873371284865169,1.4,1.3775
-3.750681129672567,2.4643291895042676,-3.6502636835386246,-2.0694024330495524,-0.2987142440192773,1.681727230029457,-3.1048860504134868,-0.8821799365733506,1.5977026849525007,-0.6418391453604912,0.3999999999999999,1.244375
2.870294188842782,1.3481934345298208,-2.2947448880610155,-2.6959731694966824,1.7307298923601275,1.6408994648646344,-1.548023632282584,0.8332523945799405,2.8216688151487883,-1.6298795697718973,1.4,1.4
-1.3963183311929546,-0.046238340715954396,-6.402781903785077,-1.0469917893948104,3.7269403055654395,-0.2437106230568222,-5.864176039783468,-2.265484093188503,3.2548938152856643,-0.09358457695553196,1.4,1.4
-6.9269288536088345,3.7008394901053943,-2.5994271344774504,0.06831815758075149,0.4806366868207139,2.3668282127083455,-0.4828373753562845,0.8335944812399362,-0.47999154942136346,-0.19495885618004402,1.4,1.4
0.7764732780671991,1.1982454314371611,-6.279596711899613,-2.735934803096696,1.7786758550748032,2.058581459971497,-2.738380588237055,-0.14598436957534466,1.7487695933652725,-2.0422600778008104,1.4,1.4
-1.1173777946246166,3.9908387712664855,-0.9634303358573,-3.210246316303478,-1.2042963004839022,4.0028122270060145,-1.4347259543397888,0.24498247463495806,2.4240760289650956,-0.9510640757759754,0.19000000000000017,1.3970999999999996
3.146458647121007,2.2262335044698385,-4.905504192588392,-3.134240287861528,1.412642499487531,2.0052690428403737,-1.5150685333218836,0.9652997013964901,2.3086161068181865,-2.205743455602256,1.4,1.4
1.7642138915057641,3.299975048645959,0.13319748122593592,-2.9799112032416666,-0.14660605337478017,2.375264932077186,-1.4387151556241387,0.4470572715785011,2.6185610234299297,0.2221980161909971,1.4,1.4
1.1685310255342736,-0.15165738880151705,-7.9201850259114455,-0.4678527996819723,4.6851718461404745,0.2371631715114997,-4.324362069127951,-1.0962740659098233,3.3869380953152985,-0.5215242644769145,1.4,1.4
2.236908755119635,2.7313317401752535,-4.0808479363811525,-3.014147226220086,0.7699263449271888,1.683900422704885,-1.0962832093626937,1.4312262059265737,1.8769474026496518,-2.0693536970915996,1.4,1.4
3.391325571122607,0.7632944693429298,0.4274503449849809,1.3348700093551695,3.4619973409375278,2.918563552473428,5.070732252336464,1.4319030508385195,1.8635505377353372,4.245132999043706,1.4,1.4
3.2008364925489854,3.1101712671159785,-6.476038584468384,-1.7143961854132135,0.9840694138269267,1.2076804688305465,1.776271058215881,2.1148753454174196,2.074585428728652,1.8336795340161227,1.4,1.4
8.988281075090713,0.8402103569313637,0.3084239059390345,-0.298732536152023,6.5864656550760525,4.745318985575341,1.3008525059819775,-0.37032147249413666,-1.577661202664317,4.011246959277213,1.4,1.4
3.013814859344433,2.4650884214440345,-5.105039144746323,-3.26486132161203,3.09907861444265,0.3614132545537751,-1.7214528407805234,2.5381505688637143,1.3551361590705358,-0.7152113866744364,1.4,1.4
3.3358657262562352,2.225035395640798,-6.113717101091958,0.02468503186082453,0.8542649921513008,2.343023580816121,5.328362537560666,1.6535099897945513,1.8638366526570884,6.07950920165435,1.4,1.4
-1.4147381961597132,1.9266589956708724,-6.535518773624274,-1.239361104176524,0.6835926939708423,2.1251131712698634,2.2221908469752405,1.4032405984567051,1.314536315555709,2.2354869233622217,1.4,1.3961999999999999
-6.912837594734572,-0.10869870253491681,-6.204833603270731,-0.5478835486715273,5.853149621320188,-2.3081555102150713,-7.480046178223314,-2.8321334663050823,3.86795240814341,2.2905471755740416,1.4,0.40084999999999993
-5.255723431467532,0.15869579989831664,3.0050612294259973,2.085403843721226,4.0804202465835955,3.9334231940033026,0.4939056050560818,0.9233246158573788,-0.22197096568549116,-1.6870716651951492,1.4,1.4
-5.479289834257089,0.7873753888556739,2.6645550832571216,2.181538836733459,3.8370573077964107,3.7292126348585217,0.4754076215137804,1.006201154685408,-0.5064331536953712,-1.44162281053731,1.4,1.4
5.323076070280771,3.6253001984538877,-7.836793701347591,-1.466958230914724,1.6858752669699448,2.8948835119950997,0.3666682717899253,-0.34656541605916874,-2.866658839230299,2.0732421545114423,1.4,1.4
2.330877719921192,3.1383753846392133,-4.7840275004391275,-2.6024292651534737,0.6930676530216457,1.73315810733609,0.17208902880935972,1.6083923539806733,1.2891874660914828,-0.3810673742899011,1.4,1.4
-6.918922211010952,3.5800172389071965,-2.54744876754487,0.10825650975972498,0.46494833747103004,2.426203013318589,-0.24126151947005545,0.874202025981625,-0.3754881879213256,-0.22598532247477351,1.4,1.4
-6.727932541807249,2.175603403988477,-3.023865120299994,-0.9398102614796934,0.5652197752266473,4.095288806458534,-1.3208022269920872,0.8469358602922714,-0.6190910566353274,-2.180614673443651,1.17,1.2941333333333331
-6.826590843843449,2.789487531308367,-3.01780935606545,-0.6501721357058872,0.45951108284730613,3.84670073541126,-1.218534555822482,0.8674027341013473,-0.9025304201653074,-1.9589075587875409,0.0,0.20155833333333328
-4.976004592802467,0.5280409857991556,4.300332158789469,1.898109290629504,4.1571369196831585,2.5777021120817682,1.0853783885733235,2.1400643838560574,0.29306117730704856,-1.1827710531919269,0.8500000000000001,0.5596000000000001
2.8448455567999,3.407506494826026,-0.806877806391231,-1.965989338227982,-0.20632102079567838,1.8931288811236888,-0.874264618611951,1.0112124201260735,3.127686451549512,-0.46239732416989865,1.25,1.3850999999999996
0.7454649033023435,2.4062733115359403,-6.465745989974607,-0.6011213316767495,1.2225831674971266,-1.0778149222173683,-1.679059970457335,1.1192088717423314,2.238980013325411,-1.1731458335578173,0.09999999999999987,1.0794
1.850999913202896,3.3971123377948715,0.255559132544401,-2.5085585567577176,-0.5734246913911301,2.3669329088104405,-1.286257022247411,0.22888040295538756,2.8287139899896685,0.00028444303594109635,1.23,1.4
1.0924700438292565,-2.9598810041537273,0.493076231218984,-6.476972693221893,-0.4014746776613631,-0.2119409983747512,0.6074100362234875,-1.2161083949729588,2.7102553429912155,1.512712862167319,1.4,1.4
-7.942909446330362,-3.651978761961784,1.0937700376747646,-2.5269358135725426,0.12816427263142632,2.373869313946964,0.2077921779579954,-1.2083554995967316,0.42443589285153815,1.2566067896851976,1.4,0.41159999999999997
-2.1834237145954614,-1.158260812600013,7.983442588429562,-5.8752918972871875,-1.3031236308576584,-0.5589012521324621,1.2972924789371454,-2.074849769282053,2.4842526615779383,3.492465141054735,0.79,0.524
-5.1352520735206655,-3.0112236221976154,7.359612591314314,-4.287978014443437,0.8228463193396881,-2.2754213286614897,0.6257656213220816,-2.3531653306722555,1.584313549481099,3.3571345136633326,1.37,0.4627000000000001
-8.417755120174965,-3.0218507479472914,1.1655013345172451,-2.353121011007437,-0.4537546085859734,-1.0369702132978562,-0.02201263923118947,-1.6210345495090668,1.2859458819436171,2.277403334428867,2.73,2.8435
-8.32264957280685,-2.786011081193821,1.9714279693076802,-2.941712141224987,-0.999047777959203,-1.5047928528145154,0.20721876419626703,-2.3177983930175374,-1.094372923360778,2.661036317314295,4.91,3.3249
1.486593833536273,0.11477929761082727,3.2476253563611137,-7.995550359579499,-4.425856651375988,-1.627284629828543,1.100849712284015,-2.061822286974963,2.002765089123054,3.0164947768810055,1.08,0.15700000000000025
-6.407143459030577,-4.337134024205534,2.3649028994934875,-5.5518004129491825,-1.854830612942129,-0.5633072052588348,-1.5617763238223377,-4.213375289475254,1.3069585287364722,3.3371260668547316,1.4,1.4
0.5562318441474192,0.5161897345953879,8.259642177944333,-6.680119997636678,-3.44828793696388,-0.34382572432660485,1.4397191255367243,-3.101563956022748,1.4598999842847173,3.3278719090654727,1.1600000000000001,0.44210000000000016
-2.0136080214165455,-2.51581160496952,7.872610513618474,-3.0547457761261403,1.5686844935055126,-3.4131530556870358,1.5328835329978314,-1.6794696686802713,0.5985979641755943,2.6835171648555725,0.22999999999999998,0.4203999999999999
-8.500988049369187,-3.2838401990407324,0.518684825625481,-2.939735577172715,-0.15728605221279626,-0.6844779089085546,-0.15687578096374544,-1.573638094777621,1.4512343512265626,1.9261700746713295,5.9,3.1348
-4.432506996477655,-3.461532457968372,0.11862824271212338,-3.2992381110760776,-0.34674579822840923,0.7019786724332294,-1.8590159138547036,-2.555569925333506,2.8791371960695233,1.9603600877028444,1.4,1.4
-9.67746593181506,-4.008716928250192,2.173406077274701,-4.452502174000946,-0.7469614942259319,0.34025257468624304,1.605279730962726,-3.0064358762167314,-0.18693666850147533,5.50767673408174,1.4,1.2331000000000003
-9.911732249623926,-3.780515075005958,2.8347170020846586,-5.233386695702765,-0.9515769352939479,-1.026086155417249,-0.7489798174802106,-4.257959174842802,-1.4372315700316234,3.655026522643713,1.4,1.4
-9.663789573269813,-4.52611373000466,2.672525383232161,-4.574877680459256,-1.0753528177095195,0.27792805944724236,-0.7325013875967691,-3.5281662541451597,-0.414976776825377,3.22266327874937,1.4,1.4
-2.2537914182936607,-2.7643134115079224,3.234376085196386,-6.572501111689236,-2.5517197636166404,1.3821474336813717,0.5408953243686919,-1.860226135511464,3.173814171164077,2.2357057514413228,0.79,0.2590000000000001
-2.4007399504799136,-0.22197215539450205,3.918056238530175,-7.374961541709576,-2.3609896119079394,0.19552366945176253,0.5143650122325452,-1.2072349980562709,2.0144693927848425,3.079199274587077,0.10000000000000009,0.18369999999999997
-8.226896602732284,-2.3429555357207583,2.786318751786828,-4.55350080732679,-1.5177194202637614,-2.4289808827055674,-1.3496039169532374,-4.0856397676427765,-0.4485405315307286,4.275828653318739,1.4,1.4
-9.262962727402439,-2.3227372753424254,4.1556669423055475,-4.519971469361168,-0.434300781902257,-1.5802411599309356,0.02316572470941725,-2.3730942870104577,-0.5845919646392206,3.9172385290161973,1.4,1.4
4.91275784156055,-3.0823132717420263,2.7554058727170476,-12.257012900609489,-5.026934779456767,-5.684423339895145,0.37907807968734836,-3.722852093141763,1.4957987403624509,0.10988159813722297,2.1,0.37400000000000033
-2.755034531727318,0.02247795810194232,5.133719601974752,-7.173438074950726,-3.8068361778733686,-1.348974602451712,0.5102669412673796,-2.4631291698691617,1.4628521891490929,3.3446725385608596,0.7200000000000002,0.7121
-0.37583400383987275,1.1277465517745031,5.157321848309186,-8.462524033057859,-5.864670722952201,-0.9790513810917663,0.5431487272322274,-2.8778932771070274,2.0559179395190452,2.923930422306067,0.10000000000000009,0.012299999999999978
-5.011787116710691,-3.974319755310849,2.7047599586240425,-1.6827365655738251,-1.1637610181335019,-1.4567687533619453,-1.2164140577280251,-2.506338404342375,1.5917172972052627,2.960587947133527,1.4,0.8753000000000002
-3.956460889471772,-4.214114155058095,1.7999407316290847,-4.859509679331545,-1.1311445351616272,-0.9568359038673664,-0.7705302505376932,-2.0626642067260414,2.2732854873155,2.455852479415322,1.04,0.2088000000000001
-4.351190071927536,-4.302526066677606,1.821281579604401,-4.823114278854047,-1.2309982012508556,-1.137153205964866,-0.6807781348250662,-2.5360837081567578,2.3043172621533974,2.573592279077056,0.3700000000000001,0.01910000000000056
4.6834647186220995,-4.386067218609718,2.1093921427679505,-10.867800064170149,-2.9745122342035075,-6.10060849071608,0.5683291772558238,-3.027141078006222,1.2862643175692832,0.2960776099696446,0.7999999999999999,1.4
7.051629701410024,-3.706764664267741,6.550697886285321,-10.941159835209143,-3.0069986560465938,-5.2359838187501255,1.8657650630625855,-3.168059222127281,1.5064788272112577,-0.41852447704383483,0.7749999999999999,1.2185000000000001
-1.8755972979978106,-0.9464453267056591,8.626662529322681,-5.615136303773982,-1.9099800392194926,-1.353739336821207,1.417606052369976,-2.041652758810483,1.9894067471993906,3.286453367799862,1.1,1.2068500000000002
0.48338220039927066,0.15231387224926424,8.63068509102413,-6.900914033891221,-3.9315148060278906,-0.957851621036208,1.4639282211889397,-2.451959894845749,2.5885216034224725,2.9079161886025955,0.4500000000000002,0.9574500000000001
-8.503446718976978,-3.3454277133456225,0.5876924918873001,-2.946462107846377,-0.15867771916413534,-0.7251144299233379,-0.1557925756787259,-1.6088529892612675,1.4475953080444635,1.9575858559875812,5.130000000000001,3.1217
-2.3151401660075335,-1.6069084777240523,3.2787017751273657,-5.6220997307494995,-3.1491397759846955,1.2920699463647247,0.5715248474789743,-1.5159880638111332,3.4453106701112497,2.008489833120188,0.04999999999999982,0.20299999999999985
5.9582198503071195,-3.2264156679509153,1.8382361831793317,-11.800205124642435,-4.546786352595501,-5.885825180352369,0.4215843840817458,-3.19885681660979,1.4314838537134147,0.01049128976091541,0.20000000000000018,0.7862999999999998
-2.735604783899093,-0.029658368941290755,5.023475352524514,-6.85851729581753,-3.835516441956063,-1.3990803654933028,0.4522461830482378,-2.1143012151715688,2.094726391221624,3.214260160631831,0.8999999999999999,0.5837000000000001
-0.4472299822882356,1.0152429863425438,5.011865766296322,-8.103749408967177,-5.762977556309761,-1.0112198270644355,0.5169084831595341,-2.496877603630489,2.695222405968805,2.8659481150037243,0.49,0.3054999999999999
-6.630848194201124,-3.9300520580942524,1.853113035392358,-4.247628243094324,-2.394057968466926,-0.07522422240317404,-1.6001697660377396,-4.405993016610625,1.2893570792839995,3.074254362995162,1.4,1.1826999999999999
-4.982350805590995,-4.090772977342135,0.9689319641032496,-3.294399381768823,-2.3486169014892417,-1.0727421462566897,-1.541005311150046,-3.641366933197871,1.7144238814867547,2.3704974701958856,0.9500000000000002,0.3154000000000001
-1.7581195030883638,-1.9981953229106904,2.1359232930527505,-5.59905897985902,-2.18476097075901,2.862448872177291,0.02909550273785169,-1.6878366819060164,3.783455674704594,1.547631031350537,1.4,1.4
-3.785866657527262,-1.7771646177032436,2.704523230583869,-5.326906851506221,-0.21618165011502227,-2.6949113395699196,-0.14967960099586947,-1.0514737072141502,1.937352494069607,2.884272439031506,1.3000000000000003,0.2565000000000004
2.5573918690441912,0.03925360724278811,1.281491350696763,-8.632137208598369,-1.2647457659452281,-0.6222937599066976,-0.07367256631190827,-1.050055276751652,1.7170475968242196,2.798154653683512,0.7499999999999999,1.3799000000000001
-6.018356508673491,-2.113139347238219,3.4799243858794022,-6.148347147306963,-0.9286635667694422,-1.9602671604841853,-0.6338245643771075,-3.011252227031514,0.6029023096527175,3.582123161645298,1.4,1.4
-3.9000705951444425,-0.7822323228628034,2.895251342888595,-3.6414508932603544,-0.38768564689172913,-2.9021110253200346,0.03239303404656848,-0.9858257478126804,1.4790247222833541,2.8425384938658746,0.6400000000000001,0.2887000000000002
-2.123799096419332,-0.7201518677041857,4.245352726535525,-6.808737634762428,-3.4538391838331086,-1.3013923782144508,1.1452697419700273,-1.4853330936175368,2.081358862715353,2.6717124761713795,0.5300000000000002,0.06200000000000028
8.169919230868514,-4.108991839816977,4.209331469525261,-9.255164287989215,1.5908543259804224,-2.0595927571743613,1.5832149859070728,-6.526903723571508,-5.375752381957782,2.9175290840468615,0.8999999999999999,0.3760999999999999
-8.513462292826919,-2.3474860552156027,0.6381238861864555,-1.7128449674644828,-0.21740582045539467,-0.7009957269931485,-0.22834999818109106,-1.5830237412047627,1.6109330685987004,2.2207865242483202,6.02,3.9039999999999995
4.984480101059435,-0.9026387333506011,10.017137261407834,-7.584501035811547,-3.7224502905804657,-0.00020436802821332221,2.6409540614354774,-2.86944962666228,3.2214875342508433,2.052463187670606,0.8499999999999999,1.4
-0.15993558458875037,-0.1303268939353001,8.519896486620409,-3.5732884102293276,-0.8704045619425557,-1.0562755807992368,2.012596841465596,-1.0949254473662469,1.5458887537717012,2.7804187037217543,0.97,0.40120000000000033
-2.786863126881128,-3.473410658810987,8.089274173120556,-3.874918991863692,0.912745361740363,-3.889807954815969,1.3541645598683205,-1.8625110448180104,1.3890150639449084,2.6698432459728583,0.01666666666666683,0.3469
-0.5034087591912753,-1.647512174899078,8.564788803320155,-5.443875141816945,-1.4304403006502198,-1.5370510130677006,2.15543511915002,-1.4764803046314157,1.8896294152667137,2.6759985152589856,0.32999999999999985,0.40849999999999986
-1.1892735805033856,-3.703065702311795,4.252884875997506,-10.117394227110136,-3.2265406097121976,-4.203068196898586,0.9544524485017502,-3.1069836874918138,-0.18052554021776496,0.9364218640951779,5.59,2.8506000000000005
-8.165233996272736,-4.153239182102169,2.1300462315751596,-4.635899234947817,-1.3638983167620933,-1.0263683066810791,0.9470332691289715,-2.6985606628010346,-1.6352117739088545,2.042629167029642,1.4,1.4
-0.9513684259143951,-5.490405298238926,3.757290907737744,-3.729950260733784,-6.989008051356607,1.8862930404065363,-2.160098614513235,2.5745444254677015,1.196300782430888,3.044109496080317,1.0,1.2840000000000003
0.08840408063949555,-6.321398687977238,6.958143516310348,-2.5445775719935853,-5.20326992128244,1.9453188073302898,-1.3788322916974032,2.400690108527554,1.2697812511594464,2.939883812630778,0.54,1.4
-4.274395068296785,-5.366507687241276,2.501125355455912,-8.09157327156332,-1.9813165986326937,-4.998448168467798,-1.0075536795119167,-4.918830915240748,-1.3142206572384556,1.9581139288302376,6.549999999999999,3.5186499999999996
-1.6230827877973917,-1.966309064002299,5.603211322860164,-5.372402199267696,-1.9756210343089535,-0.3798995494703798,1.5299111355202453,-1.7200383108685804,1.4591648573192686,2.746113800148339,1.1949999999999998,1.0900000000000003
-8.947876868632445,-6.076401757764422,4.711925915108404,-2.9488904131217843,-1.5670826331903434,-0.6028126837227666,-1.9741584901440796,-2.6686034789073645,-2.0120574905291493,4.3508441899310135,1.4,1.4
-7.443123809276675,-6.64444259063987,3.004986682051284,-7.304920592192432,-0.6845742831985971,-3.8716764395131023,-0.5440768390550786,-4.628624302917814,-2.33897029059591,2.3180504514622897,8.6,4.36265
0.8179729363927276,0.2733500124110635,1.1994610499729614,-4.33741047716339,-2.7853128043358137,-2.8559206320723103,1.4530521292029333,1.1571720381289399,1.8705704972451442,2.0801069515165764,1.4,1.4
-4.456590944055944,-1.8602286224880726,2.7147587045680197,-4.637457934156314,-1.8430309538194418,-4.2808312036024265,-0.09749006741784641,-0.8220829182162414,2.076271766320496,2.928164033478728,1.6,1.2277
-6.8998388412019915,-8.089395595538665,3.278223158406701,-1.08624641121015,-2.413533387429249,1.933817183048294,-1.150532724226106,-0.15832492935264977,-0.8883871941036268,2.035657385808388,1.4,1.4
-8.021081182825238,-1.7768696771133947,1.7515140190199738,-1.951965044110962,0.2510704237470049,-0.6307575529901688,0.9121431713457719,-0.11666968139268959,1.905258154054253,1.8853829016840071,4.359999999999999,3.1980999999999997
-1.4922753304482643,0.04492264633197811,4.994004452129698,-6.805961956230451,-4.33636639304434,-1.341035273996271,0.6576457990246702,-1.7022270618971391,3.465828167581473,2.8572964298057615,0.20000000000000018,0.24460000000000015
1.1616782567200366,-2.336991342661196,4.185747097725015,-11.370977703497912,-5.3942608778920915,-3.7762984043981787,0.864613307384205,-3.5159198295708465,0.43257272967698956,0.3230232699535634,4.956666666666667,2.2237750000000003
-0.5240613272013469,0.8754410003606148,4.813079643657816,-7.539004099917239,-5.880520620531417,-1.6949835244156044,0.54160527151435,-1.2682017121006781,3.792563178866715,2.8073633090265,1.4,0.67275
-3.922828814036406,-2.572468026615595,3.2908874247766295,-4.984505361316891,-1.866613433122122,-4.677187374344503,-0.04435960022418096,-0.8269166292103957,2.2955707929495732,2.7290835301608447,2.0,0.7704
7.587647462338974,-5.4910376881100085,3.042778632381973,-7.476171440183072,0.9568589191509476,-0.31742384239317906,1.4561721706227135,-5.486330127373958,-0.9337753494256337,1.3855413257815201,1.4,1.4
-6.54867663286117,-5.1191063244477375,6.304243476351614,-2.121968460747034,2.24424427990925,0.8249926507416303,2.405340065516396,-2.1595249456715653,0.3054409485762657,1.5085452417963494,1.4,1.4
3.189542255797394,-4.340455433019856,1.2024571669320776,-9.278613673677354,-0.9234831484375617,-6.167513948566436,1.0113735074984578,-1.249552620617469,0.18035199413000894,-0.4526289781500972,0.2999999999999998,0.5366000000000002
-0.6222452155032925,-3.552077449122285,6.781629059439159,-4.17806910856203,-2.4448045895877737,1.096962486676127,1.6334704808283134,-1.5247013269517027,2.412894172484776,1.5550993566234277,1.085,0.2804
-8.527664109951214,-1.9241398172769255,0.09153720410381357,-1.6695651830670737,-0.17198454518200065,-0.4045960473836702,-0.19531954394413792,-1.2725775681597913,1.656440048732575,1.9666206520896448,5.49,3.6815
2.4238643559577304,-1.0968321989330774,-4.610936443306507,-3.636986104460189,0.9866837998265194,-3.7162985312874595,0.6802140957749327,-2.9739035683207415,-5.5722916098167525,1.8734322651431663,1.4,1.4
1.5758821033480375,-4.733374949769833,0.5399337793534665,-6.711507081112521,-1.2070465805386508,-2.7486144879024623,1.4275946095898735,-1.200515477580514,1.3444914098774015,0.4375304877221425,1.4,1.4
1.5554535663345592,-5.061108934151939,0.8158893263324253,-8.122165363441665,0.8989574546400695,-5.704731203749316,1.2677126013225644,-0.480712548583596,-0.529296754123972,-0.003954488104744406,0.5999999999999999,1.3622999999999998
-0.8328625775006423,-1.0972621244220093,3.3536347064574548,-6.373233675823381,-4.038651966344587,3.212466904311528,-0.4102463172935619,-2.663040515496649,3.9750401377815567,1.8170644807064242,1.4,1.3996
-9.5930594090186,-2.2263370908383693,2.318700003599783,-3.189513520884071,-0.41079397400245005,0.5999570821624164,0.8947940302579078,-2.639091319211744,-0.24860285386762024,4.308967793299817,1.4,1.3413
4.689062119908801,-3.550857137448469,1.3479505687112665,-10.652098243848348,-2.9151417881693726,-5.809487232075785,0.7220022067870091,-2.212761171236471,0.8207232477349696,-0.23368393804547485,0.10000000000000009,0.7490000000000001
-1.6396775277,-5.2510268378562515,0.6067348950176834,-7.781458847548074,-1.7165245147121548,-5.509402490745769,-0.46767550494782634,-2.9138132052713264,-0.9907565246356494,1.2167836979569275,1.4,1.4
3.392453359141072,-3.0836682932443416,2.146724148574573,-10.061227778065321,-3.9972556891603235,-4.381503794950927,1.2390222027456792,-1.972929634628752,1.3564464917031327,0.3721907270641475,0.6949999999999998,0.8443999999999998
-3.93330923599556,-2.4578927037383846,3.566197249969038,-5.250518124568929,-1.3930886891396896,-3.94075880053382,0.08085171624835036,-1.8955216991622172,1.4500269782026338,2.8032587411776015,1.4,0.3235000000000001
-1.7961562985451018,-0.6289211871261465,4.4843487810663,-6.895296509146512,-3.675153677437963,-1.4945848679515483,1.118593241666395,-1.4384968860601528,1.9927411134500392,2.6029884389701468,0.30000000000000004,0.2651999999999999
-3.1368961325388973,-3.2328422436223647,3.816135860566328,-5.660120801436045,-3.9998494927276007,1.4156444953936476,0.21489488229058099,-2.566385437096809,2.693908248853249,1.9606878320210395,1.4,1.4
-1.24950097349937,-2.7571828299209726,5.018756938287144,-5.387543693719838,-4.294581076011453,-0.3694305360566745,-0.009270039059505143,0.1690785152571714,0.7833471186950486,3.2361486741404764,1.06,0.6217000000000001
-0.37331966774235553,-3.416167124574398,7.733117400092123,-4.445667103719436,-2.8526129467355084,-0.352427158924476,0.6404899131352992,0.058623112459879646,0.875782079978874,3.0931959199984744,0.9700000000000002,0.3129000000000002
-1.5687543910850144,-2.961583749135121,4.943613199332755,-5.205420139009531,-3.9129414272103333,-0.37930290624597657,0.06372340838072202,0.25671954056004714,0.7613347927710781,3.3405286583246863,1.1300000000000003,0.6240000000000001
2.837283667503046,-0.12245215562324271,2.537918361172403,-7.265953463830583,-4.866992814498529,-2.8750319795740227,1.1833706703787124,-0.6546403196293459,2.6486190096355675,1.98700641745031,1.4,1.4
1.1129976594062758,-2.2952512857448855,4.528135692661473,-5.678791641437673,-3.1412985223260033,-1.207461367937681,0.7323947722204293,-1.0047079068279927,1.8475761624231726,3.2665264583877085,0.7200000000000002,0.028300000000000214
-6.431974044225698,-4.3228716691661315,1.564402485293668,-3.948917627923306,-2.7996061588350516,0.20774507566331032,-1.779762816183296,-4.422829070908579,1.3566881195179716,2.7240269645324453,1.4,1.4
-9.822489227292069,-4.6850297865466874,1.9717390808154451,-2.799150039666885,-1.5347588686734566,1.5805502353819032,-1.2821946193204672,-3.7820180231940403,0.027033208333547675,2.92441959042101,1.4,1.3355000000000001
-3.1908807311662692,-8.200912531490017,4.064335089696516,-1.299264762291015,-2.369800471739262,0.04720730580842333,-3.2318215832860777,1.7410994207923218,1.1468829151296103,3.9279383120337115,1.4,1.4
-5.429499167072395,-2.0136082804004753,0.30027997686168884,-2.4884738432106284,-2.0198096398737855,-0.8944173063143105,-1.1598278160998923,-2.6622502845207587,1.7982641273244357,2.5983671027793074,1.4,1.4
-5.764021488523172,-3.656013223976969,4.702455147795143,-1.8582497326960512,0.37278223131833177,0.8489568873212692,-0.6508036066023594,-4.565447073810809,1.9250163004626006,2.8364655205237357,1.4,1.3989
-1.832424495326098,-2.6124903128582,3.0862768153508893,-5.400203172262713,-4.231658550859546,1.4463504721555402,0.7965584228954714,-1.5494270106563006,2.708465750885727,1.5331563248105464,1.1600000000000001,0.6855000000000002
-0.7391328621037532,-3.571271804667794,6.541298437934828,-4.055143478443653,-2.247090677938851,1.4859226770227167,1.6208908868911232,-1.7107395496568567,2.7660636514362653,1.4437022523924712,1.1400000000000001,0.005399999999999849
-2.13920906279875,-2.746133477474183,2.9238943772120614,-5.30007281848938,-3.9424327307946894,1.4618089226661728,0.8692069545145895,-1.4722853767618325,2.7018725663876118,1.65579322392994,0.9500000000000002,0.7117
-1.7307303256712234,-2.3011260573131533,4.525174937305854,-4.437754817521246,-1.5868894435978016,0.6646355899654556,4.1022565983238835,-1.6533291987595296,2.1746828873914428,4.943364557605664,0.44999999999999996,1.4
-1.5281864067171462,-1.6582676002138137,5.961815998707926,-5.539329152528058,-1.743811600476709,-0.7461670047693121,1.9051650371250368,-1.8679932945621391,1.2644378605850528,2.6717780104395383,0.6350000000000002,1.4
-1.6233028812041326,1.7406226375822411,3.8030906121394707,1.4398162321726662,4.29854862947244,0.8331326169226151,-0.7973433097516494,-0.427405870121869,1.506907682737398,-0.08710175799345224,1.4,1.3853999999999993
-7.073028866991363,5.847455064178053,-2.0710883875698207,0.0930558833097195,2.042464769251251,-0.38730418893415625,-3.3441131774306756,0.08630944011413628,-0.2185606722026908,0.9608124773811026,1.4,1.1176499999999998
3.7528965369769396,5.732187070920823,-2.2481104851429925,-3.729316842112418,2.3847630703449396,0.7533945326245379,-2.465384749620501,1.6716325971565111,-0.1968726394203371,0.9397344260214329,1.4,1.4
-2.4879257751311536,4.452866624652863,0.05823915450715636,-2.0115402834343428,1.9060892148039625,-0.723130451780074,-2.0069873106755183,1.2586464535778632,0.9161666634474163,0.5610825025142158,1.4,1.4
3.3809738731231573,4.828079750215126,-4.506377549052779,-3.544412104222355,3.774896682830239,-0.8803131273277587,-1.9191462256613625,2.8871555500506165,0.08313174615206168,0.08301757237145353,1.4,1.4
-0.3272397596327811,4.858571054250471,-2.505491953328844,-4.4159865354491,2.623792255929841,0.18764123949291647,-2.553619688614118,1.2030391839202892,0.2507355080021569,0.11990263743888689,1.4,1.4
-2.4661461969227743,4.44043429922109,0.04090765255629915,-2.0540813975432726,1.919902684163323,-0.7050784482276861,-2.011718761569134,1.2688624577125835,0.9250995133750873,0.5619343195728748,1.4,1.4
-0.5745132957405924,7.732375787878925,-0.5594379613898377,-3.83393613436117,-0.843703481682168,2.752449078740052,-2.2819895307199185,0.2533611278318805,0.7322733208055432,0.6207198334477156,1.4,1.4
-2.721969037134905,5.386647232372307,-1.2620492068682907,-2.148449445179315,1.1589285918300865,-0.7829638423030099,-2.0810951315839423,1.4683708524189196,1.356614977852136,-0.05974762998935711,0.8699999999999999,1.3346500000000003
-0.5577604057347533,7.936879547250198,-0.5630589640781453,-2.9853986620025377,-1.2967516519967994,2.2284945922329786,-2.200697571300096,0.9375611064196658,1.653734485407686,0.4757755783439826,0.4249999999999998,1.4
-8.24054952232114,1.6634120524367413,-2.3146586016842856,-2.508598671067551,4.4106290248005875,-1.9575693674515409,-4.2605720731385155,-0.9362789218076412,0.49349438193708567,0.9306645035356508,1.4,1.2819999999999998
-6.261511039923033,2.6387428352624425,5.514606755527324,0.7924647823803141,4.750557523502158,1.1848033834181715,-0.7132805222463737,0.5365535118568842,-1.1931616313741422,0.9162586811642115,1.4,1.3699
0.42742569095013044,5.918005161104556,4.169607178971853,-0.648446929066144,1.3327754017288764,2.186847337271537,-1.2378709400374794,1.064810055521194,1.4978495244165246,0.9909956193087859,1.4,1.4
-1.9631793783573057,4.123524227195639,-1.9811696395087695,-3.836340340777119,3.3063885977166088,1.8849203333416442,-1.4797057841992394,2.1686802088182024,-1.0900729221906857,-1.112645851238697,1.2133333333333334,0.9003000000000001
-6.3282510669584475,4.192380535891918,-1.1447022188513083,-2.485553903984681,2.648750443718034,1.3289392320632882,-1.9410985069387674,1.3502083150013322,-1.5039656195425786,-1.1731585006241174,1.4,1.373325
-8.263313462528778,2.9762969528136036,-1.484301680636709,-1.3469062003755135,2.9091006482987565,-0.5236612991830264,-2.9175681207478816,0.04463587391855446,0.8314450973045835,0.8518315933494738,1.4,1.4
3.591788278039755,5.629172371190051,-1.8735843183922685,-3.653851306520694,2.2288928606213583,0.6656344160448077,-2.4458226819505864,1.7519215725083894,0.14659757792045705,0.8572979715008999,1.4,1.4
1.1459968476987565,6.756843920573622,-2.15479361394307,-4.83090768315803,1.0648227579535885,2.151541131418657,-2.687361787427979,0.7027886993746639,0.012201667835658493,0.2386341426938792,0.11599999999999988,1.2462666666666664
-0.4376680827548475,7.0616659869779115,0.650205281020934,-2.483599642466212,-0.8141179105069379,1.9580243213067496,-2.1690744831599016,0.997458628067331,1.6069681465272745,1.013944677367347,0.635,1.4
2.815835030699329,5.650919223101013,-1.1771082700994984,-4.049355031282924,2.092535850310116,0.9240025707582766,-2.560737404193112,0.950930360050691,0.06714099922314201,1.0516146467666152,0.3274999999999999,1.4
-5.747213250410354,4.03999312700468,1.486204214983242,-0.3509485127366386,2.4824919602347593,1.0926529184854443,-0.11604893938707761,1.7978246463841465,-1.842110570219209,-0.2324708719914706,1.2400000000000002,1.4
-0.13586211900218625,2.9342310432430287,2.933187878930467,-0.538632461035933,1.1633674711683848,4.719262920451861,-1.0689939510641586,-0.16783861103120165,2.6546212273270977,0.29163133911067346,0.25,0.72785
1.205280953302111,6.454696643692878,6.393195616176281,-1.0550842579120372,0.037349674961310725,1.7735881077764053,-1.2785880445013464,-0.6154516049083207,1.6931042955248443,2.1483353057573606,1.4,1.4
-6.4437884139646675,5.461874401765429,-1.4305472560204804,-0.6659727672808735,1.3805657109554346,0.9628890488349436,-1.125048207515596,1.5270538079118974,-1.4773693316214183,-0.5154379413083933,1.4,1.4
-2.7265579260716075,5.362823067345659,-1.1422788834483126,-2.4596948730471766,1.3563495241864878,-0.5495766987757759,-2.077903689724018,1.1257844840237272,0.8940806167371287,0.04208072265879309,0.040000000000000036,1.4
-0.586524776554618,7.915503232390507,-0.5093957393656725,-3.306086162997369,-1.1319666478782218,2.4533467510342546,-2.225712531375856,0.5848187726415988,1.1764318937139975,0.5741257696654968,0.6349999999999999,1.4
5.952907679376817,5.86496424701609,-4.703770602015816,-4.819328425883589,5.079642586113114,2.392595130937662,-3.7290625872932437,0.3131332567601213,-4.878831453381069,2.1204630920068155,1.4,1.4
-2.592828008660236,4.4866019128133505,0.04621192276702734,-1.9449541833125998,1.8775954004594357,-0.7440656452246304,-2.0141869304014866,1.2164455954415778,0.8816701696141833,0.5598596238643364,0.5499999999999999,1.3881333333333334
-0.4585143555894725,7.072611726404707,0.6278315128379538,-2.8106352641310837,-0.6300194219543933,2.2591845612023476,-2.170316457258387,0.6784263596233622,1.1622681680988922,1.0713327497194827,1.045,1.4
-6.376063393242628,5.0015454752831126,0.05262317573515685,-1.3346487318581735,1.8502671405460092,0.9283664002793275,-1.2025406867691073,1.2514294511459192,-0.7992562923132273,-0.2723818656534683,1.4,1.3490999999999997
-5.798791364518067,4.811255069057711,-0.40253165832365656,-1.257525271680396,1.9956648382083353,1.6996000516244925,-0.255889330433843,2.4896893261515527,-1.276459794158235,-1.3142426668092253,1.4,1.4
-8.67102113495692,2.558062245457567,-2.0805930754669,-1.919510288614787,3.644677892398568,-1.215654816264218,-4.265522324870383,-1.2640611809713203,1.0572746497097079,1.73131164915041,1.4,1.4
5.94986383722203,5.947080300611272,-4.7741829601130545,-4.761571140182208,4.975740505872447,2.34801992135608,-3.6689963097549647,0.27386606453566165,-4.907946256276432,2.1181075795646627,1.4,1.4
-2.6790205528289612,4.7725830977844925,0.32830825124736046,-0.5898700341809756,1.2593170158694966,-1.5395443688638137,-1.844787640352922,1.4137411935930744,0.9897624723805475,0.491224378474563,0.5999999999999999,1.3965
-2.891747638055165,0.7560487564508668,1.8152209616467259,-0.5950506853244598,3.7112215957072094,2.075037435188704,-1.4351267420132399,0.1275395254045159,1.548366206604405,-0.4366074999679975,1.4,1.4
-6.3122886442848785,4.806678656510799,-1.3999524020387806,-0.9158014844523044,1.6208803768194977,1.4995865053760429,-0.7515365835723429,2.1736473832248757,-0.5688084683303269,-1.2572723898456388,1.4,1.4
-4.618091854662325,2.330058360765867,4.028591522975467,0.20038243345508566,4.762530992172917,1.6076434407299962,0.5430702935289563,3.0923374175412017,-0.5068840984378713,-0.5960556977931685,1.4,1.4
6.54216182261047,4.013500887576733,2.6635281669965782,-1.6077492194622671,6.77883958255904,2.0325822987617497,-1.3821827787538266,0.22393546472858408,-3.0224659670443965,1.2221765060776209,1.4,1.4
-0.25184648464724196,4.720177484354678,-2.933042303853384,-4.000486752026719,3.364406068077567,1.6263571464335345,-1.6566650680103578,1.8509506409534293,-1.5060287560891807,-0.434058190564297,1.4,1.4
-5.871042920717099,4.724392301139596,-1.067298719962482,-1.9081007960260024,2.143690716020049,2.215395684560137,-0.6156049967961832,2.3424051885444928,-1.7118063405449793,-1.5178004433446366,1.4,1.4
-0.2300483241895586,4.866945460657612,-2.5529006724869996,-4.444969773614789,2.653898816027968,0.21386136777346668,-2.54727282947254,1.2107638701587653,0.21183365152422992,0.13457755832071,1.4,1.3503
-6.366672001651011,4.889604087540265,-0.004788949472155472,-1.5738924583771556,1.9025348122768664,1.00567073722321,-1.2933605120667127,1.2406426894296874,-0.6825605834127255,-0.28160971567979354,1.4,1.4
-4.053788210120795,4.438386628591167,-2.1217700759628726,-0.8946343336692291,1.7987666710426677,-0.8397185512810372,-2.1350924323516844,1.426022132795912,2.2802244583178193,-0.24451633096871808,2.21,0.3433999999999995
-0.5893248870645098,4.894512142760064,4.98738367910728,0.24626873887715706,2.419645602844125,0.544945481482808,-0.05950970087070497,1.3782480294565893,0.821464036312979,1.1054743532709514,0.19999999999999996,0.7683499999999996
-1.1499680902090847,2.9116738231721833,6.029964022942728,1.3576754379481164,4.445208739927192,-1.2181791173559258,-0.4672897913602858,1.426832857816946,1.1716849029500538,0.5221671286602955,1.2799999999999998,0.7862999999999993
-2.4443169064997257,2.0385470009550795,5.473641901223812,0.20566082843564815,5.351784960154462,0.36149537828042905,0.4276268857918283,2.1875743513000465,-0.8916403316535063,-0.35708262988590245,0.58,1.1271
-0.770097971846304,7.0384554469112945,-0.7019147771708315,-4.734985243449604,0.008289772342016041,2.384931213668993,-2.626402196999376,-0.4523640678936415,-0.07963026479904069,0.43703699282634567,1.5987500000000003,0.9449166666666664
-4.976173841779526,3.8152606543387213,-3.767314461816817,1.190346116524803,4.73478147086901,-1.8731872695678458,-5.743817909916015,-1.4511748949580752,3.698834079346768,2.132240446069901,1.4,1.4
-3.35970940815579,4.903478652412495,-1.5785788078276495,-4.08370284082494,1.7165391074599192,0.5466910461474632,-2.339783971219906,0.3224126928981359,-0.7536685325519056,-0.48114495128515794,1.8564285714285718,0.9557999999999998
-6.777313802813933,5.156280440675921,-0.8981559770144526,-1.4956831731009903,1.540745771112109,1.0236738957040796,-1.6803985249177176,0.9950774846380686,-0.8780810318809273,-0.18133094419656,1.4,0.8951333333333332
-6.100208321154743,4.075207585074866,-1.0977525364628093,-3.017528903135627,2.7886684099185834,1.607367053236788,-2.094886571248614,0.8645862170399984,-1.8868561435203541,-1.0229212333687656,1.4,1.4
0.08233325695936844,5.873689192233191,1.0640648451766397,-4.285990879606454,0.5248358689738588,1.774035244361555,-2.2589092537211837,-0.28560256396768036,-0.02387267599969941,1.0385756397697405,1.6280000000000001,0.32367999999999997
-6.32576502501808,1.8414454988680968,-0.8765131271727158,-0.48490348228367014,1.9934564878215912,3.9527943228267275,-0.7239388576980383,1.6750980655536853,-0.2644921292910116,-1.6117590405070832,1.4,1.19885
-4.866553815292136,4.661939666084278,-3.1838137969549565,0.26661832478825737,3.7374968804132,-3.4160951080184696,-5.874998307457801,-1.0321890686063315,1.756887023654695,2.705273937025879,2.77,0.34655000000000014
-2.6521143577703925,5.5003271416140125,-2.022485265093981,-2.0413564207423467,1.047627837365262,-0.45362022782922534,-1.723926718975655,1.778270119531068,0.44205719842760743,-0.7560415616404467,0.05333333333333323,0.5364999999999998
-8.574437015560575,3.1994113112294302,-1.8385756253028778,-1.0871705786797128,2.7005324910429387,-0.977791926385809,-3.3383207621541393,-0.48619950861577227,0.8440485016178136,1.2500225757591412,1.4,1.4
-7.3133602074827895,5.438372484409665,-1.0929905395283264,-0.7219504534210291,1.205330755006144,1.053006651468205,-1.3793647400206719,1.3108071867933138,-1.0781740030333713,-0.3988384577597348,1.4,1.4
5.9827673235553185,5.67383964348203,-4.462060228178963,-4.924962186635158,5.202444453223714,2.4107361358400428,-3.765134655235223,0.563554349688458,-4.895638299924224,2.038761234625801,1.4,1.4
-4.066790254491896,1.7142185555541458,4.492329137153387,0.5212752000729098,5.867153399388566,2.763976995185611,0.45818540251757806,2.0841485573117984,-0.9474748343278245,-1.0974472110604718,1.4,1.4
-1.2539342167898242,3.2138965877600416,4.676881531408641,1.0245047076575484,3.990858860364149,-1.3302965655586623,-0.7497510228964622,1.483017895142289,1.2323052421176521,0.7025202426106908,0.08999999999999986,0.6301999999999999
-2.4865226901390636,4.660884385165583,0.3821394547959304,-1.3031358641582533,1.733148556520514,-1.0027726179944023,-1.8641483977066462,1.1537503720589481,0.7246182013275516,0.5711051313932695,0.010000000000000009,0.5348000000000002
-0.38074234514222993,7.253483803130068,0.8996515013237466,-2.1576505774032033,-0.8077011249668475,2.020843350024138,-2.063142860418977,0.6133494951546287,0.9888155647220689,1.1176097006379768,0.34999999999999987,0.7648000000000006
-5.899040324546018,5.049625838322253,-0.020050862465793382,-1.0818381394452488,1.997075193710348,1.3551597126147343,-0.4313406858018254,1.8073785008378538,-1.6757496929966074,-0.7574519151630819,1.4,1.3187250000000001
1.7984205335754238,-0.15775672948549707,-1.2769938780274865,-0.370721214634957,2.864472265890081,-2.7690532683682396,0.30723093053654077,3.98081470654509,1.2652848055919697,-0.19722831212601152,1.4,1.4
3.536893102237323,0.10408834461840571,-1.8394391652812603,2.2328176288482653,-0.657649793701152,-1.1147204116608385,4.338142183789753,1.2046830620737556,0.7634932492337381,3.515541566868698,1.4,1.4
2.089746437427906,-1.160127845064553,-0.5314211645287691,-1.714085986499748,3.6062567598672493,-2.422791118153909,-0.43403064066330266,3.044652529438746,0.10560360791723403,0.5342820078544638,1.4,1.4
3.9815165218254926,-0.6037052072480059,-0.7353755051982604,-1.7402208456341517,1.851427588703784,0.41109635433967245,-0.7218131140171445,1.4592325631608336,2.109104674869877,0.1037227423556789,1.4,1.4
-1.9602348784022392,-0.9891368889620021,4.863444438875452,1.3652421641646526,-0.8212617012885274,-0.7342545927710291,-0.7123642852994868,-2.159980696763695,3.270486746618553,1.7299152617489155,1.4,1.4
8.439020945642499,-2.093447507249196,-1.9299147370215748,1.8831496301213233,-0.559783056568082,-0.4487617407652825,3.1205555993487306,-2.0152726682831754,-4.116162520699079,3.6152791882107644,1.4,1.4
7.734209874827861,0.1610296393813325,3.347903515831808,-2.574342963807193,3.5467459780159363,2.2082963565096567,-1.158847473506279,0.4297655611097218,1.8499103925427902,1.7650133643280754,1.4,1.4
4.0157748835227185,-2.5975121836379134,-2.054261404854528,3.177841199807297,0.8982899604760501,-2.4482949502466558,4.583790192048935,1.1347754103757133,-0.45924345269122374,2.5631186880319228,1.4,1.4
3.2269341816264894,-4.570991833233614,0.3263800682840686,3.98786810410209,1.8800809947224444,-3.5884594730451753,-2.320452249741098,-4.7877892353406315,1.314348302872048,1.0082133552788934,1.4,1.4
6.925572870980058,-0.7595776840817199,-0.3426087346365665,-4.300246480697985,1.4203810651640445,0.8585102212676532,-1.3519897696089753,0.7457444377023542,-3.4891211840688605,0.6734251751631039,1.4,1.3829999999999996
8.35029961124082,-2.925895050807496,1.2456482416986479,-1.3657449606160668,2.339469590159647,2.130768785118996,-0.5234570894110846,-1.6437020602082963,-1.8278109808176817,0.05007208793260269,1.4,1.4
6.222865816716051,-2.340305930299635,1.4557065090931807,1.1101743243595956,-0.5522933542787297,-3.336119255640304,1.1807159416665018,0.23357664344091866,-0.4173876318848051,-1.7540725138501267,1.4,1.4
7.570131396635507,-2.8258989532847236,3.6594900916810116,1.7829261600345583,0.8288236040994121,-3.5905311187589364,1.853553636845255,0.22676886415509523,-0.09309657000532384,-1.708833133984041,1.4,1.4
0.25743370899321116,0.10044642880416976,-0.8350106386490161,1.7420278743860234,-0.05218369226364218,-0.4689383250597288,2.537927064513441,-0.015500794722851765,0.3789694464067754,2.0668617961440416,1.4,1.4
-5.724082180097682,-2.4290149738204123,3.449907079832984,3.001761658467348,-0.16385162204745207,0.25406325103378247,0.501595055491926,-1.3395763463836778,-3.107540868412292,-0.30458111010025285,3.6,1.6749750000000003
-2.541135396681488,-1.2999957961706665,2.755416495541762,2.4792243278967727,-1.193847100797572,-2.2072440491413046,-1.4061072533350192,-2.6661899945689567,-1.27040424308643,0.4382692786988971,1.5550000000000002,0.3193999999999999
4.942039420957549,2.5428846828496003,1.9805225599440721,0.26870836160519407,-4.189913682043528,-1.2470341963542932,0.6973522165400383,0.18495442738588153,1.3474474999449635,-0.3406120330788598,1.4,1.4
1.8035694750161322,-2.876720619646293,-1.8731885750708512,4.0627649312074015,-0.38330586481253737,-2.054832014355005,0.0799031164964476,-0.3931718546348697,1.0745033192510385,-0.8015663885610134,1.4,1.4
9.132200780998927,-0.5765441457734711,3.107811830710205,0.3495340638166528,-2.0127399203629226,-1.9582669906409895,1.179407215597295,-0.34192460015508436,0.40404913996310327,-1.2869188322694456,1.4,1.4
6.658963756246456,-1.147060691827673,1.1346747326603928,0.6921654395881877,-1.9430453767990041,-2.1839539563807486,0.550020448092399,0.00902770979925281,-0.19397800157706407,-1.0595328791655834,1.4,1.4
3.886554746808381,-0.11079646603583257,0.3450641083245584,-2.4389688620265857,1.7617527747948922,-0.9071701241743446,-0.7214375936703419,2.6071784545917187,0.5211112363709461,1.1637461187841194,1.4,1.4
6.956937376112887,-1.1112172816785313,1.0169503617116875,0.9930934471471927,-2.208470561204238,-2.0032419233564704,0.5459733294524299,-0.5789795153020968,-0.026065598558372156,-1.3704475055469534,1.4,1.4
3.417159360352641,-3.647523035789186,1.1380485819874173,3.0055745396991553,1.1570752344017694,-3.1182654749091934,-1.0568235133085488,-2.450777730426153,2.556058735243581,0.07017620180548274,1.4,1.4
-0.1607219428992255,-2.8639562508229734,-1.389735557941764,5.288559588986146,2.5050789838044283,-3.708986006639906,0.07824715187146838,0.09883296624373743,1.229121932331173,0.3070937778243047,1.4,1.4
8.309943624844147,-1.6248424956810321,-0.02465192852266424,-2.976334325780798,-0.46660334926271124,1.2002928899810823,-0.929396129155119,-1.5237702968766216,-2.6552233231453353,0.10207511741366153,1.4,1.4
7.225359679541279,0.1088074087379578,1.7842850476951713,-0.5778924091355973,-4.261184851141312,-1.612836416162669,0.4443990226718676,-1.3420826014666147,-0.05373858020288017,-1.5396154811281462,1.4,1.4
-0.28001894160859897,-1.355540122471888,3.118700132995673,1.103828837335193,-0.8911486190788607,-2.9803292897051077,0.3085761710920875,-0.912185849105831,-1.1753810149523694,-1.0070881999550791,0.030000000000000027,0.4395
9.617152503202892,0.29978840046618854,3.4413763285291967,-0.7615521712800456,-3.9195483567410347,-0.5586706334553649,1.0935338774861596,-2.2388676532921212,0.8870859742888156,-1.6042616008561297,1.4,1.4
7.611839320635001,0.02274988786342194,1.3522559331813104,-0.19944086861386362,-3.9259929681726065,-1.827639641758078,0.4988111966239486,-1.1819300015802228,0.3449591257199153,-1.6916772781536886,1.4,1.4
5.6175529692550255,-1.7127821655435869,0.4198688103874787,0.49847988320132747,-2.6049137557936644,-0.292031121429212,3.42699336999357,-1.2345439601302555,-0.01780564165569539,2.1815925257670292,1.4,1.4
2.9520848895890675,0.2768024605487099,-0.03689172879881265,2.33106726275869,-1.400819769962659,-1.1245032837194646,3.3199762605845717,1.456880847490096,2.1730220946198013,2.734862861370006,1.4,1.4
7.618381169019813,-0.8281975283829118,-0.47289700827944825,-4.357415362375034,1.100518637012354,0.4787437481003952,-1.264730578676281,0.38597619102538916,-3.5072667586105344,0.7871931047721454,1.4,1.4
4.619011538917396,-0.6719710957321036,0.3015722357496972,-2.6883327014263543,1.250777090050099,-1.5114917669758472,-0.6852533082399687,2.1562968459499405,0.12161089856182251,0.14242833369417282,1.4,1.4
8.077973661345993,0.7124865396794842,4.641873830598307,-3.2815674841726534,1.0879973608587568,3.1129389352254897,-0.005791319348223076,-1.1398813611024663,-1.877075791862966,1.6186269717251216,1.4,1.4
3.969194524442798,-0.7142901260500867,1.7533678238877086,0.7134737887190984,-1.9608060936394955,-2.4430659541002115,1.0952831935397185,-0.0592514021261996,-0.862907559330689,-1.1163654850806926,0.3999999999999999,1.4
-0.4584057950734848,-3.2999820072152137,-1.4101424901249533,1.497717342440289,5.960230753278824,-2.2369012737794725,-2.173894030273192,1.1047789582300809,2.635407286762945,1.1620199138738407,1.4,1.4
-0.6108723341307779,-0.9372721786748465,-2.465174418491053,5.244647514363139,2.503163671344066,-4.264676847767022,-0.5423611518719104,-0.17163055634523025,0.2329356730170974,1.0285901678448612,1.9,1.4
3.543352882642833,-1.6527959280669793,-0.23042781718431268,-1.8732984858978723,4.803553005724624,-1.295547203671063,-1.3911567892603443,3.292353369652554,0.4662288636076107,1.7602175743176987,1.4,1.4
4.829784682826072,-0.3746524360350713,4.932659790523199,-3.613819954926696,0.9373104148346049,1.0896374069091388,0.3015920446197446,1.844774590403797,0.0778132928736614,-0.7659480029337076,1.4,1.4
6.701457927892335,0.7419564929693625,4.744918057865895,-4.298851829327416,-1.4577508568861208,3.5200314534394246,-0.16396068479294998,-0.8169408934443632,1.2520290139305341,-0.5041488148767904,1.4,1.4
6.7968057192496145,1.0919180088713993,0.46111393966751046,-0.8822195098134885,-2.1316860214057534,-0.09915569329477847,0.4507512637187104,-1.0634002478430422,-3.7672071152492577,0.8240154568127126,1.4,1.4
1.5590258966316766,-1.1966000932564549,-1.8116956700462634,3.508343240551871,0.4933562990384762,-3.026086280364035,3.5509552051598243,1.0247674154511446,0.708604491076479,3.025550738146549,1.4,1.4
2.8349293734588077,-2.4221546474427615,-2.977258580167859,3.6867016230784198,0.8429923754198626,-2.7838345579347346,5.090257816708013,0.7839911821224308,-0.12664735490284684,3.7247604902577414,1.4,1.4
4.852898501333402,-0.8293288732729506,0.8653267589603553,1.1400460697056811,-1.3701008976658566,-3.303112684513522,1.0336254497722681,0.19095935774906472,-0.0052584871031220995,-0.9219519706477346,1.4,1.4
6.368620136858867,-0.3759398535123865,3.098509186723124,-2.7881081602802,0.9673666748561448,-0.0015898084937646304,0.006016260692880921,1.9860174373630424,0.9221914857684467,-0.5589538532270834,1.4,1.4
4.416850404251097,-0.2055260320245506,0.07768340520386723,-2.995902939893231,2.4537521416535375,-0.26905601639101623,-1.0830753184920199,3.178682076354159,0.616978844525935,0.8675370093857498,1.4,1.4
8.252758596280938,0.19215236356525056,3.233480021047574,-3.1175034174075416,1.9268391401181644,2.649420829267547,-0.9177908672247901,0.7233793115011741,2.431213671490168,0.9398752626675159,1.4,1.4
11.147614936975456,0.5540651517080455,0.9263846953541977,0.16332561401796986,-1.7643278748175748,4.182593186037525,0.3279209471763215,-5.169963297446706,-1.8556535887873091,1.163886183838512,1.4,1.4
6.8488675526947205,-2.0129448101152128,-2.7628238644621583,2.6045843236115434,0.9151047156026855,-0.2668796829636164,0.619137445899549,-2.042236354291918,-4.148748858643354,-0.05984567700463511,1.4,1.3864000000000005
-2.372241304909879,-4.000267896780668,1.0365429254013347,4.005505126760407,2.038650216435482,-5.508088323308516,-3.377015563515261,-4.189341748706224,-0.4988422258765855,1.4656178031657252,0.9500000000000002,1.3485
3.41586909736432,0.6048679505728981,0.1414922185566023,1.8120223196415581,-1.1610497872290637,-1.56049210678472,1.9638958293644286,1.0086244092757373,1.3269232395497255,1.7912948080802717,1.4,1.4
3.5822074214476975,-0.7611078509119995,0.140213263727403,1.1583203260043538,-1.0491346128426975,-1.5433529392807697,2.6038743704360727,0.6884252188661757,-0.21438389861101084,0.3043140843587458,1.4,1.4
-6.430870815438,-0.15578687048622453,2.0623947460164387,3.0929526495209108,0.0178460374521862,-0.35368631520136484,-0.16973662918773344,-1.0574175061722686,-2.417774832099804,0.569887113330075,4.98,4.487
7.708201615587712,-1.5815714652250639,-1.4964507830246832,-3.265334329817125,1.8749317334902198,1.246932264444213,-1.3603039267938362,-0.5233313075881603,-3.2222128694244954,0.6530436844069234,1.4,1.1872000000000003
-2.7772804277056578,-0.8427363755780637,2.550158067277625,2.4866642421073846,-1.1682021196181993,-2.208149454311944,-1.4383528974212088,-2.5796172888953746,-1.2821789745431234,0.5484982016931618,1.4,1.4
3.8660456681306004,-3.1299335527993626,1.7603588435535151,3.4191910716259444,2.537377009802979,-2.732434399479603,1.7463685884537525,-0.47913345052204526,0.16014728603588546,-1.160194400592443,1.4,1.4
4.898479317106966,2.8013501741338716,1.9051092677167023,0.2848895470905251,-4.178835131109931,-1.226081468016385,0.6583399665513634,0.2031601925883301,1.3180968695023656,-0.24812718173350318,1.4,1.4
5.580924468476491,-0.4205612193793834,-0.7285165098948961,-2.8651971482482708,1.3916054852308868,1.7699571350157415,-1.217812290670688,0.6764014850438929,2.1114608728626,-0.09511614784260969,1.4,1.4
7.110847585795761,-2.6509316634358493,-1.3711079620048456,-3.9081936807138544,1.0410082756597903,2.7610178455638255,-1.3751190500273769,0.8118527575091058,-1.7118779030187872,0.48190909979097524,1.4,1.4
3.3332670636322184,-0.2924903965422076,1.1416435286258344,1.0401572056066524,-1.203680166993985,-2.1247653114092926,1.238155596496363,1.4980791433396163,-0.9384931313781256,-1.1556991144150033,1.4,1.4
5.725961374681222,-1.114820170079555,-1.057500525896884,-3.4142864504528085,3.029547053418383,2.260860744521542,-1.5600605532228777,0.2797222927429321,-2.2525306387959017,1.2029074030949098,1.4,1.4
7.926496108325182,-2.264878161904685,-3.1301728399428512,-2.002120689965488,2.3585133458209393,3.2892730092276166,-2.089793636669486,-0.6464201234287026,-1.9322915804449408,0.5029147850059634,1.4,1.4
5.310264451852835,-1.9129695902901482,0.06371196503420536,1.0293673212459877,-3.040847073121143,-0.33393838026000083,1.0144230616469416,-0.4550982508116926,0.6521993165295153,-2.5451067700193657,1.4,1.4
1.3832762248560162,0.051234704684622885,-2.5728238833083092,1.4759258845783412,2.2446922884118186,-1.992421360563761,0.33067681288306294,1.9345048290920501,1.46053995846279,-0.5987353729946792,1.4,1.4
2.5652543786914093,-2.6846822861633424,-1.8600616503191538,-0.29410025877692697,3.7537792684479148,-1.2052334352900083,-0.7073830847480009,1.295373724620981,1.1940347386730192,-0.6245224839154685,1.4,1.4
3.83025600670127,0.7451698396280418,0.24132583856075016,-2.4604630070664237,2.415583279897329,-0.7274975626206033,-0.4753325650494779,2.264761388834788,0.8930253854347299,1.0705735258009281,1.4,1.4
2.24905511500042,1.2951031031077131,1.9196248143050165,-3.6251155986111976,1.6142694708994987,0.3868133889490475,-0.3716447395724933,1.003380275087007,0.5227003816388038,1.070898171653577,1.16,1.0161000000000002
-5.558089532111522,-1.4335459613916586,3.8880201622066313,4.412827372943897,2.069396126688062,2.5718012632214755,1.5420675195206495,-1.2424958332851326,-1.0178856921520785,-1.2963404742047644,1.4,1.4
2.68051877135761,-1.0704747165118205,0.1565193639320935,-1.6800647575846768,4.55010968190816,-2.4972287593678315,-0.35255751864943496,3.071418366266748,-0.15840790865594542,0.254049965736699,1.4,1.4
2.293698386844005,1.737615900511457,-0.3626459104182698,2.7676966129316534,-1.3454909318761914,-0.1770564419787619,3.9916154562240362,1.9718590196208863,1.9644583058643093,2.0006198600752483,1.4,1.4
-1.452970296897925,-3.356884039855016,-0.15919188205277432,5.974358038213536,4.434720315621429,-4.090374696550463,-2.557162465796529,-4.137705010085602,2.2752740005582317,2.4324071255656134,1.4,1.4
3.4911119749788546,-1.1832440732556329,-5.306058343727686,4.518660535334352,2.1898063937000773,-0.6116682590841076,7.216926112396755,0.4493712067030184,-0.019541771233969853,7.869575623067564,1.4,1.4
4.115722236442214,-2.781030347930842,-0.5920220987720521,-0.4510470182895343,4.698730601484575,-0.8271113406258189,0.40175857365782525,-0.8281028417251606,-4.332510286774304,-0.5867938422927993,1.4,1.4
-1.5376618486405151,-3.3314231751619094,-0.9270533980958298,5.867440587510196,4.159723812264385,-2.878696320651539,-2.1464379694359583,-3.3699297811329285,3.218661742712839,1.9114411055804903,1.4,1.4
-5.648735021701567,-1.795591196589785,3.9317295464209625,2.953850199304324,0.8715217970684871,0.21602409755094099,1.2555343911888304,-2.1564741462094292,-2.8039450462858677,-0.6360705199022444,4.02,2.687233333333333
0.2692569411320826,1.8009368639362502,4.578798668153448,0.3246490810829347,-2.612248143631363,0.38784787901890627,0.9352253879789338,-1.390603077525639,-0.11605196720294828,-0.13857866360401938,0.26,0.08969999999999967
7.216487415839224,0.17033731987488593,3.5879098613635896,-3.8674781057909353,1.167525294979244,1.180437157036171,0.05114120325312058,-0.12096046986513197,0.8082460845608348,-0.14026211980105543,1.4,1.4
3.9884410230617666,2.7150882592683954,3.636959480505347,-0.9182375786038592,-4.105000647314889,-0.2764227277550632,0.7813885224644715,-1.9431209786540675,0.7144357346078605,0.10320080162652807,0.4999999999999999,1.3478999999999997
2.642318426238912,-1.7057832778341895,0.17539957903225398,2.455491527174981,1.4872755815321688,-3.919561019064336,2.94055423721885,1.291862421055297,0.42693057252980093,-0.8030960425616295,1.4,1.4
3.29209893550812,-3.0756449754281627,2.020809349611343,2.4652272842622946,1.9968260585493727,-2.637206762713035,-0.44179814887505175,-3.4788095866332442,2.171995786108097,0.15428699707036814,1.4,1.4
-0.19331237712510602,-1.7533914980634804,-1.2008005059909195,5.0068540993261506,3.2590889902169993,-3.925323062748661,1.2682763100852945,0.6001832800092437,1.09349434732404,1.1260182601562712,1.4,1.4
8.312316865449974,1.618740753206792,4.7787288184457655,-1.6251748082759159,-4.388096143246389,0.8971373986592402,1.5336301846046074,-3.314821037559635,0.5610208933031349,-1.998782992463053,1.4,1.4
7.231405906696794,-0.967554442988874,3.406470086823322,0.714685957259084,-0.29721131438334425,-0.9252182036613807,2.950183910078379,-1.3508472841274424,1.0892967186843665,-0.4274952762999603,1.4,1.4
5.477438959841277,-2.3876532818727734,1.4577042286613113,2.0140092172374464,0.5269259006924024,-3.6991092934978456,0.5520385450608992,-2.739033089739414,-0.41921301987305826,-0.6798591109501536,1.4,1.4
6.376167647921899,-1.2975434345071704,4.066164578346909,0.3582411180309385,-0.8450738622188375,0.1471894890713671,2.3073088709287224,-1.8631312195124032,0.5697840827289627,-1.6967427696597528,1.4,1.3928999999999996
5.228657173280657,0.5422088712106796,1.1678469847412396,-3.658514019619894,0.33647415559699767,-0.2624245251441823,-0.148659004080137,1.2262047710872945,0.7033091958310367,-0.5147446930156468,1.4,1.4
0.7981586476785741,0.14619744649223015,-3.2818769933363465,3.894356715928556,0.6869248305756719,-2.570043529111618,4.506159490874336,1.494982730353971,1.7765812220946935,2.9192035275369626,1.4,1.4
2.694979199856094,-1.3768325465334814,0.8683259703379647,2.1238824776849277,1.3812851159640411,-4.509974569190976,2.1014147448233573,1.1873753552526507,0.15896540246935806,-1.6902290774238933,1.4,1.4
5.472119763936409,-2.473496095979883,2.9338904574738667,4.5017597621611705,4.157786299054594,-0.8258518016537406,1.409074453088342,-1.677172722710056,2.250188399192276,0.3783961266838801,1.4,1.4
3.325758199462766,-2.6300229822184242,-1.225368736286062,-0.003769354196597257,5.789622685675519,-0.9455900957681904,-1.4814451090867402,1.2896252639201393,2.0056409320075828,0.6211541540718359,1.4,1.4
-0.5297046638018225,-0.7447240564391819,-2.006294386878774,5.176475084021901,3.009113597667035,-4.2139810561474595,-0.23452267183322748,-0.3545947584295093,0.18918744209919913,0.8147517431991922,2.1,1.4
3.6574221978354853,-1.2787539403893602,0.09667654779621766,-1.8288327282300516,5.442589379206585,-1.2931542004238687,-0.9457513749257378,2.8552639671153477,0.6436486623384743,1.546117870277726,1.4,1.4
6.137826676454955,-1.2338431404257344,0.09548583356776369,-3.2543714572822777,4.00798968658115,-0.22927217938045763,-0.20924206660309502,0.12106387051145456,-3.726278260098108,0.6384577141778602,1.4,1.4
5.101021990744405,-1.0020727144614554,3.7395769801525613,-1.9761925807149974,3.5630026608048118,-0.8427327279922487,0.8409055596490624,1.6585621395449732,0.5684683506095375,-0.5419964384663278,1.4,1.4
-1.372513759607588,-2.7961779342118307,-2.7125554781246275,6.2154123963706835,3.9780650507356836,-2.2598457069414044,1.7705973430524928,-2.2716706141241096,3.5409606441918866,6.026888506010991,1.4,1.4
9.566858016170904,2.8756712440826067,4.332634625336754,-1.9122247027394668,-2.859503080415333,3.1709453313299516,0.9561260086324355,-4.411817375853623,-2.5794590981773573,0.7925070845279452,1.4,1.4
14.499147961295314,-0.015770387058008595,-3.1489840324280416,1.9391922176628003,-3.641730250443511,4.31816593987661,-1.3558065175444916,-6.576140022326008,-2.7200882739598393,-1.1518943999601594,1.4,1.4
4.935976361058886,-1.6489770152905332,-0.9813267082330455,1.915190930035484,3.2442095434807423,-3.5188639482810817,1.0961797734292187,-2.6341560785267584,-6.570290767725916,-0.6034535536164137,1.4,1.3519999999999999
-2.3443238957927455,-3.467678829123638,1.6427038621989134,3.913386882057475,3.000780368856005,-5.414674114112232,-2.739964876825339,-4.811211461518765,-0.32883207255957264,1.1842189710578452,1.3000000000000003,1.0851
5.591361377683558,-0.32740498901964254,0.30869317919860667,-0.3741279799214954,4.224675104932513,1.2639360824767047,2.6725365799712266,-0.09875510698244154,-2.849387507246029,3.2178061691076847,1.4,1.4
2.8275203191029283,-0.9622864508356999,-1.9127492724292137,3.1941365308054506,2.5978334209553373,-2.018389517789279,3.085542702250556,0.4462353628320158,0.25054883771804437,2.659076363629806,1.4,1.4
3.6345801250739487,-0.3536412719457829,0.44063542763891345,1.2275200188978475,-0.3797476283778519,-1.4382459439531328,3.0166194696758195,0.17030380759397903,0.01666469392214902,0.08437164350540569,1.4,1.4
8.510337911856775,1.416132627473203,3.682091146525726,-4.369898907328479,-0.5976335829965124,2.2457246450441573,-0.29995388763539577,-1.0390053571748379,1.3777042760734308,-0.09677159503032134,1.4,1.4
8.065878244457654,-0.5032144404858151,-2.257965794723711,-2.882346811643459,3.5096747310748144,2.6175962672467845,-1.7093427527972747,-1.1494975639054341,-2.4677581607373424,0.9374594057148817,1.4,1.4
0.10388915727469182,2.2313875489489394,4.456497982191563,0.3724908976111172,-2.6335328053876297,0.4244731395346247,0.854415645149091,-1.2720923906322386,-0.12568996708820893,0.004489346250105948,0.32999999999999985,1.2318
3.252794609610167,-1.8583197421546764,0.3620941772488268,-1.8028886752677253,4.303642854912599,-2.860543854879722,-0.12900524647795528,2.5187153823771657,-0.5403970413342181,-0.21915801990886677,1.4,1.4
5.949082757200266,0.3870918523717574,3.532058679446101,-3.303106008616171,1.0248042308268146,0.48616664870465087,0.2641153657736299,0.8119649862702055,0.895683265123297,-0.4698571591482217,1.4,1.3615999999999997
4.983145564380819,1.3497828073753142,2.809475320752112,-1.1597244792729806,-3.575802051824237,-1.300276454534683,1.056249368331645,-2.2653202114744087,-0.19774880252225294,-1.3046258779778053,0.4999999999999999,1.4
7.19656731298424,-0.2464756689390305,2.9999198370349993,-2.7662880912770182,2.4693981188015175,-0.5575502483283746,0.29509983648804844,2.1293629103598377,1.0447309991647158,-0.6952951883878649,1.4,1.4
4.631869799303926,2.6065063942766487,-0.6279500827085924,0.009793575705065397,0.5063483393261028,-0.515812262473829,1.2261458064515869,-0.8467885365880233,-4.050154453388174,1.21921712761415,1.4,1.4
3.8491225876710575,-3.1709074369130716,3.3252679322501293,-0.5178256632967457,4.577651810566648,-2.6586949189378397,0.2786274204192147,4.349435474953829,-0.1476543683939716,0.008824122387864147,1.4,1.3807999999999994
3.238705854788167,-0.27839412452300755,0.6800389192778752,-3.4423555325207005,0.24362117123726298,0.3752026221011191,-1.5358455219070737,3.5143063776719106,-0.14022238727279107,1.2763082661767826,1.4,1.4
4.4615281770254835,1.3581194158347543,1.4711733108561067,-1.2551657918721264,-4.4377421186513315,-1.0080616187239209,0.40489450459393306,1.1870560893622786,-0.5737212471073287,0.7525937145266064,1.4,1.3276999999999997
-7.120711783787876,0.8468514142400565,1.0357699287218893,2.476368972359097,-1.1018912404820107,-0.4115252613635985,-1.2370848576918159,-0.36124860683747184,-2.711211092937263,1.9154436632267362,1.4,1.4
0.2085014825132051,-0.1491528793576904,4.463548669263823,0.12996147927362084,-4.057760093585595,0.3566329634658073,0.1746154543527429,0.20289810886346524,-0.3405252882354253,0.45252383575791894,0.40000000000000013,1.4
2.0800839772498882,-2.399267523226215,-4.162920859633398,3.693408871905108,-0.47800516717953695,-2.197449014357392,4.405441995139027,1.7488567896208551,0.28942730474162726,4.727260537332298,1.4,1.4
2.5319982232548695,1.1000955448426755,1.6856741771873265,0.8232897878298513,-3.5810322465986166,-1.891760755629394,0.5210611294780547,2.245320156427549,1.0605739095642894,0.26997523514412725,1.4,1.4
0.6009048543917527,-1.4975887045136083,4.173183315787565,1.7917292114343137,-3.954975993076486,2.757274884617041,0.11248197681263715,-0.2471030608925045,1.0716554071280036,-0.5183347118369909,0.30000000000000004,1.4
2.0090449824006757,-2.8334068112101263,6.172177457100337,1.3035776585720826,0.5246613971342465,-3.0308932183468156,2.855843374748501,2.0086302784631767,-1.800929261090494,-1.8844480044424163,1.4,1.4
3.7903782255245035,-1.5948164545177588,-1.2618176279236513,1.7284913872158485,-1.5593996570602828,-1.896419355168673,0.7583692465125352,1.2525866487702684,0.5551947550647788,-0.2926201690787837,1.4,1.4
1.744096812351551,-1.3509333705735194,-2.9458495270828564,3.42112431399622,1.467021972363119,-2.1060398125007773,2.0504653074795893,1.7036881040067522,0.8013769275223388,2.948489462844605,1.4,1.4
2.5565546078022368,-0.40017669766413416,-0.2671161771198147,1.042572551622442,-2.099386551071881,-0.6286611359606008,1.937952845715136,1.5522434249060024,-0.29588147076982607,1.8116277776084655,1.4,1.4
0.10170044527569437,-3.4952166981938135,3.5464296182526223,3.8539269598602544,1.0370623812444926,0.40486483711943166,0.5912822413771552,-0.8146325942781961,0.6689056511584907,-1.20790753868914,1.4,1.3968000000000003
0.24479700896164613,-0.033566803416270836,4.896178413204554,0.2058079187482948,-3.473052283405846,0.534539019259617,0.4607752809111927,-0.1360403969670159,-0.2695121911454202,0.4156128258315203,0.40000000000000013,1.0718
3.264250706916763,0.19101616227891025,0.46801558897424145,0.38400263678762364,-2.115375442741642,-2.158330622845499,0.40449695677309266,2.0688646318002206,-0.5639184018873505,0.971106114782464,1.4,1.3911499999999999
1.4395415710849682,-1.4373526686392326,-0.14830990192011603,1.405115622939113,-0.24009932614608728,-3.4366492983570835,0.6621370434223083,2.2282521407592912,-0.9426613151841173,0.1084919593600251,1.4,1.4
1.9621148181113797,0.3789369174573962,0.35389996327811923,-0.677320430282283,-0.8215121746510562,0.705508087436739,-0.5389198593793609,3.2565474932876266,2.4620444002283937,0.2728887407667873,1.4,1.4
-5.895411742192892,-4.039954407161419,0.46102358058925935,3.9657214389030844,0.8113937044027727,-2.694858025260393,-3.5956123117256156,-2.801754609843485,0.5013406067602434,1.4604728881059452,1.4,1.3965999999999998
-5.796797514991795,-2.6484696950301903,2.9672374248479367,-0.3963319284799631,0.12705308671368112,1.2898960858737958,-0.5042624737962862,2.4513661016147577,-2.303877147522706,0.653370628607972,1.4,1.3834999999999997
-6.462057638010404,-1.1785608121726128,2.1528418360620214,2.879690057951668,-0.2578865091203153,-0.26032350429431494,0.36658407854690106,1.5064933886253906,-0.28444644507929207,0.304388404869263,1.4,1.4
-5.938628443032213,-3.4343012777317874,2.8305328597149635,2.5606206388753447,-1.9482053455331363,0.02015413965089252,-0.40655421547357934,0.01111551125924185,-3.6458640335699304,0.4491855862624265,3.1,1.4
1.2940929364575566,-3.438996650680242,3.6090238681250066,0.25834409170017064,-3.991229703430664,-2.3627623970934692,-0.8193415087551085,-0.10493755545000474,-0.4235859783867402,-1.1039698251066543,1.4,1.4
-5.458288598345294,-3.876884451575825,4.2592179489044595,3.986544521597837,0.36772345971482967,2.2666864226730445,0.7476255328633123,-0.2528980892141735,-1.5007064470419067,-0.4481194599708953,1.4,1.3584
-0.08970236415818182,1.2235379552942311,3.8337580095407544,0.10612580048090557,-4.647960943838403,-0.40417560439070743,-0.048888473250579205,1.3050190318497,0.24586867605437387,0.7917495725758882,0.32999999999999985,1.4
-3.434708667108461,-3.8367233946993315,3.3184327065543298,1.3712642789469291,-1.3929727425643534,-1.527910530322848,0.6519643661745211,1.1669888130219388,-3.074264106025259,-0.6983268648770422,1.4,1.3979999999999997
-6.158483384910758,-3.487548198610092,3.4291715819004884,4.439881683166004,0.6365725279297852,1.386970017533395,0.3493170392762283,0.022668148401672555,0.20854370106907974,-0.2330609557591678,1.4,1.4
-2.255970667903288,-0.25214578707478036,2.92042576017227,1.647429779041043,-1.8777970788740936,-2.7202720156562714,-0.884225195379821,0.5665018545033181,-0.5883690459142584,1.0358388677735053,0.19999999999999996,1.4
8.056235717559101,-1.467547532829853,0.4555463177161978,-0.5839048824435424,-5.808853948560405,-2.5582870775705397,-0.5364963333501489,0.260630991005906,-0.6643495115976046,-1.3841366470009997,1.4,1.4
5.022350918901769,-0.8345516838827123,0.7348768157625113,-4.263093891975453,-1.8672569397325132,-0.6373089853320935,-1.3025051588142793,2.631614588636456,-0.3930281461152545,0.3381288754449408,1.4,1.4
-6.4270691246885425,-1.0263374773908627,1.3235505010393753,2.722603876773809,-1.5318717145647383,-0.6104480746534465,0.1643407376895794,1.1482218731699623,-1.5558969422135438,0.1418277114920211,1.3400000000000003,1.4
-6.386698547841427,-1.6021288037579096,1.7382275558867473,2.7595346735052275,-1.5812867580756216,-0.5804093943474131,0.062350901945976554,1.020817201216502,-1.8840214764217085,0.19379071309592097,1.4,1.3945499999999997
6.974753080656562,2.5725857900555753,7.620627437076027,-0.8190071274436238,-6.090641367898931,2.3174338409210455,0.8260916014202707,-0.846365139980607,1.3283342943899195,0.48202270247900286,1.4,1.4
6.321969903469536,2.182784161521044,-0.5180470248871114,-1.4657555267651143,-2.8084065124758335,-0.18260453636531015,0.2098681211884374,-0.08787700819938443,-3.9046718299540304,1.7525227977275235,1.4,1.4
-5.407325042828861,-3.459485478429305,2.0499288080446676,1.988225326297596,-1.67658692029075,-1.8721795118144633,-1.6156220828553975,-1.0663515817796174,-3.150414800084073,0.4332694336841779,1.4,1.3851999999999998
0.01955170733200948,-0.7102474422553359,-3.0319717045400316,2.670431876897835,-1.2610406955322835,0.2493702316566057,4.493251241166588,0.7388957345989614,0.5970821596038105,5.557116661448428,1.4,1.4
-2.7025878330403224,-0.3703997397575794,1.9758059208786471,-1.3751446741188682,0.23984243208087247,-1.2434731763296105,-1.870314319958288,2.0962613206937304,1.0547507649236603,1.7020083557326506,0.4500000000000002,1.392
3.536202486721527,0.44133522717616874,-0.335655745236849,-3.729378931550172,1.6775461217883327,0.05605155098538158,-1.6075492866952004,3.5177792612548404,0.3999880270490251,1.6629623920144112,1.4,1.4
-4.314359618658475,-2.7729947515234827,2.8091241454914457,-2.2073689130218606,0.8040702784293646,0.0854733640966224,-1.4576680859199647,2.101721698589651,-1.5212447693217532,0.47918315034601905,1.4,1.0977999999999999
-3.3027941838692025,-2.7412244093633724,2.42241973578657,-2.127023080423171,1.0378890208147744,0.03741734992887152,-0.7329433454728175,2.821075447313429,-1.8781946226516784,-0.007490033220200505,1.4,1.3710999999999998
-8.178622455916942,-1.8123087056394276,2.9056612057804405,2.419304431276669,-1.681072906830225,0.32089123186141166,-2.126184253382217,-1.4962728666603864,-3.5253965273476027,2.2256772270142138,1.4,2.4887
4.145511102857763,-0.7372396164817551,2.8823079612218456,-0.1493592837321716,0.9553728057293146,-0.5777281296531744,-0.44254259911548255,2.526646812885048,2.0558259664019705,1.5122774125418645,1.4,1.3992999999999998
4.407347922176857,-0.747722015975348,2.656636816856905,2.825561435834628,0.14438230693128354,-0.1886178095249647,1.2287287013134887,0.6586086214146205,2.3340401416641416,-0.2363173925079554,1.14,1.2375000000000003
-2.5574268637337827,-5.100873156616753,0.36417355148313907,3.5554287294882916,0.1564211637152577,-5.810833695449188,-4.3432793135702275,-2.759876177020821,-1.0846169582275418,2.1968472547127527,0.1499999999999999,1.3895999999999997
3.304718122459118,0.20700656174852738,-0.3116595659416308,1.6739388284324217,-2.2280979946456516,-1.6897242374232215,1.1894179963104656,1.8824912278775625,1.2869196990130434,2.2151768321505103,1.4,1.4
-4.148029961111833,-4.8181491154296205,2.217849952969864,2.081867497829205,-1.8303508293336455,-1.2167423526383925,-0.3624178942426808,-0.2563840900314045,-4.137681626018152,-0.616294075107241,0.2799999999999998,1.3234999999999997
0.9531815381450606,-3.8854581746733534,4.141978744382577,-0.925307665620176,2.574586302592742,-0.5064742499657464,-0.8781812112371484,2.155148579530646,-0.2584810128073629,-0.3644567790577743,1.4,1.4
7.55718355513321,-2.34100283655645,-1.2659568545182707,-4.424150081566693,0.21353995651227262,0.5384298072592962,-2.6210661606373473,1.9076350243736946,-4.378195269270668,1.3667656505659336,1.4,1.4
-6.03374214869144,-2.6066792468168485,2.2463450999722725,0.08643177822110662,0.7468605262878459,2.3102532322009828,-0.7761944877867006,1.8965648981873424,-1.4577400108089495,0.395482691319493,1.4,1.3901999999999997
-1.0735646120799553,-3.597865833584226,1.520624351559602,1.5564601312840811,-2.852389074433005,-3.2190719369458014,-1.8629622615171417,-1.2639216910386764,-2.5758246847675683,-0.17641874175516623,0.2633333333333334,1.3882999999999999
-5.567304550756726,-1.5057252099340679,3.5528242464470576,2.1821636887662135,-0.9192238548871441,-0.24769164467734917,0.9462668316510923,1.804981436820465,-2.4837718764037797,0.29878797657093537,1.4,1.4
-6.287864535365284,-4.322514074845651,1.0386779622629871,2.986675841257967,-2.342167699760821,2.262392592328345,-0.05626950146762,-0.3962107497409382,-1.882605510782426,-0.7243262708341368,1.4,1.3908999999999998
1.2750109393631415,-1.762321670883866,3.1920339860838767,-0.4898658413357042,-4.559374538435648,-1.4497016980428763,0.08489730942447805,0.6703056004796687,-1.7801693100704115,-1.0418032250269555,1.7000000000000002,1.3822333333333334
-6.320639960241119,-0.6866422596907238,3.3113332533524464,1.924554967813367,-1.0062783016458188,-0.6494865755745914,-0.18762636453740208,0.8790652624362844,-2.029111172178529,1.2429806825651935,1.4,1.4
4.78822519692211,1.8462280543829788,1.7161893766403467,-0.16172339868692986,-5.450061671078641,-1.5283717716687597,0.18599746532986647,1.45159861306226,0.9561613617448347,0.15817879317910402,1.4,1.2942999999999993
7.4742426322921345,-0.4299737782340036,4.735120617583055,-4.064482661104698,0.551567172529342,2.2731993788669413,-1.314008756238754,1.6464705522234948,1.1188037831364113,1.829303880817369,1.4,1.4
-5.598350823180369,-1.4956058504174834,3.46363446936566,2.2566270444745355,-1.0618094517778547,-0.569082635618062,0.946904522713807,2.109444047589162,-2.0654895560313182,0.24326135033036214,1.4,1.4
4.9075467121369805,-0.6416442638754616,2.2007963642351998,-1.5725035829259684,-6.053279554834131,-2.0025770244870054,-0.18820319402405516,0.21712972728787858,-1.0234198587867283,-0.9715984147463197,0.6066666666666665,1.3248249999999997
-6.9459250654525855,-2.958916020725937,1.2562170038990121,2.9962034322836093,-1.9421655024886895,1.4964279773802691,-1.1140835709178192,-0.9299242277017554,-1.1028273331223775,0.27739938876619613,1.4,1.4
-6.187971785468634,-3.546477599909275,1.1231560592040757,3.144521016749198,-1.933894917262402,2.233218298781369,-0.08645330727344602,-0.2370872612300525,-1.9334953403908188,-0.5988045860506608,1.4,1.4
9.882769813998445,-0.6217779869892167,3.4257613131830484,0.038898936405705936,-4.187503423311061,-2.149865325484797,0.9939815418324277,0.27602017832768494,1.132388308942329,-1.1281101078738334,1.4,1.3143000000000002
-6.4019769567612315,-2.698683105264665,1.1270096845023623,3.044715541984719,-1.576652750806861,2.1736611797758805,0.05000122982143104,-0.12782603935270392,-1.9452432139647162,-0.4219947458237569,1.9499999999999997,1.4
5.3918737342700025,-2.637065630209372,0.013729442299810327,-0.1289703284104556,-1.7253492522036011,-2.039104174671263,0.0930531526717135,0.7095271546055275,-5.349557092793302,0.5495728198546739,1.4,1.3678
0.3019101252723306,4.447009192565331,-2.128876260405655,-2.8087494002479265,0.5411408433049054,3.5388939788477956,1.4346913819698213,2.0918203977425955,0.7684823009928692,3.2268373826980956,1.4,1.4
-8.01928700758681,3.847098567364725,-3.5202374563629353,2.6905808201793815,-1.0987049832443392,2.727705045546374,2.9157015175017236,-0.48329974602968606,-0.8733812386791322,3.3327676965635313,1.4,0.609878947368421
3.258371584671925,4.661738691608453,-7.410760142025138,2.147867346057323,-1.6179069556832206,1.2439939151785768,6.751104054509708,0.38876020833114183,0.7561635753386549,5.677735495430483,1.4,1.4
-6.77485530858646,4.39755608497497,-3.0219669785713585,0.4516767133192854,0.6071025008449104,2.3126019008580467,2.0229174243864785,1.657427170257572,-0.5394366194982029,2.0942912400321574,1.4,1.4
-8.120871109005932,4.122576499675331,-3.436410420109234,2.671762581564704,-1.0436576128254962,2.6271811415206217,2.6013859400733885,-0.5188425933999037,-0.9839490994023359,3.2410542753810514,1.4,1.4
-6.297150614084606,3.572335270629048,-4.26080452437063,2.7905128664240797,-1.1301269946008585,3.031921771341063,4.711901196666011,0.7085468304906604,-1.3511618078914134,2.2365057315878905,0.8000000000000003,0.2875705882352939
-0.35428098041396716,3.2392613253540805,-7.295445771577586,2.2051437124449467,-1.4966549627866135,1.0665362855517517,5.454447549499414,-1.002146963667063,0.628456966345071,5.935559672523295,1.4,1.4
1.9589757580051732,4.922069661472966,-1.520949765451095,1.3097844705813653,-2.6281954108087437,1.4794882497789892,4.3098690028336355,-0.2868091146010749,1.9012929683551885,4.718732277191045,0.9299999999999999,1.4
2.4122227442593873,2.601994239286782,-9.484591249105154,4.47318843282973,1.186858089981336,-0.7953495645960073,6.127190710928564,0.9474991765613016,1.0506135586522778,5.967039623710128,1.4,1.4
-0.5958958913505805,2.3892746700781085,-8.32074284924637,3.9565508532736664,0.8395757671781248,-0.8921782837034213,3.411433144144097,-2.125433178373665,1.6055037400104093,7.389591275046988,1.4,1.4
3.3089573407014448,3.5047755729862957,-9.291165544032506,3.1347266195665746,-0.23075439270132883,-0.7983346218895208,6.485053538891474,0.6007015535699577,0.604761264097724,5.994872444165864,1.4,1.4
-7.422141545721615,3.738725202074429,-3.791881131505095,2.688683901213589,-1.1635286188887055,2.7004007456309096,3.680810027918398,0.16042543353143565,-0.9631259809659999,2.5113858452991025,1.4,1.4
-5.840577998711866,3.0353194533742784,-0.7260931997230512,3.066996418013747,0.16691488625496276,0.9355649838984681,4.022685967865397,1.6745308341302352,-0.19953931865879215,1.9398915818990479,1.4,1.4
-7.647922898775796,3.7340401343724703,-3.7333256824899155,2.6946906159918087,-1.1475271159883258,2.6560920318205508,3.3635820770698666,-0.12735855621205008,-0.9286035019652714,2.7450508422465933,1.4,1.3049
3.757800133517675,-1.7076597719700977,-2.45883533354314,7.05115899602709,5.1322334133630685,0.8336564615892069,4.3295056382106205,-1.986628813983826,2.054266873639662,4.541477225703851,1.4,1.4
6.3736890732473475,5.412977180441238,-11.062387848136272,2.7077080033549197,-0.12146928599239583,2.4921704164795955,6.056015243050618,-2.124848882782914,-5.772065453144176,8.497285566643521,1.4,1.4
-4.773935633267661,1.8400420226133203,-4.19889656290124,2.7155415983306197,5.036335196618773,-0.865444570059281,-2.473457241242651,-0.8223814901147182,4.2285796445443795,4.45864747406322,1.4,1.4
-0.8410477679457562,5.143693925795415,-1.4076663001084173,-1.6982200430603274,-1.0641356334422605,3.7809033322575996,2.2313742604701923,1.095086573838894,1.791202793537659,4.145425971097495,1.17,1.4
1.9762374905843016,4.780043162650867,-1.396510493365362,-1.8685889212588935,-0.8855872567671105,2.4793726331936194,2.2834542639300075,0.8706050055699164,2.3841639053026538,4.696877391644077,1.0325,1.3975999999999997
-6.03435579220408,4.686867525296453,-2.040297390527451,2.4831655955227583,-0.20590608529576057,1.9028725662074526,3.7622424434468233,1.4924876777075156,-1.3271420256512845,1.1456834744451416,1.4,1.28615
-1.6061756590565357,4.020041145938099,-4.099617095894839,1.6748438742805232,-0.994852031778744,-0.21872140257436648,4.153886918557427,0.4739511705121535,0.8449846073187453,2.554850373714915,1.17,0.6726000000000005
-3.7517830092367217,1.6652880149109033,6.048631245711499,5.139212000095458,3.8392277199977003,0.7392778661320506,4.557517816208876,1.429868460000314,-1.4113367258150304,1.502781030559511,1.4,0.7799
2.887920989381634,3.7977531828196387,-8.199417430167749,2.6661720687875596,-0.2115174457428571,-0.6743477954328222,5.772441141276797,0.9173798682611002,0.4382554939992501,5.002380128541381,1.4,1.4
2.510010844863185,5.012985891545334,-6.004394172906839,1.4458346201738712,-1.725166766281397,0.8793360656986943,5.074395759564552,0.5702174200369275,0.5858820261982828,3.3209702130196765,1.4,1.4
-3.1789749567702534,4.021604067999034,-3.883992243837353,-1.3658890715475613,0.2120790002749378,1.3744975004053885,1.5804484853422296,0.875500539841453,1.4204507349240858,3.6509333196672245,0.9133333333333333,1.4
-0.9876708969029068,5.945520763789095,-2.428524061126486,-2.256829598215481,-1.5148620155509285,3.910444692519421,2.2532362278921916,0.9684822337318947,1.8513513402445043,3.776081434506545,1.2449999999999999,1.4
-0.35523121377957795,5.218412971322922,0.5252826303909114,0.352607153340257,-3.5711672422896816,2.5570751307751487,3.561537083362627,-1.405724519314328,1.4327464317593035,4.9741771695768255,3.7500000000000004,1.4
-6.8489459631055025,3.2106051474714428,-4.2364179770638435,2.378936957556234,-0.8432948303679363,1.8920723055117523,3.3632445564123445,-0.3025486969000184,-1.3813854294503392,2.1722178083728956,1.4,0.4841734939759036
-2.0220835141338442,3.6212823346228027,-5.976356807693618,2.162997279596963,-1.4657666764640251,0.39055929015073393,4.486943202074147,0.13663566680790457,0.42031704472085524,2.5918889829923275,1.4,1.3990000000000005
-3.132625090609729,5.128817925180835,-4.809363926413963,2.2414701193187616,-1.829504677419449,-0.10374438998678583,2.6022386327492226,-0.06274632519181002,0.44770222374003993,2.281198367620516,1.0799999999999998,0.5194666666666667
6.442943538732623,4.182926008573856,-6.1789895638562555,-2.4511607720249198,3.1816847200076217,2.9122137730165805,1.0551934400595384,2.0236441694301313,-2.9302022413245035,4.9903097993742405,1.4,1.3958
-6.209311087717496,2.420193358775181,-2.420911269371984,0.7463102315485485,1.6012299449609806,3.9259407603383796,2.7756079236683573,1.977616431429524,-0.4315050534229146,2.0602919404308797,1.4,1.4
1.0192041848114017,4.085292381878466,-7.579645407709767,3.0918519909213074,-0.43309821237995444,-2.2398900777242816,4.051971227001828,0.9896053437512977,1.3793981897215002,3.072098103810842,0.4839999999999999,1.0516999999999999
2.8977670365246277,3.989056055244939,-4.233940902488973,2.4260797714769984,-1.2094802474943884,0.22887614662834735,5.370896018486302,0.9952012172805202,1.6697386332588886,3.5031716287557555,1.4,1.4
-1.1573979884625865,4.482296654516034,4.298643713408256,3.5175426996070693,1.3610486939035937,-3.4034542566863344,-0.10356176412952006,1.3738271800176265,0.14092272887264182,-0.23920791103023395,1.415,0.1714
1.064566580628988,7.163908198102902,4.766040408850236,2.747617473419687,-1.3090595971448065,-0.14774911390554396,-0.48431078380077436,0.7531217115325197,0.4728409762386473,0.3542249824234776,0.55,0.48319999999999996
-2.9366878349671186,5.566162402655846,-1.8326057642305216,1.6158346796358842,-1.2531999211326916,-1.8009922508318876,0.11272745219948775,0.6671516468219526,1.6522583995696087,-0.021028760193252588,1.4,1.3859
-4.8746449065544635,7.100486950810814,0.04589968930116991,3.3498143026294764,-0.8438488624898527,-1.8612750215267626,-0.33052241137289107,2.5724781064507267,-3.3142074989616916,-2.073726141700728,3.0700000000000007,0.26990000000000025
1.199634017728707,7.796820979417454,5.134571627913617,3.2934843148199033,-1.0029559837279616,-0.38078817008422605,-0.7509006760880319,0.5780726094679105,0.03908150544595112,0.5710786337672364,0.43000000000000016,0.8792
-1.9728460953441536,7.971905451060217,-0.5712204269033916,2.6250811190270387,-1.8052695427480496,-4.203261869350341,-2.1268660250469336,1.0142084901822785,-1.2597487308448085,-0.9574829885275056,1.4300000000000002,0.33529999999999993
0.39925929022752943,10.704026037638062,0.2109800339560988,1.833529327119837,-4.4018494489320945,-0.9152581158854295,-2.3546942502504296,0.43218037707812834,-0.8545704664817207,-0.39916511869532806,0.6699999999999999,0.5890999999999998
2.1612441041945516,8.931529523844496,1.592897959002022,1.8385840961884072,-3.589863054343289,-1.3341848651703254,-1.851781017559338,0.2396064146663752,0.31818983187610983,0.30187008324872827,0.0,1.1874999999999998
3.8831804039676943,4.217784927704119,3.081842162577786,1.2855081333514888,3.446500815337714,1.909861251548717,-0.8885189897847395,2.294162234577591,2.4473850496545073,-0.6094764799626876,1.4,1.4
4.288066126542911,5.466376791382171,-2.624892268365295,-2.8994285397244774,1.9642437175604381,1.6138714678617618,-2.669062337807044,2.6897610993699312,0.705344320226616,-0.10054474289868773,1.4,1.4
1.7113222856195542,4.094038921338803,-2.670150089646778,-1.2827593623130542,0.22428455224039817,2.3430609000799603,-1.0783966734758723,2.4578501794098364,3.4173322372722,-1.2898605788488866,1.4,1.4
2.020201436619567,6.104192354845327,-2.227926203276805,-0.276033215395253,-0.2918670082651714,1.397705878508273,-1.3002947910793776,2.1098349470723057,2.261527705946924,-0.8045396793599411,1.4,1.4
-5.370425227126236,3.6459091919925397,0.6767609904080166,-0.3043120827224463,1.99467643348044,0.7907857422459375,-0.3093405579195455,3.574650585262082,-0.27429240949010336,-1.1440240356448215,0.8000000000000003,0.9163333333333334
-2.6055511478780344,4.569510205097137,0.04012694935756502,-1.0171403422303111,1.0596428228525947,-1.4672670345947618,-2.0472561647573735,2.0995964137010388,1.6822769190359654,0.010994736932282442,1.2560000000000002,0.5075999999999998
-0.3892771850663867,7.188624446730142,0.6523322495762522,-1.9376096600881803,-1.4957459657869483,1.572975841852912,-2.203716235718427,1.4807254270582568,2.0243785762143442,0.52474825507116,0.2733333333333332,1.1516
1.7737048215282605,6.806871615873983,0.9351649871869429,-2.219760431436828,-1.5374383498227315,0.7406572134161102,-2.08198504349304,1.2263894292840511,2.6682355715427586,0.9090679675178501,0.2999999999999998,1.2073
1.7993164590683781,10.203110873218462,-1.489673460886508,1.9518321089872932,-3.3351637913916097,-0.6791988558325917,-1.5785986119294355,0.7756506430577733,-0.8517285220211871,-1.2289000078603687,0.0828000000000002,1.3453
2.2916444260279385,2.7151741895183528,2.1333805581613037,3.9126965619171816,0.030487326213901888,2.541968588262102,0.8271482244927997,-0.2580132199154388,3.6166901180639033,-1.3947016569000328,1.4,1.4
3.9788368350254273,7.386886544770826,6.716136110975069,5.0802821489777505,-0.11136362727923331,-1.7146117616225376,-0.5378408899694785,0.6456752357994842,-1.6326162870863212,-0.4381606501248411,1.2999999999999998,1.4
-2.856420662716956,4.050169552689377,7.702141556498222,6.136816300849114,3.59456271376639,-1.9676493233937575,1.0378889122907111,1.7602894124986876,-3.737716508842161,-0.766394180487401,1.5900000000000003,0.7910000000000008
-5.563371000465072,4.533402512773442,-0.5634125089307157,-0.9128996855114259,1.4571013066005116,1.0390244837767608,-0.32422430575071237,3.413336410293174,-0.15534016278767224,-1.6027856140418755,0.07000000000000006,0.645
-2.890787975011092,5.376477749582269,-1.2385463568620532,-1.6502761129198855,0.6112174249872079,-1.170833392040244,-2.024827639170506,1.9111544052344551,1.8394951588222368,-0.2791213413453029,1.0428571428571431,0.9194500000000003
-0.6647279504839856,7.895073678250103,-0.46424570739595633,-2.4424214863305984,-1.7539703166818823,1.8188968857926415,-2.135004736979078,1.362234585180761,2.1797063556100844,0.25296637049203363,0.21333333333333337,1.3787999999999998
1.4704843039187603,6.607706474487133,0.9025910616968994,-1.9598881856313037,-1.0368079849862561,0.7747754097704441,-2.006246414975411,1.3016382884577509,2.685948295053323,0.9262280774561704,0.31000000000000005,1.2983499999999997
3.6686257579610206,4.826116096164682,-8.235305948974585,2.8688827470706784,-1.3013528220537058,1.3023427752252814,6.729483840544934,1.1582538341930244,1.4234609492130075,5.1762221024136155,1.4,1.3755666666666666
3.1567637468798515,5.3038765029930515,-6.636576069828465,1.9245137987709877,-1.287186934193609,1.1606999795401893,4.592631783202416,1.2608259305383596,1.0594291471400754,2.9635645558342962,1.4,1.4
1.485670154333484,8.381746110687832,0.5293505160015263,1.887860720129217,-2.628751878538348,-1.0612391164811041,-1.3097533820952822,0.6336818720875957,0.1944863444811015,-0.18406421365975928,0.2999999999999998,1.2813000000000003
-3.957425983839284,6.511890434289583,-1.4001389580324903,3.759753841945841,0.9226551895735426,-5.43203107968512,-3.7508791417334546,-0.14450865348384642,-0.721468168874904,0.239852419554366,2.040625,0.12607999999999997
-0.8148277695980471,8.170885272670553,-1.0043367587947982,3.0008148289071452,-1.5396808763223346,-4.174269634605413,-1.33416798316662,1.8439665471074695,-2.413168018475865,-2.123596887083458,1.3599999999999999,0.6517999999999996
-1.3020128007650198,7.664842266223291,-0.8414496818915158,2.5288061011373335,-1.6967101043062693,-4.337158511379949,-1.626209428950261,1.4513078415927172,-1.4819979655474507,-1.6776814068173609,1.1861538461538461,0.5179000000000002
2.1943688232655565,8.861596123197726,0.386101546797504,2.5072638413164254,-2.8201640612305363,-1.344907316137501,-1.4988036380023362,0.7970618649566424,-0.9201145376123903,-0.46105733411191074,0.6226666666666666,1.3804333333333332
0.774172534469574,10.306399126934256,-0.2694870492756354,1.8164744792738217,-4.19633889140111,-1.3579158169270564,-2.1131439523099913,0.7071582981147809,-1.0670620876318107,-0.9828623139109247,0.6842307692307692,0.40525999999999995
2.4539925265417497,2.024878276117918,-3.249254465101537,-1.5067610319527793,3.4403063515349115,0.9912436257058241,-1.5852734401834832,1.9231017896466145,3.4119342234727257,-1.653527688561823,1.4,1.4
2.9219926802942626,3.6478612562425297,-3.2923151755254754,2.3282165579870036,-1.3720018035952588,0.4917351765207454,0.6680798441149866,0.23065812775926145,2.079435985577838,-3.14052794191165,0.020000000000000018,1.4
5.433374475331389,0.6343892395273146,-0.4960309823851016,4.2012325475621894,1.662764115411367,2.1899021062209756,1.4223703324965549,-1.452798718677089,2.9564464366031746,-2.6928450256826695,1.4,1.4
1.618229742376949,8.55442462407389,1.062221644997983,2.085531105758476,-3.1456390320373044,-1.6615902795817967,-1.544143446599397,0.7903866078138495,-0.267470203483171,-0.27225444914555197,0.27000000000000024,0.5064999999999997
3.8878315328715627,-1.937654748909893,-1.7612284318630596,3.046620740799237,-2.633354815936922,0.45739921990384,0.5815743283215121,2.6607928617201844,0.9020635369049717,1.5340767725609625,1.4,1.4
2.4450046423073393,-4.616226397814342,-2.3616510792083902,0.9750310549940882,1.592454485382594,0.6144932944706962,-2.6001393368006096,3.3252396609339163,1.6062659187396218,-0.26308932739197916,1.4,1.4
-6.300764052079955,-3.5639745963004406,0.826439386011488,1.9238452272337465,0.03841068414826833,4.758851877706958,-1.829775504678613,1.9602274525199308,-0.42961285555577705,-0.29548105563358845,2.7199999999999993,0.7582333333333335
3.6201053776110315,-1.344998360897978,-0.5817085667646164,2.033825110046834,-2.90321027926257,0.5638778810833358,-0.6079756446378437,2.4730796322726327,0.20279152292903246,0.303595457173324,1.4,1.4
4.490785064906032,-5.4598198190122815,-3.548840250538429,4.9992599728199565,-1.7398125458387892,-0.06183356827280968,2.4419090170658566,2.9577061864852334,0.17802834539390766,2.2342238595416926,1.4,1.4
-5.305218600850323,-5.698753369371754,1.8262880344999315,5.0730027867324194,-3.065331105363459,3.1596905971850924,-1.6990725590896878,0.909224630944715,-2.1838499039704033,-0.8896763137838707,3.9,0.7981000000000003
-2.122271817434135,-4.5697341917220085,1.1317974502087087,4.550465456161845,-4.095326584113576,0.6983832970100053,-3.606774867916632,-0.4173890172405632,-0.3467132786445402,-0.1468259249847203,1.15,0.6077666666666667
4.7428853974362015,-0.33978566801868026,-1.6439697697757953,1.3750307777795647,-1.9620727644172717,1.4752972909066329,-0.6467513735845679,1.1397569274305264,-3.629278206929751,1.1792783184901714,1.4,1.3806
4.048212728810996,-3.992682447745381,-2.672925154006546,4.082288029513225,-1.35399208453877,0.13546201846336667,1.3461209331303043,2.9985860979226415,0.1743799717414306,1.7208111586362203,1.4,1.4
2.35885113824922,-4.149659618818829,-1.3785270105050016,2.168826712548448,0.15971432619811932,-0.8529120077705075,-1.2754985970378132,4.9220115819068715,1.6770657169799261,-0.8957052537609409,1.4,1.4
2.843065796014485,-3.527847680759495,-4.806291179674155,5.667687992839493,-0.08590914569394341,-0.05698986551634114,3.5416759554358337,2.647721533969887,0.779809492659802,5.886258422525367,1.4,1.4
-5.0740771564614535,-5.377385627388131,3.494599651507899,5.653702754704549,-0.8603945789942598,4.021693352635417,-0.56085464227146,0.724343354849442,-1.0256695322482194,-1.118592263905532,1.4,1.4
-1.9798940607913522,-4.79446777458138,1.148431337742152,4.5942473206874785,-4.166639206360836,0.7559715306553986,-3.6357532293012897,-0.4188549134980665,-0.32578549238641474,-0.20817142333612038,1.4,1.3979000000000004
2.268515746611804,-3.164829150045546,-1.4037537780906377,5.7935641784012155,0.26053302701681197,-1.2647748352044663,0.08651785305630959,1.7935136389181856,1.8300271513277802,-1.2565418145113647,1.4,1.4
4.477203451166841,-4.25400603222686,0.13173921523134144,3.0072016000970776,-4.880441024546004,0.5426742215127766,-1.195892800525106,2.0506172376284932,0.1558369641708058,-1.848656600309997,0.7699999999999999,1.2929999999999997
-0.45585254937988784,-3.200237963940842,-3.628477471126879,6.689025288790215,0.5619971818602914,-2.092469533816772,-1.9933485677998135,1.3596028127122315,1.052932503488334,0.7089510983688063,2.2,1.3479000000000005
7.168451997832836,-2.047048948016788,-0.879557780312112,1.096085489249252,-4.733095857312363,2.6351861792759497,-1.592685363515745,0.8607747814421229,-2.879165433564401,0.2707418170913899,1.4,1.3944999999999999
4.856602741530875,-4.261088446705938,-1.7390642805189167,0.11568939835620601,-0.7062740815093265,1.9591440122989967,-2.703247943680821,3.227724672971751,1.9649116868477443,-0.7192210673962282,1.4,1.3752
7.059103880031197,-3.297314619007885,1.191110762721377,3.1769954188590925,-3.2304651360839327,2.017004264659812,-0.21283206199932217,1.4450091019671825,2.021631780927686,-1.8113222818728585,1.4,1.3940999999999995
-1.8635342828551484,-7.485286082735336,-0.7366705196264366,6.248435166192527,-1.0348666865494918,-2.4638442376603344,-5.704503329862335,-1.8592263473547397,0.4987543012229618,0.7790320056687549,0.14000000000000012,1.4
-5.599756511222265,-3.548197814616319,1.0900240327130162,4.046494498216908,-2.2087542797444537,3.2585043002619534,0.4936951860521236,2.032986978917536,-1.5175186136016563,0.35874774349280697,1.4,1.3529
-5.62224970117098,-4.989198751856963,1.6799917546356102,4.959122239804331,-2.855769900567007,3.061053920054068,-1.5934479475710415,0.9682643727751161,-2.2776871623162793,-0.7322980040927091,1.4,1.3664
8.675996783073842,-2.7182812044977736,2.914235414679493,-1.8719155673860461,-2.6729274477708196,4.1373021247991035,-2.1685794190973273,1.892375811045181,1.9704058105830151,-0.6493111758714154,1.4,1.4
6.377746455659637,-2.9715760376896765,0.11695719456100717,1.7710528132962333,-6.899389131211193,1.0667432613395558,-1.486322366615963,1.4633841868866904,0.8122947275548398,-2.2318575871511817,1.4,1.4
5.489122858169917,-3.030786145293278,-0.39664201407432714,-2.101749786110894,-2.6236764165339803,2.7879345711587717,-2.9327186306990365,3.7079026833663535,0.7342828184498167,-0.5941798007025425,1.4,1.3979999999999992
-2.7681069231220774,-4.17437355443876,0.19454749261740611,3.6669579139514186,-3.882345526435327,0.7330066950354626,-2.824187479963252,-0.9509045451794019,0.1380661210159787,-0.27522769751128323,0.7000000000000002,0.19459999999999988
0.43820962635495037,-1.6055144474869842,2.9231704599679427,2.340692523100643,-6.017033370334613,3.1053144450516266,-1.6801707199803715,1.4471718982594561,0.5541735696185073,-0.3479046575961265,1.4,1.4
5.494419706525179,-2.971016560412616,0.9000759574076485,1.1777873438689512,-7.3849763624845055,1.5314612911054515,-1.8199263617538093,0.7830069869418111,0.5285564720316165,-1.9943374459196557,0.09999999999999987,1.4
6.065280354915809,-4.875573069165908,-1.291645724028126,2.6778042586012836,-3.1024342538736485,1.4815779893422811,-1.582838987826128,1.3263200888621023,-3.8194931342890563,-0.6553778970455978,1.4,1.3609999999999998
4.629177527788081,-3.19472187783375,-0.6647491037203773,2.768332374421399,-3.6395257070404967,0.03682847052555815,-0.7341044644110967,3.1140451459085305,0.1670052893993691,-1.4789823806501925,1.4,1.4
-3.2051646324043888,4.119146783998749,7.339807752997192,5.653964527416004,4.267596455296641,-1.1465046333464979,1.2413506320798675,1.3854388659696522,-3.2912234081627854,-0.5321878300869072,1.85,0.9733000000000005
-5.121732227486644,0.15279384580388508,3.3413599269635315,5.280802465829817,2.916811917536716,3.0491145098603796,1.459505548294289,-0.08470772409123564,0.6680155210552176,-2.0897649615619245,1.4,1.4
4.704081223991186,3.5704174397375152,1.5506664637872454,4.510488812804223,1.6230684590204398,0.8043840419648166,0.4630404470539961,-0.7830286044791623,3.0269669611538683,-0.49664385841007563,1.4,1.3900000000000001
3.225557984070391,9.73574760081564,0.9886958966075441,1.727683430192372,-2.9439097150382434,-1.0381735815084299,-2.094897725780305,-0.40534275472898607,-0.3333269704517576,0.8758828850261027,0.8999999999999999,1.3110999999999993
3.2170618142398353,4.766076055024445,-2.8931931617869457,-1.1791760879450326,0.9121616597149371,1.2176330606425845,-1.743791292196086,0.972699588155915,3.4263783170015034,-0.07967131102572794,0.9699999999999999,1.0328499999999998
3.557371808813003,9.639093647914812,-0.8209050873110095,2.746181483724863,-1.862638935356409,-1.7696063279050467,-2.159944532629086,0.03759178325969843,-1.0736337700926069,0.6260589640757626,1.4,1.4
2.9186507635103394,9.475090964570727,1.0160335466811408,1.8951951042918682,-2.7181099899314214,-1.0689747923290083,-2.0500065236787512,-0.3576527300482538,-0.28774857500803747,0.8205105408147431,1.4,1.29005
3.1945847913836105,10.95037833368468,-2.2101909665032604,1.979948059271425,-2.5181918309021776,-1.1995390522792198,-2.0806433682916254,0.1305036005314808,-1.3869713214132995,-0.09855069335231624,0.030000000000000027,1.03555
3.0590401387931125,11.114505744594766,-2.0470651650792653,1.9857690306913307,-2.5716710281469846,-0.9715002590017047,-2.0812057421879246,0.10533605870705119,-1.4362830719961917,0.04821136973545598,0.34666666666666646,0.19909999999999983
3.06994665699372,11.167242593836296,-2.038194591456082,1.9821127061716521,-2.5540440051007556,-0.936793788343178,-2.0742553718697287,0.09443104465573823,-1.5206538822097238,0.07718736617671113,1.4,1.4
0.7023068997128389,9.591135473860922,2.7327949689488547,1.0807101110492985,-3.777147516057597,-0.4045638676678856,-2.4400339758518035,-0.9944270781019638,0.38467658037218067,1.0021785917172317,0.10000000000000009,0.5903
-5.3762144672111685,7.253701232519028,-0.155073723054785,2.917661527545055,0.3375427154375717,-0.4919344608287753,-0.155907530228571,1.6242246101344189,-2.8714084425774997,-1.634567443634107,4.176666666666668,0.6564000000000001
-1.1451432888222903,8.635291311186013,-1.0351953531973472,2.6933417833473876,-0.49729995284537726,-2.7913040168221346,-1.2874082574481382,1.02484915486603,-2.070035605115226,-2.0013319729144623,0.44999999999999996,1.0959999999999999
-0.6332079117933773,5.581179699221393,5.1037737661612645,4.636564171778992,2.4868767471277256,-3.1333442464762316,-0.6385915382831399,0.540235340889556,-0.9200459022217004,-0.12548732117813993,1.0,0.3578999999999999
8.294519787302779,3.8682774860780995,2.897892653551628,-0.7424958803386145,5.035821367935651,2.6705091212963254,-2.3371229239124465,0.042373987332417214,2.117588404813832,1.2409355589410624,1.4,1.4
3.9930170488811387,4.561215686597636,-3.340707717637339,-2.0092855718185865,1.8793203607954456,0.6885831164688658,-2.2097371739287905,1.4170799507133842,2.008126268150526,-0.21906843679865365,1.4,1.30755
-1.4966019248910964,8.175729021304951,-0.9084533995212192,2.2486323852287806,-0.6748173398160191,-3.1103616032163295,-1.611722150789633,0.675696597737278,-1.2323830251980108,-1.5250641828815346,0.29000000000000004,0.5021500000000001
-2.1922778638131852,8.471065996799972,-0.8192539705607469,2.3399356848837125,-0.769231134700614,-3.0272803292056083,-2.0730445263026094,0.2731158716243958,-1.275292754935113,-0.9229647200493983,2.1700000000000004,0.6355
0.614320527173566,10.980433999015615,-0.5264610123485148,1.4004607330332575,-3.4437281526611145,-0.08208416787108569,-2.181877679876465,-0.04644499003514138,-0.8862227416865349,-0.6859369635850557,0.21666666666666656,0.9214499999999999
0.26805195693845946,11.35910401512796,-0.11255587732905115,1.4137035338080455,-3.6047960965449413,0.28273373031150245,-2.336112125264359,-0.2023783958396928,-0.9393825869643244,-0.25882676181240416,0.9824999999999999,0.07845000000000013
-6.626169998185385,2.582376307075339,-2.151436034701293,-1.6771939889806995,6.45274224775571,-4.9969556707407365,-7.141915536349235,-1.6572118611332602,0.5679068968977707,2.872050543060497,1.4,1.4
-7.868080728486187,2.617815956842919,-2.4044428162489893,-1.7332912066820223,5.291548881906016,-3.9617153381036054,-6.4207470904350785,-1.329673393552516,1.189753894946992,2.6640981153258547,3.4099999999999997,2.8222
-2.781913392637519,1.7766996110771343,6.887801126884071,0.2187319846813108,3.8829055319736314,-2.388950318961038,-2.723432267925127,-1.1134318998346435,3.8981284376400263,3.6849876281038356,1.4,1.4
2.605620997115386,-1.287910599867124,-2.4193181709183724,4.71715461267075,2.0954038630751626,-0.7893820269936069,4.586559743127229,0.633658318874867,1.2897003880838662,2.002363742407543,1.4,1.4
-0.5759475610676094,-1.0979442300172142,1.329185978993427,-0.42165043118287404,3.6568768602997155,1.9481966660666887,-0.5240437444549881,1.558289431107305,1.434089589814836,-1.3547001391102396,1.4,1.4
2.784059758532661,0.4233666815610829,0.260540226578969,3.7386818372182957,-0.29677261875894845,1.2468633521764394,1.9257349374726715,0.7446269535409775,3.627437903750308,-2.43846715980274,1.4,1.4
-2.8024918953540974,-5.344195476619277,-2.4127403168740744,1.9929069865749094,9.338198092341065,-1.331648175914625,-7.516988906264351,-4.539926005616124,-0.30432117844671286,3.938388184351047,1.4,1.4
-1.4391189941701477,-2.542770975199708,-1.3568336798394462,7.318429640630317,4.644154442184458,-1.8050141479141844,-2.1340889761578077,-3.227681539931665,4.414382140947655,0.8306395179357942,1.4,1.4
1.1181062417259076,-1.0117985007609822,-1.2904388099926463,4.683178764021113,1.0768297291789215,1.6461485425487443,4.993922441299439,-0.5786005469457748,1.5170821248115884,3.5419031909038923,1.4,1.4
10.453831836948149,-1.7445996215582134,-3.0624909517092718,4.966955262269241,1.7640414536438151,4.190975893404975,4.674096190713096,-4.636913879436944,-2.0019911126222225,3.818227388336858,1.4,1.4
8.354420973812628,-1.311273486363453,0.4000096642610627,3.911707806135193,-0.4454096288901002,2.1408897496675214,0.7156969546187789,-3.0609874378546067,3.307387843531625,-2.559603198685352,1.4,1.4
11.506859282711002,0.5064147822077966,0.4469716462716815,1.1942041813551139,-3.2162181400682153,6.447280330193152,-0.289985369037607,-6.071249702682132,-0.17075682565005806,-1.949013123029313,1.4,1.4
10.225369112373997,-1.8856339612146245,-0.24712678190473336,3.85820283057288,2.086536395249465,3.8580872793906944,0.9930408433266874,-5.219634808712363,-1.7091977738539614,-1.0020180011595337,1.4,1.4
9.879954105949375,-1.958798601994889,-1.1913427746090626,3.923167840593225,1.3518381814713905,3.723485697361068,1.812321611969238,-4.47317429699502,-1.5650548188117535,0.214464285408277,1.4,1.4
10.675050560214338,-1.272059404898241,-0.2964672722088243,0.058131672003072066,2.0409503041369077,5.594338885693904,-0.65917800333844,-3.1288058011669833,-0.12226609972806052,-0.9074883063965604,1.4,1.4
11.060798589895802,-1.2926927753162327,-1.1016253570142318,0.42194065210924314,2.494275963236942,5.723781805053146,-0.6847918691582584,-4.249971661850319,-0.34743264229943616,-0.5322563464157359,1.4,1.4
4.017104946632943,-3.2238763347804626,2.0747221138433023,4.4036344971538695,0.201358177515332,2.485052002521943,-0.5522810914684918,-5.505168568081728,2.303514746208003,-2.476494348957354,1.4,1.4
7.10665559470458,-3.1533745492002505,0.32374932480099106,5.118673407068384,1.4187614228807754,0.6947867438553726,0.6829715162523953,-3.7844840789788976,2.771098194446507,-2.5084666682241323,1.4,1.4
11.916393764312698,1.1403641415613799,0.2662464830692492,2.3585738040562774,-3.472719482389114,4.0104978889935055,0.41548575503584056,-4.408336897190976,4.399624505879262,-2.688597622979481,1.4,1.4
2.791917180734656,-1.9966943802006678,-0.18758352784234883,0.49800410551978413,4.902677604686951,0.22136617040610004,-0.08464084101625456,2.080538408274049,1.7395812684628975,-1.1789726477460833,1.4,1.4
4.335174793716959,-0.1144244029010231,-0.4230897945344932,3.47606643704438,0.7382133737559888,0.682737744829494,2.399451840753267,0.11404054339359053,1.6813762620931891,0.2416120491581272,1.4,1.4
5.202001473665015,-2.7968563661181727,1.4451074588427408,4.579950988665722,0.34868358827767065,2.547603988670544,0.02409242356592914,-4.829525795187098,2.446779183411846,-2.823636740229815,1.4,1.4
2.2255357608897413,-1.5119877231129515,1.7197279524813378,-0.7052020768214148,3.7121393575717314,2.7718143232770056,-1.0846234651565945,1.3025984121670868,2.0714291837076377,-0.9119066127471722,1.4,1.4
9.040545707982954,-0.2343652213388865,0.47212266392720437,2.402575102749228,-2.5698870635166533,3.3982133663551215,0.5023545260891491,-4.030486762406917,2.797459144195284,-2.4312409458397077,1.4,1.4
1.3218601056662156,-3.011140781957863,1.516120872654554,4.244989197245998,2.971841000979438,-0.677539234401365,-1.0346711530723913,-2.6315612334492657,1.2705119088137715,-0.587336485537918,1.4,1.4
7.181540665898646,-3.186771813095143,0.11903233672615149,5.636566071380948,2.029347416762179,0.4510481697379667,1.2987325974530923,-2.9678454975830766,3.445291889451227,-3.210467150343814,1.4,1.4
2.2131994208674177,-1.384746446820136,-1.5074382154501216,5.254295994969229,1.9034304310855465,-0.8505413620891236,3.9154419288374136,0.3917322131208106,2.1350355442558895,1.7041962570184035,1.4,1.4
13.517534037496377,0.9579137119904654,-2.481947937259608,2.287763927558367,-2.2177992532681685,6.3769388867671655,-0.652826520257325,-7.7767675672125405,-1.8827035041285187,-0.24718242566874551,1.4,1.4
8.170396165304592,-1.6185970179186657,2.0263320775130627,0.9549590177634953,1.2269595861449816,3.962895812170016,0.47645104401666055,-1.8806735652988746,4.254115192794364,-2.1427974162736985,1.4,1.4
11.28003604527039,0.9401737033059745,0.3054583192273057,1.6803388545671818,-3.523937049728075,4.85372344462577,0.3510574399618807,-5.209727734627254,3.165680525038242,-2.219078740375234,1.4,1.4
8.486714370061037,-0.2937552302695294,0.893800246346781,2.43227110923926,-2.6616477211904277,3.2787749843690492,0.56770126860193,-3.7555584550264074,3.148360006425269,-2.6155832859819235,1.4,1.4
5.285550004798743,1.7924369086387861,2.088294662347778,2.005127957234995,-3.2235583486045583,2.4198268404083376,0.5677222920232575,-1.4509754907810422,2.839825763128325,-1.1833780861053258,1.4,1.4
6.505481049798378,-3.201668230362664,0.4549767450841046,5.293346890356403,1.5789132549359266,0.36880605025963625,0.6842975559084282,-3.546210667934922,2.920471547944177,-2.6075978894905942,1.4,1.4
8.712154293153684,-0.34289994357541975,0.7060269032351743,2.8115682299220968,-2.2446008301855267,3.0045512932746674,0.7608717544902605,-3.4926872474011907,3.716179281570992,-2.8530659755738688,1.4,1.4
8.45170047425561,-0.24722799439224227,0.8527189229734374,2.8088022385369085,-2.2860037119665186,2.8922611685952484,0.7761467449611968,-3.3255101849845414,3.839335154160057,-2.8815177782806214,1.4,1.4
7.37292941993157,-0.20596187609665423,1.5926700876661068,1.9119084394810733,-3.2678438295745194,3.6807361128807288,0.13058410286349054,-4.3067684121208165,3.017616684527974,-2.3275460582094487,1.4,1.4
-5.081848937474259,-1.5670430847560803,4.588773967903161,4.856538519144019,2.1937824689465195,2.5881531774194415,2.1428784496725743,0.13278495730767917,0.16176708018960767,-1.9847760092271927,1.4,1.4
4.278299432928842,-3.0597940568906004,1.9104656902008614,4.85788137211433,0.5088748424542774,2.368100758647669,-0.008464695593544359,-4.683152720599886,2.6752289798714384,-3.0785406938955067,1.4,1.4
5.067978582629312,-1.4556659950658086,0.06894774074549496,-0.5619288865388595,4.751456791723093,1.3882788079958737,-0.3451107737464887,2.9707560882229656,1.9038760628178788,-0.9349923897420809,1.4,1.4
3.4431583440788756,1.0239125659401835,1.861650343261658,3.4690400907379915,-1.2334994552168816,1.9654365869671653,0.7267694046371929,-0.5410868735920891,1.9977686666725947,-1.3114035821459977,1.4,1.4
4.297363242902722,-0.9926072184487752,0.4259739979662521,-0.45518445241902794,2.261433128455599,2.5692752857760364,-0.38662969280662346,0.6133180711798216,1.9313000907487115,-1.61038385284421,1.4,1.4
2.5426757946479945,-4.089252889096497,-0.69320333194092,6.996737869271159,4.22162606250273,-2.6151254105942736,0.7870849671532106,-1.091579954134492,1.2857561516541463,-1.8514419313861268,1.4,1.4
1.8397917844542961,-2.5627170230649448,1.1588269649467653,6.93020836014749,5.222427949224665,-2.292154947501534,1.330178436002004,0.3665901610508717,2.219981223144998,-0.7586609281560531,1.4,1.4
1.0951844650329017,-4.689654441167345,-0.7274266201236084,7.403474934442955,4.95210350220691,-2.083241696009781,-1.3441834093123122,-3.5458922548462146,2.5535929017669696,-0.49734081603823027,1.4,1.34086
2.8863006444885912,-1.4760356244031514,-3.386108116867836,6.011791476920072,3.0849631335200214,-0.6992652171988354,5.26502311965476,0.7894104911276956,1.7224293231694194,4.49237434008842,1.4,1.4
7.57056319312271,-1.0679882333775188,-5.038539667571096,5.487786106185438,2.492761326884103,3.159332997408564,7.107829836976429,-2.183380480644121,-3.3958866463831394,7.322309937106818,1.4,1.4
4.31197847299613,-0.048681123557314,-2.192229592628898,4.786808205828093,0.8010582170546275,1.8411035694071236,5.780641733664694,0.7244087488883143,1.7444973763819316,3.3687418269910543,1.4,1.3729999999999998
4.994931487648103,-0.30366306982605507,-0.015989301435583227,-1.027135277900896,3.7037788231475557,2.3807101231561627,-0.9005424328433426,2.2224598013366132,2.349254113543114,-0.6213738723103583,1.4,1.4
6.220186721921606,0.27184459580135756,-2.821531036965002,3.277940013197712,1.9355314077791135,2.3196410809995056,2.679759419871158,-1.7367284172742494,-3.17130456110104,2.371265052251039,1.4,1.4
-5.236868341661478,-2.262441261588162,3.337691009635959,5.1808984797307955,1.4022835554907813,3.2605589042821395,0.9794348728896226,-1.6052433080984632,-1.038382837155798,-2.173305945092149,4.15,2.6928666666666676
12.849776030026176,1.7902872709751607,-1.6303291192732219,2.086089568976802,-1.8169639894363638,7.02230965817481,-0.6700705283000067,-7.244592111992416,-1.9551612891248076,0.8399236067720476,1.4,1.4
11.72078023263069,0.7128596572281615,-0.403755019089611,-2.762063518916168,0.16609048429830622,7.1160806681265205,-2.094380067852026,-3.6659664961347698,-0.9795503447084178,0.3133810214800144,1.4,1.4
-2.1145344368427725,-1.3145567475661106,2.7212428074807913,4.539710252195412,0.3701859777181097,0.7307549028669322,-0.895914284337948,-3.0810693343830646,0.8702077017004194,-1.1930258717737823,1.5,0.16779999999999973
-2.39925401159394,-0.5457738680360005,2.3475499944411204,4.323734623056899,0.28072197116969017,0.49044472843846687,-0.9706568960229668,-2.855706364678372,0.6102968175217572,-0.8529053877965307,1.5166666666666666,0.26739999999999986
0.5885365878734884,1.3747766919322804,3.726208503901866,2.708711218381976,-2.393878045504758,3.640097552717749,0.08945304680739054,-1.552545894315645,1.5619336746630863,-1.1110334590093462,0.8000000000000003,0.8464
3.6021987382219187,-3.1213254030036746,-0.04371514405747958,5.343172132690815,2.268818011810801,-1.562721769017859,0.9857897464053683,-1.5261062279355828,1.352642954382836,-2.7947529256091848,1.4,1.4
4.265908116131217,-2.908413073532328,1.4762484894116477,1.2314789244550532,5.446641421727712,0.19468588027868905,0.18192496079126083,1.3223154931947247,1.765890462357856,-1.737135311709453,1.4,1.4
10.336581100474442,-0.7956495846229936,-2.5364595292135808,3.702816746516411,1.349481326702435,2.434489445802872,0.7480916533390987,-4.753615992338022,-3.7173533676067616,-0.6633318624783499,1.4,1.4
-7.664873645384437,-0.9709264010319804,2.6325974424279255,4.228596048574205,0.7295798570830759,3.135943045616972,-0.8683978331074454,-2.823423502736617,-1.127815284216059,-0.20660315189381112,1.4,1.4
10.49953092638851,3.8544311924488013,2.668219081352748,1.935093387350512,-4.286499993553746,3.8231867201049696,0.17031910156442887,-2.797520195460068,4.810198586255582,-0.7696163061302029,1.4,1.4
3.593915264424949,-2.935591819031166,-1.1041314237153947,4.903839783547688,2.350014205262045,-1.2794594344486583,1.214932212816153,-1.3128310820172897,1.0692602017746566,-2.4200623983075524,1.4,1.4
5.445556614935175,-0.408197833050059,-1.4264508271498362,3.0336353038175696,1.6782875880728547,2.5472588654457944,2.721030650336993,-1.2156262916789222,-2.2058518164850147,1.4366833590173567,1.4,1.4
8.358788243456306,4.098634927171486,4.1147653132980615,-1.6402523829600655,3.381647275684528,4.893488992007452,-0.9172239358391424,-2.1186843444406858,-1.2067462630362498,1.086039660883816,1.4,1.3207
-4.077918461136394,3.3222173703737976,5.71014243798945,4.107362442881412,3.164894858002795,-0.44105342646435225,1.75885021753843,1.5171961186572405,-2.939279759201197,-0.7250613839030844,1.4,1.4
7.142494332638326,6.46646100550422,5.615770342957406,2.2540245289055894,0.3416779339632086,1.2363569744834573,-0.14478392352444527,-1.6840081809503595,-0.7685195094805666,0.5371870459006524,1.4,1.4
4.027947725994619,2.1826059618133913,5.575612316044744,4.63494991081824,5.491543991720865,0.08075413587619741,-0.7546129803543761,-2.620079249401904,2.2409332700402578,1.2080452235804349,1.4,1.4
8.157954634630126,7.27986830662254,5.430546213074264,1.1857363167611186,-1.2197929573064956,1.4167556486331274,-0.23483519362535307,-2.0707176166419674,-0.5505984252392375,0.7039290870376694,1.4,1.4
2.190449018748968,6.712771230245131,6.613101775858064,1.7016106146299286,-0.4395975639403963,0.29756611666569677,-0.5827274641463916,-1.876797631761277,-2.1466848165933126,0.584963809640111,1.2000000000000002,0.8557000000000001
0.9167112034258269,7.543617062520075,6.673993104451484,1.9545129931621645,-0.9065763558813174,0.6633151927756933,-1.0800829909784828,-1.8631585608178527,-1.683096175511692,1.4031632919305017,2.19,0.7116000000000002
-0.5307000974406856,3.742288823316954,6.894200169188758,2.667724794291695,2.581911326381073,-2.2959379507419952,0.5379553698033185,-0.7497591299091184,-2.8089884929115847,-0.7861091730442196,1.9800000000000004,1.3243000000000005
-2.159770655145454,4.547975867260768,6.653721208243144,3.0235418007000794,2.1807077851246732,-1.9787519995805012,-0.21085225943405525,-0.9284731605829214,-2.3735820612319216,0.2367493139190536,3.0500000000000003,1.4686
3.931103846594595,7.428023012236578,6.633488847986928,0.20472447797284327,-2.3990646785399417,0.8342114566847146,-0.48264337761088577,-2.6404224818875077,-1.425732680303176,0.9605856284177663,0.9700000000000002,0.2513000000000001
-4.05978330550528,1.1514091542649907,5.989288237056711,4.599146950561962,4.136752864654138,1.8817390365144346,2.2633478068135404,0.23276219713633906,-1.4153792337422122,-1.7253487636163414,1.4,1.4
-2.2451429983863678,2.427811102802996,6.915416764850264,3.696695612078029,3.9557580322821897,-1.1596004595855662,2.253588347568712,1.2001964555031344,-3.9721728258856954,-1.4235489699639017,0.9449999999999998,0.41349999999999987
9.032088176788248,6.408362332008551,3.676728472014017,1.2115686368240222,-3.3945809199693446,5.670209377345288,-0.6160195469508372,-3.7394931960155655,3.767406602325953,0.3012182375081673,1.4,1.4
-1.4422389468021923,4.692118260025915,4.7729577452923735,3.5333824265752667,2.0061048226594536,-2.812887806869704,-0.08964521815381572,0.33346629834191704,-1.437590457073758,-0.17846426660404713,1.2000000000000002,0.3549
10.373663496831666,6.963361955611388,2.346735890112679,-3.7519268917369613,0.520499065199425,7.338887538196856,-3.0540067481220827,-3.494087052859603,-1.5342361510451914,1.9471020273724202,1.4,1.4
11.245004426795656,6.6962083500064224,1.5429082309538322,-3.9357448631902128,1.4220605055629165,7.449997236553677,-3.617027748753325,-3.588079303299845,-1.231150669441927,2.1911314731671134,1.4,1.4
-4.568407685075438,1.3705229008200517,4.970757782545614,1.4305876669864401,5.0864913822111895,2.4545419069721777,0.8875733259653444,1.768741949213006,-1.0714266433863227,-0.955852612800128,1.4,1.4
0.695277629208253,3.581044332275044,6.244456716585265,3.210449604291555,2.9953651526382123,-2.961958550629547,0.7371874061365883,0.08102210167117022,-2.2717035126463307,-1.048449620523897,0.7000000000000002,0.6501199999999999
2.7746222171109993,6.6372144154208765,6.244266282939249,2.2707619743118146,-0.1917110458005727,0.4480827867550365,-0.12549377549471416,-0.8316987715456339,-1.8415731201873373,-0.10453881663210464,1.1583333333333332,1.0559333333333332
5.822239137072095,7.229872577968498,5.355865592147671,1.1020239726087435,-1.4858290207156728,0.22935205484715174,-0.3125728885003564,-1.6673733966118782,-0.8421985498423976,0.4975157938756587,1.2266666666666666,1.27415
-2.0086604284484655,-2.0206253675624883,-1.6742977126748801,5.8588906743167515,3.6783249214047653,-3.9278624432864926,-2.043238387326739,-2.3925141039746496,2.069554101764632,1.7329313875780845,1.4,1.4
-4.6262476366117,-0.39246960304051176,6.655559851466691,3.5699811499906544,2.5549158305826003,-0.24620509223247056,2.539149721664393,0.6158369618795648,-2.110877604329291,-0.26145200727837004,1.4,1.4
-5.77383639428175,-0.5681822519645571,2.8742502883044576,-0.9840571591864377,2.4759224169605023,1.802594099732899,0.48491642520830636,1.6840434996206908,-1.4132424714739917,0.022528995489372962,1.4,1.4
3.168932270656869,-0.230798880371281,-0.12273015644428749,1.5521465090139193,-0.8505951574446031,-0.9989319073221526,1.829653354547977,0.45885028370578956,1.0899468921923687,-1.4558090091964329,1.4,1.3832
0.882926978302613,-2.0052170674338785,-1.7102890225230207,4.0009769588573185,2.9847377419956853,-3.361289210592022,2.31994072136411,1.2220277635883967,0.2244031971366088,1.2849167739290799,1.4,1.4
-5.607875276129596,0.39688627150486966,3.5875729842350017,2.603608967828182,0.8428411760487962,-0.03915487061251118,1.7162374902969455,0.6453583681369476,-2.19167394420402,-0.16889074362859363,1.4,1.4
3.2757030240440694,-2.753700670866634,1.6043402818660857,4.270905854511879,3.201860440425332,-1.6627177720479727,1.7517578670531861,-1.0174654892450603,1.1521040570604413,-1.3129725725801162,1.4,1.4
2.6342724746491655,-1.2585366236763722,-0.020026270704196415,-1.702031839270883,4.229582589283116,-2.511617076967108,-0.5713525296984325,3.283866029688548,-0.2550267353900714,0.3835403827366603,1.4,1.4
3.5222078257884073,-2.1379435794923456,2.680234106328629,-0.21087270821543477,5.639250314915545,-1.9875556805708812,0.34138185830935136,2.0983514775755983,0.6915211774237466,-0.006588811161060326,1.4,1.4
2.3049997079007327,-2.2239200210779417,-1.0998618179886464,-0.4351551455665695,3.9884571732204503,-1.2133486809432883,-0.6112993211756561,1.389793164147482,1.2158424181538294,-0.30998074324831154,1.4,1.4
1.5455440416496802,-1.58123952726767,0.22207324188119715,3.3794507631717403,0.8064925065631674,-4.440731651363462,0.41190326724741694,-0.8637091543341651,-0.2000805878635834,-0.012515070567872127,1.4,1.4
10.490823883308561,-0.017040777203754364,1.8381760637999844,-4.638466204760208,-0.6316522688183538,2.2982040727678323,-0.7448142604913489,-2.806706516704095,-2.769978767785691,0.5902347286637969,1.4,1.4
-1.4322594038632526,-2.7276067030381976,-0.9408488228534763,5.797349150069851,3.3982318068953625,-4.235922730780746,-1.364618097662157,-1.852044669442686,1.797836592279324,1.2758597129721851,1.4,1.4
5.813024511858294,0.7427479215204897,-4.891973985500336,2.7285647585413697,0.8652391358633877,0.572019506284863,5.27437087511822,-0.8918652805662162,-3.9723773035835337,6.394617682770996,1.4,1.3926000000000003
7.669206035343547,-1.9458180022049651,0.13032544176428548,-3.112756831761721,2.3411805441555504,1.045061296354315,-0.8069482531386589,-1.1404243610455986,-2.672054714977184,0.5140613660159146,1.4,1.4
3.437960536790171,0.5755551591192969,0.36096471988016005,-1.1918122010375698,1.0103929818613762,0.02810864423222339,-0.3997028192429353,1.431201948197775,2.596874832521022,0.8797520749849784,1.4,1.4
-5.691544489542938,-2.1408006829244854,3.6930580949387286,2.9869985302669564,0.3540342384455322,0.24916631379727927,0.8747678877904408,-1.7634513945347605,-2.944391469404127,-0.4684472333211226,4.02,1.6601500000000002
6.769850264789801,-0.7973307647241643,2.9586380021584233,-3.3950581432438014,2.317911120390007,-0.14026812841834488,-0.0011143632854271588,1.7081133729106077,0.12570731606416446,-0.2601643041105759,1.4,1.4
-2.5085977061267473,-1.0117815052747405,2.998567510647507,2.4644611996963817,-0.6759612403045895,-2.2121409863778085,-1.032934421036504,-3.0900650427200387,-1.1072548440782648,0.27440315547802757,0.8999999999999999,0.28815000000000013
3.073123483454282,-4.29087830603822,0.819586211223894,3.7856827444678585,2.2124827645338763,-3.495450223440547,-1.4369727941126222,-4.078570370470525,2.0630264684962576,0.3892916077179526,1.4,1.4
2.7679856730511467,-3.5669424232594023,1.867659995154295,3.037502032502967,1.6840798675496904,-2.7469861466897463,-0.6995498507962947,-2.6538204079761756,2.472028981854422,-0.1204801152963152,1.4,1.4
3.9373784769798155,0.7714957123254932,1.4965227447592837,1.5088860690644865,-1.454348276840539,-2.2967018183350145,0.9203105282615419,0.4315304873904714,1.1074595367301596,0.2843728080755301,1.4,1.4
10.457247976710466,0.49340777561421423,2.319257131479507,-1.542028893311218,-3.051991330258401,1.1013258566412618,0.496602889746892,-4.199970066267308,-3.305745895481444,-0.6283261221677351,1.4,1.4
2.210034704817903,-0.9129064901368725,-2.341371411554903,3.5818118390072637,2.501826295411505,-2.341911574825375,2.743175315116053,1.022268968335738,0.8538450133712284,2.5675245657369365,1.4,1.4
3.7852726045203706,-2.120783137893249,2.1048125334100627,1.477462083918669,-0.9307381589003583,-2.0569832008667848,-0.2699178573229124,-3.733822392216827,-0.8226155044238679,-0.9852071554158074,1.4,1.4
9.136845037432623,-0.8301559157629776,0.13760266977439042,-3.7951511222174714,0.7774805494565673,0.6099431926387155,-0.8981099488801693,-0.9945038455354076,-3.534916419715443,0.7516906116145537,1.4,1.4
-1.6289116933931795,-3.3087402962741175,-0.6340123054377659,6.04138755140864,4.106584833319779,-4.133472659406077,-2.8144893666958737,-3.9303204118137662,2.2842084257120967,2.636709481441577,1.4,1.09265
2.287339580106432,1.5314982129712245,-0.14876989697067153,2.7335201658308472,-1.5999593414598074,-0.43987541569383265,3.4554233064285707,2.02587769015829,1.7962387744994848,1.7458193146048722,1.4,1.4
3.4532233900888682,0.3493378298130142,0.671564489543176,-0.8695311860291433,0.7467108255381444,-0.23833162575880193,-0.1894398083556323,1.346390291368498,2.4353105855077835,0.767065722352975,1.4,1.4
5.127235819343488,-2.665708841787414,1.0780083897022616,2.2556503151576988,0.11835796267842848,-3.9950592032435654,0.23756774005732803,-2.3684882521297532,-0.3508096422752514,-0.6453769378639731,1.4,1.4
6.500964992295123,-1.4608448015802693,4.558816702369395,-2.200319677620792,5.00060753849868,0.4214761698135835,0.07441704755184236,1.7966217731543161,1.3099571301335806,0.9272794507584275,1.4,1.4
-1.0902719944971562,-0.016563871632474293,-2.931425861011274,4.841104043707672,2.6392218186962295,-3.59957923199196,-0.422686390943041,-0.305888265000252,0.39605182498425745,0.9636168562196011,1.4,1.4
3.1254745678479443,-2.3848248623318047,-0.9777144028868289,-0.4990504396556627,5.593968641165766,-1.2084748098944147,-1.4139907816636652,1.9455310850066694,1.85054807676245,1.1096749569898705,1.4,1.4
-0.46413237902051085,-1.515232455529793,-1.678607761391153,5.307652888512068,2.827594920605377,-4.412673660786284,-0.33308566003358675,-0.3602592725537093,0.28101861757875923,0.8250732190114185,1.4,1.4
-1.7193455492579106,-3.0960890314622436,-0.8104952163776747,6.05685732906176,4.120714065460348,-4.11699426673127,-2.8455925111776503,-3.873509191723107,2.290481651537189,2.686863812028078,1.4,1.4
7.330697786542967,0.18766359070192817,0.5228882798244191,-0.8698845904264033,-1.5257362632164357,-0.8151806224953091,0.8577863417929527,-1.8190525917421865,-4.0719513445445825,-0.3023951038568547,1.4,1.4
6.702296444723866,1.8426892387740612,0.4746010171600269,-0.9261809526246219,-1.6139538426909814,-0.07113259402543495,0.7891375505037858,-1.3906645177604102,-3.6032395224538765,0.8019634673727719,1.4,1.4
5.0971606920441666,0.4320665558462642,-0.6679837071746123,-4.000284171149011,3.86113976442573,1.0668782943324786,-1.2215435924318303,1.0859208904352606,-3.053742686986418,1.8357207227940295,1.4,1.4
6.0112957450017035,-0.32913958532478094,-3.939975019096573,2.885033233588359,0.9758773063998805,0.2967211633912455,5.480909607230718,-0.9886364270940027,-4.086145558129295,6.311614692761696,1.4,1.4
5.414424231977289,0.28504976537169185,-1.0530851339041643,-4.7824642865385725,4.746470552422495,1.405884504121696,-1.6859980321114598,1.5632500333439894,-3.182459207233364,2.1900352907227485,1.4,1.4
4.841751544979341,-0.607492005762426,1.093355879982091,1.1060224808221628,-1.0667303123940106,-3.113770183749778,1.152245019004745,-0.033737159157162966,-0.013299667468294194,-0.9589086469077832,1.4,1.4
5.271627780563718,-0.9556433956121034,3.1264460268420033,-1.9916711109825067,2.7811917374056283,-0.96914629439562,0.08154980668873456,1.586583716710162,0.34483807801695204,-0.014860678357168412,1.4,1.4
7.846058572562793,0.8209434994864471,4.076505056173093,-3.672638988728712,1.8655020787850902,2.3859074684986745,-0.7350487623597133,0.9079560654358448,1.8553075914713746,1.120081733938883,1.4,1.4
6.557134851709517,-0.267903160186897,2.543597892898873,-2.359610332635623,1.2893427539213813,0.5015070327443653,0.05723824359473098,1.430818966308611,1.5958859989346041,-0.7408642655422427,1.4,1.4
4.8931030383235194,-1.973780756893265,-1.2070804572167135,1.9430087693946023,2.7537127569593007,-3.4845785265261324,0.7364035733960012,-2.2635772471822473,-6.702479242309301,-0.44002888444775434,1.4,1.4
7.136930980026196,-1.8285846455677561,4.3736619144212625,-3.369589556165916,5.670139691790999,1.7611828261417217,0.1154867907034812,-0.2974875323860847,-2.49890940139362,1.465265811667512,1.4,1.4
4.029407397652908,-0.8177098827871235,0.5738378387923122,0.3850417178831368,1.6293355803242642,-1.7770515766591795,1.936039110438848,-0.48774656801893335,-4.21070161811035,0.3758500614538039,1.4,1.4
6.463903358201771,-0.3406715949842144,-4.19953184956707,2.2325212435893627,0.9864292367248613,0.14391016551214492,0.7327000854611687,-2.076390746004355,-3.9164833220305257,-0.006425882854601277,1.4,1.3789000000000002
-2.3480612411195354,-3.6814795172613803,1.2997845688757845,3.9873424055569138,2.5846028733205304,-5.497565555397864,-2.9833150380609115,-4.639526266361085,-0.32183007915012035,1.3105296823930737,0.4566666666666668,1.35625
4.060030092177541,-0.7534919061411098,-0.30628103420920777,1.608704714438586,-0.06087536693886977,-2.2384555039176006,2.5873115695215465,0.4534345996351849,-0.2024836107574359,0.6454675602290677,1.4,1.4
4.82028255377493,2.6214283671408207,2.5407280088535633,-0.2064835382296295,-3.990274447677132,-0.7887103903385966,0.8914939708260691,-0.6293225936323091,0.9059122035600875,-0.1242632350093055,1.4,1.4
2.807342617524784,-2.670918619459455,0.15410638676864674,2.8384722890504293,1.040160805105557,-4.895326357893531,0.6852951852000239,-1.1789225079729457,-1.0640896123737806,-0.8833152685570848,1.4,1.4
1.955041285868003,-3.2249412585804555,-1.2383245973649388,0.2293838955512228,5.798308041969138,-0.7013894303736941,-2.7398209315246707,-0.6722128171809039,3.349383088751466,1.5087497288989782,1.4,1.4
14.194523670310712,-2.700999556699944,-2.3143922687246263,1.7294026428764593,-2.4044598244639186,1.4920185834399,-0.33777437901371976,-4.663110971996104,-2.6799793626210326,-1.1887237770299428,1.4,1.4
4.271067151794306,-2.876069787625295,-0.5845682058983774,2.501414219121208,-0.32318890649759435,-1.6163855874544066,1.4113151951218121,0.33340340657101153,0.6503018895935417,-2.1685457671347077,1.4,1.4
-5.879465556814019,-2.7501253518708966,1.891713913716444,3.6030421274542053,-0.5464802479296892,2.2905793218977064,0.6402786694503133,-1.115761157590434,-1.673925897632295,-1.2806129536234103,1.4,1.4
3.142622996551401,-3.79879573720788,-1.5448142347308895,3.724542588246854,0.5092926020217607,-2.446715793289582,0.5309559239937885,-0.749502049925138,-0.06714088381595737,-1.6776994261509846,1.4,1.4
7.211580462639074,-0.5231601260024309,2.9918980720978583,-2.7444986226752466,2.2260486294232265,-0.602753279309668,0.1329187475175689,2.359747216030194,0.9438947108089835,-0.5819750096439736,1.4,1.4
4.964463554892505,-1.449691796070941,-0.3351023717214462,-2.8678411330638407,2.9166047865164844,0.9455318638289609,-0.4772808903580192,0.08073400109915059,-3.209490549719914,0.21153466765067933,1.4,1.4
5.768775206891126,-0.8788485719773103,-0.8473816122747854,-3.424537387600757,3.43018119183757,2.223824844473613,-1.2640444699627356,-0.03422021258362262,-2.1570656936506865,1.0689031393189072,1.4,1.4
-2.2187234713004336,10.334656232141068,2.7771828004664787,3.841325455271963,-0.0015896745394088229,-3.9738567541555105,-3.954809583332315,-1.1197172551489651,-5.638964014298194,0.8736227750242268,1.4,1.4
0.28564861492407806,2.483769236545856,-1.0864896012297092,-2.5156912531191216,-0.03340042538049175,3.0352847745113762,-1.5386138137911425,1.0298396200702247,3.5509082162303844,-2.1393718621379447,1.4,1.2221999999999995
-0.439548526352984,6.970679860043036,0.7128527958414383,-1.6816689072510864,-1.2541300358137077,1.5460245035325748,-2.072276034392031,1.5187083375515265,2.146037467049766,0.6347536627894572,1.4,1.4
3.861394265395704,5.482563869918558,-3.172294351139681,2.8709677281255614,-1.918777296582151,-0.08362429814053138,2.869648641663231,1.4845466261546718,2.4212603433968525,2.2982413841743763,1.4,1.4
-0.9704000126628756,4.073734482003863,4.80158110598143,3.729188550284376,1.435629030455218,-3.5809615567084254,-0.15229861015053756,1.313803405545941,0.08531117237811768,-0.34098939361779307,0.6000000000000001,1.0516999999999999
1.2919539028552018,7.019123052707151,5.056463950156073,2.656883768100531,-1.6262752562610008,-0.16332747766186484,-0.5419998405016356,0.6353919013171586,0.4625924390179692,0.27943221751036657,0.7999999999999999,0.7662999999999998
4.498900308308733,7.478442031133034,4.390403395244246,1.5923715852912659,-2.7146119722177584,-0.6268849131725457,-0.6317662107193842,-0.12815882349614627,1.515422581309531,0.6495407324926693,0.30666666666666664,1.13645
-4.9507781505044495,5.441931630071893,1.651056579328781,3.6897626539076613,0.027055279477882388,-1.7785481492467974,0.0284518939088448,2.54731141501346,-2.8599035111071966,-1.4258108811456451,1.4,0.7325
6.080134504416762,5.077986031479082,2.5180036628648064,0.1366698955280524,1.6034697340540947,1.7428392942296018,-1.1243429167122916,1.462712328387313,3.08618578132935,-0.06769176584832046,1.4,1.4
-1.8060419576380382,6.523589945677046,0.9691770073266904,3.124643503351631,-0.994715338653945,-4.249605622541702,-1.8590005918039898,1.1808201514581316,-1.0003292774755645,-0.5873633566614788,0.6000000000000001,0.6353500000000002
2.0847456579826313,9.050807864772901,0.8765320011608019,2.1166610689279226,-4.052280700443318,-1.476936673800569,-1.9813271488630997,0.672822913255063,0.0705488134125324,-0.5676135481522488,0.6766666666666666,1.4
0.5767692502809039,9.471449621302376,1.5090078033805954,2.0446202130866387,-3.926629161945381,-0.8538446260325928,-2.0936881764987305,0.5470844720176069,-0.5661675746024919,-0.0238187325933156,0.19999999999999996,1.0581333333333331
8.806423311384096,5.385633485357413,3.5277242939302464,-2.253156579985729,3.302777360733371,3.445790526572484,-2.2794895687506433,0.4308254605460906,1.3842470984475366,1.370874755206959,1.4,1.4
-0.500783349240115,4.661153750708266,6.720942978526172,4.6130599663295575,2.5074769821021117,-3.5342884079429338,-0.1250012774243072,0.7845274385855963,-0.6714567403926605,-0.09802188186372103,1.4,1.4
5.522248181463713,5.971242158139731,-2.794613529926372,-3.5384517408200833,0.7941414105521147,1.489494983544074,-2.758917987162532,2.4429966916763446,1.3611286643149358,0.09361778566052656,1.4,1.4
4.766301000635244,9.917947027605623,-0.369944304662356,1.6739676951405664,-4.418592018226923,-1.374570361846521,-1.8935947750212128,0.2739911183908604,-0.14107454941815706,-0.3482796588390453,1.4,1.4
1.8395520924815043,9.044012779765046,1.010066799981835,2.1236672011130513,-4.055957551590191,-1.4164248938705903,-2.0003433910379673,0.645358101167952,0.07544885813395497,-0.5679971891364322,0.7549999999999999,1.2334
4.045604155358472,9.540661300420677,0.42575008600597397,1.299443830746374,-4.868710522226138,-1.6252689098407873,-1.9290854925667102,0.23871654362008018,0.7950799464449977,-0.18926954738032015,0.8899999999999999,1.2776
-2.5363430935149975,4.580288156916255,0.4860518688686825,0.20047567823319962,0.6802293517729503,-2.1940456969655013,-1.7539308596859366,2.0212755967358813,1.5108867740838454,-0.024211317858862404,0.3600000000000001,1.4
3.076837843520353,7.891779931573187,0.5294779455851679,-1.9573424479626453,-3.1865811154529804,0.4533883423868841,-1.9252043343386525,0.8005549840994324,2.8773163344359847,0.9198226103948249,0.9299999999999999,1.1177000000000001
-2.6528226247861726,4.590308116157422,0.29145805659192076,0.17196153175970896,0.7737038202769579,-2.0268362101246353,-1.715363685241715,2.000755967545518,1.6159677245041737,0.06622314511259297,0.05999999999999983,1.2385999999999995
-1.6540317172500099,6.457619404089833,1.0621216530048179,3.1300322148171915,-1.02201440210787,-4.2723378035880835,-1.8107579149791149,1.2678061957388909,-0.8996030675630892,-0.6400437075102022,0.5533333333333332,1.0815000000000006
0.6496930227094697,9.382517084775811,1.501893231129274,2.057975916225277,-3.947192457193798,-0.9107000896820415,-2.076570078737921,0.5869650614452968,-0.4874445018787167,-0.07640157758828539,0.7599999999999999,1.3809999999999998
6.057521648418607,6.510713593956185,-2.8839363286988897,-4.051035363732464,0.803264480936632,1.0819392291139578,-2.946868936696538,2.108927625542617,0.8396871100933984,0.4970012140074526,1.4,1.4
-5.28769351955058,3.2418135495460745,1.1767631052024845,-0.21671842063005692,2.1349261507896498,0.6344235771581613,-0.27555027719180303,3.4764682338557074,-0.2658077871384603,-0.9929334111766717,2.8000000000000003,1.2489333333333332
-2.3821927672458445,4.23390538275581,0.41123063454186976,-0.7951181099127198,1.2862157279176238,-1.6379165391575428,-2.061867562955897,2.0968377842432373,1.6406112499744463,0.06608257109441615,0.5266666666666666,0.9620666666666666
-0.12608467119072292,7.0582201683743735,0.8972561408879676,-1.9224755160539548,-1.5426495620032057,1.562702061450335,-2.2166572362172103,1.4389376257104904,2.0341701613747567,0.5750590925415399,0.21714285714285708,1.3871999999999998
3.0903683716233976,7.542148973868915,0.41131448639078605,-2.9235087312661245,-2.520539211645481,0.8901636793031136,-2.2249390665898376,0.9137765829889631,2.89574648308244,0.9993423328426002,0.45499999999999985,1.36735
2.9103002454123628,8.914471936699739,-0.2952649440520553,2.6826857490210116,-2.6387989350919803,-1.4941033369878836,-1.7548952210902715,0.660556885242711,-0.8231198016187505,-0.5462703255794813,1.0033333333333332,1.3936799999999998
8.752842898237747,5.336715597350988,3.576484434209751,-2.2100750200631585,3.3155338639217193,3.3987934790256684,-2.2648267281364576,0.4899365081365321,1.4650605157328667,1.3181424260564276,1.4,1.4
-1.526517107277318,4.743979286444444,6.645451420927126,4.542057134653155,1.8373981126654668,-3.6027131735394784,-0.5586976786623898,0.6618834050700866,-0.6820294819152124,-0.08859869416616346,0.10000000000000009,0.1605000000000003
1.2154548325469305,7.717603262299219,6.7462009327956345,3.538200726572862,-1.1116364084237575,-0.5988063630009758,-1.1092176093744182,-0.035188011854745,-0.22462830545079385,0.7544824350938082,0.18999999999999995,0.17970000000000041
-2.5806728375913286,4.3708512017856345,-0.017866830366673445,-0.9622191497342898,1.2812101336463524,-1.4150437115878132,-1.9998749871602055,2.0481940358208877,1.7940199701130888,0.1818038397232303,0.13666666666666694,1.36875
-0.4539567923234896,6.951773470925253,0.6724672439795157,-1.82938640186451,-1.1755745867689729,1.6280087306351805,-2.1067031545393107,1.4956165889117738,2.1238930068271764,0.6588801298587182,0.4485714285714285,1.3977
2.168221184411961,6.679359615800235,0.6270018358441419,-2.086391679037967,-1.1218876539428175,0.5410265799928581,-2.064052270109337,1.2340847551279046,2.7833238977050856,1.0644087191016687,0.4839999999999999,1.3970000000000007
-0.9385961477378393,5.339040991696366,-1.3925201297204712,-0.7228223748651039,-1.5695253249004444,2.944358598479531,2.5573899529339057,1.8304635358194705,3.138822433636154,3.832925596972507,1.4,1.4
8.675483496235369,1.077226651594653,1.8192453306253769,3.3171069529026083,0.3846848038298725,4.589283744968647,0.7615635231808449,-3.2330891009573377,4.092461611456184,-2.0716894475007956,1.4,1.4
-3.1040081807877624,4.935574414676285,-0.032986340216551856,4.614998167494312,1.9234937653867685,-6.150868852083715,-3.856199559767699,-0.3342919603562806,-0.5932791648443662,1.0594927664942255,0.73,1.2201
-0.6834443850575515,6.604995627638132,0.6505491131176528,3.408755826484043,-0.7431402356719329,-4.141969621969541,-1.0396747087202542,1.8757720537657863,-1.9761260255811568,-1.7019147000209986,0.03149999999999986,1.0724999999999996
-2.5026844491960514,7.093316319470747,0.3377969640788553,2.9169230157556703,-1.0884193345260733,-3.750160095162069,-1.9439622497072555,0.7669019745374821,-1.57334318166272,-0.34591862108770954,1.7200000000000002,1.0878999999999999
6.802023672837877,4.371686493376261,2.559281693486041,-0.8038254443089694,2.9306113925591104,2.1773491781809877,-1.4102909635859164,1.4790893136903696,2.3482369801674823,-0.21026732458905792,1.4,1.4
4.648877629997447,0.5336071576646009,3.4615390708042706,0.9008706936614107,8.301173381233443,1.4226824162946246,-2.7176831556179715,-0.3108129604123559,4.599284454436922,1.5036707687188982,1.4,1.4
-0.9948785613150688,6.187461125078358,0.7751380975653832,2.990171855972185,-0.9416510563632345,-4.467204838670273,-1.384418108508174,1.5501695598902636,-1.148608590843745,-1.3099254108198082,0.61375,0.5048999999999997
4.65420460285436,9.85207222348908,-0.15715836220318202,1.410700652835562,-4.359213478406663,-1.2692421072614186,-1.852683743369424,0.14177884725773485,-0.31366471116172684,-0.3185028369594251,1.177894736842105,1.4
-2.3527616107819855,6.3803267733036115,1.8827332930640577,2.553976727538075,-0.7436775584886238,-3.358914012139908,-1.364698582512786,0.8474796980705432,-0.32945675974219213,-0.38259383853390855,0.40000000000000013,0.12200000000000033
-2.7808289500150267,6.212283103756579,1.6378001021823791,2.6822032285248616,-0.6910565772827578,-3.4096955742306454,-1.6520958960354153,0.6195916682477463,-0.42463404109394565,-0.27939396013768203,0.40000000000000013,0.11350000000000016
-0.22930704291115833,9.217509255384735,2.01012908966458,1.6199843783475538,-3.667021926445902,-0.24715350247774154,-2.070171003688701,-0.029091841206346433,0.05673506069813813,0.4616460522424925,0.04999999999999982,0.27329999999999943
1.135564228998528,9.05610151149414,1.1242593307674418,1.9739188974479538,-3.803143127921454,-1.342365237642349,-1.8894562144151086,0.7282856573614773,-0.6800756273449817,-0.5972679637742979,0.14549999999999996,0.5135799999999999
2.6173773430161447,1.2473176723232746,2.044408995011936,4.569312476980084,3.6109415954345097,-1.5735694331363637,1.7449818190951016,0.8220286070212345,1.6241626241796827,-2.231760963722931,1.4,1.4
1.5205970515589937,6.636236005780191,1.6459344128580577,1.8531096810886316,-1.2100416146263888,-2.2172025331648637,-0.4405254404540052,0.8815797554005559,1.103285362487559,-0.164106210503365,1.4,1.17055
10.123453024100955,6.305277272106866,2.556254607353944,1.4604873281973818,-2.6008797624230904,4.6885662195068765,-0.6070993210928503,-3.939970580382906,3.012127464435021,-0.0010747036833312772,1.4,1.4
-1.4776874879444233,2.1207842412024926,4.013796087716802,4.409435908489477,2.999521596391033,-0.1670756384893151,-0.08807847849728793,-1.9640509424955805,0.8293525761062216,-0.6242258455542861,0.4999999999999999,0.8688000000000007
1.0686653708109337,5.086362384293378,4.562736524842665,3.0795442638895127,-0.06194044415652809,3.0948160146040866,-0.0418390557853553,-1.7411333118995072,1.2649436684970923,-0.1071354614776404,0.44999999999999996,1.35
-1.9274258526992682,-0.019282596126622868,-1.8369595359370445,-5.110398828962448,-2.055739519216467,1.1271952603332558,4.478296010167242,-0.4356745852742561,1.525776693458802,3.1762781914639673,1.4,1.4
0.3757142890161301,-0.6145381563660929,-4.072036135978035,-4.2242984905997725,-1.487600203224865,0.22971835347048836,5.7753272010074115,0.47277824101059573,2.1353687154077186,4.282666390927788,1.4,1.4
-2.293761271257657,2.410391313520028,1.3296855334487725,-5.3042128939741575,-3.2094551770588944,-0.332330304224968,0.9287167446980588,0.0833021642804959,2.369512278044632,0.6843370581262465,0.40000000000000013,1.4
-6.444077333034254,-3.455009720064175,4.599750940929203,-0.06899372916466694,2.904932245508957,2.536879353821224,2.0341940345664415,-1.2524480677602323,0.3682078804686291,-0.15723065627761018,1.4,1.3741666666666665
-7.650535593379165,-2.5492616171477493,-0.9476663930228654,-5.351190698428138,-1.763487477133898,0.953915463169392,0.7077868411958037,-1.4684383013612485,-0.7230252555840726,-0.10557396034663075,1.4,1.4
-8.456362830578497,-0.4136776350696317,-1.9740099259949415,-2.9331145189883094,-1.2294483708309298,-0.11432488430333053,-0.275579095983908,-1.1383725956532997,1.1010463345693227,0.2957843892500186,5.49,3.1949
-7.984412414651578,-2.0592293870408778,-4.826908213583504,-1.9242031606276186,2.236099763537095,-3.7640935801379722,-5.094676179540061,-3.411518320794341,5.025255273368489,2.9191378168422197,1.4,1.4
-0.17431501528658344,0.7529861398236888,7.876564067244615,-2.1069120968902753,0.4544854534302875,-0.6948084490085503,1.9607538065773158,0.011676603994087828,1.1239705070775732,1.5640639784796009,0.8699999999999999,0.27139999999999986
0.7404545403513556,0.09050735065093983,2.4436086143552953,-6.6782636614495265,-2.052718358835697,-1.7356467106299684,1.2492357970949528,-0.5792156208636904,1.4572024727609678,1.1691562383313368,0.53,0.07759999999999989
-3.705907229448341,-0.5814768890315516,1.3198977749698702,-5.143811100431055,-0.9603862747130536,-2.7834261211732914,0.08722942488452332,-0.9448374529861437,0.3115443101406227,1.4230980503792061,1.35,0.38760000000000017
0.8041853316357422,0.6574142589235642,2.300808025502742,-6.249660664391021,-2.166549009569934,-1.5429948192362095,1.2043577459774628,-0.5168407260018709,1.4535573782579987,1.3087908240388313,0.8599999999999999,0.038000000000000256
-7.393021203923077,-5.216339721983064,0.41288914675099825,-0.3951842615428158,-3.2649549358906307,1.7368557621036251,-2.841920676996753,2.2348798784002493,-1.193766451235195,2.178693013497693,1.06,0.052000000000000046
-2.4178643355909633,1.7721658174773425,1.1216543373495969,-5.677449214519153,-2.838677006433025,-0.4648775067364299,0.8446855004110896,0.664629861549155,3.0429139032554975,0.8088477070647866,0.32000000000000006,0.3192999999999997
-3.007238320534293,-1.3840045719925658,4.886806533330245,-2.5567971343023177,1.2073961519675824,-2.7537436996871953,0.8772234862101174,-0.31314786939618083,2.025807074547676,1.3680933982944563,1.4500000000000002,0.7956000000000003
-7.792062079015729,-0.0825254477671858,0.01496745032444868,-2.763186580048892,-0.1742846976774985,-0.06502040575077021,0.9597121342704636,0.4495914167647679,1.4064347161080295,0.17984812252101054,3.98,2.4545
-1.9929058943480058,-0.21123663744054705,6.080381331391898,-3.8416550218232906,0.002169212813359033,-1.1931461303788333,1.7212728510460156,0.11485324419945665,1.3616331538290298,1.546682692107675,0.8500000000000001,0.007799999999999807
-2.669420649891186,-1.2785168172393895,5.569006481370428,-2.056072994643733,1.667363954231442,-2.6769062245404016,1.0447740941671668,-0.23586223564453007,1.7183008069610883,1.2904914540563936,1.27,0.14659999999999984
-3.1994293063539656,-2.4235516936412473,2.977496504351816,-3.259591760714595,0.9716573166428017,-1.3416257241451361,-0.3999762762535756,-0.8324644080325356,0.8899800457750745,1.8659998844425014,1.0300000000000002,0.48270000000000035
-2.0379049703220278,1.066354198619696,2.339476739425519,-5.082990734359231,-2.3460951147476,-0.7447349258330758,0.8350769864535177,0.881037265613767,2.9327746733440616,1.0043835774975005,0.24,0.37849999999999984
-2.1735389936368255,1.0319816503689982,2.1711192957043446,-5.077138789492386,-2.2350997688428986,-0.5862343517776816,0.8644413020672659,0.8532114094013996,3.0249418981604395,1.1051347500143147,0.28,0.6732999999999998
-7.531125378851094,-4.475552089328999,0.0108127716885268,-1.2976351512111692,-1.3942002887519411,2.7501413127068686,0.18694360443876118,-1.2112571276349837,-0.17567520894350125,-0.31091672811968835,1.65,0.6435
-2.273618594729573,0.3470629626894184,1.9910461042848706,-4.722641265499297,-2.5329934159011374,0.3963190901444833,1.079920202919934,0.08582383353119999,2.8217218898334178,0.7477698603550896,0.6000000000000001,0.37319999999999975
-4.431206404517883,-1.2885935606387078,-2.190557650524096,-4.673421247211893,-2.337199273715745,-0.47343168424426246,-0.9569908665629114,-2.5079490718468413,1.4466206484674065,0.6273399379113296,1.4,1.4
-2.288953706594362,-0.39510975511943164,1.9539714687969028,-5.315879377526724,-2.473897401703783,0.3057418128812087,1.162039383051436,-0.06613697856399617,2.9208664317425224,0.5574913352433225,0.30000000000000004,1.1103999999999998
-4.37617944900526,-2.2799722371912545,-0.6239659606067192,-4.884153651423624,-0.8260496370046138,0.1478845320835905,-1.0495218216145958,-1.6967799742692802,2.3197775822962257,0.9009767242296098,1.42,0.5582
-2.391427789020296,-1.0240138126477376,1.1774121427421809,-6.003487426310946,-1.9602027186114819,2.1167308750540395,0.4542190390820887,-0.7827629345487929,2.8501247095398208,0.43521512861418354,0.7400000000000002,0.1915
-8.036654212226587,-2.8262008801744454,-0.4602218708607919,-3.548157839071197,-0.7890638556287376,2.239851830436411,0.17839459330626928,-1.2047726486237573,-0.1904565414766472,0.0707033017795885,1.4,1.4
-3.691050799657012,-2.09018700048872,4.61844189770032,-3.725646151028569,1.4749837209459542,-2.0948313407956207,0.5429527948287917,-1.0424167524082015,1.4454237944863786,1.584844559396552,1.23,0.15900000000000025
-2.514049612246296,1.5860583917844406,2.1500224870785503,-6.387315695905421,-1.6101653820273305,0.8088701429081452,0.46852130112967444,-0.11529671005763908,1.6246432616608149,1.5158561049390347,0.08000000000000007,0.33709999999999996
3.1941997554541786,-3.225743068967581,0.003958322186612449,-9.22375147532308,-0.9022206408751171,-5.671981443982834,0.9370303861458223,-0.8456090298256966,0.042753152767693786,-1.3465322700756113,0.19999999999999996,0.7095999999999998
-4.181580047955067,-5.71491167308812,-1.2527687961624403,-0.9515871763351735,8.858572278038364,-3.689479104052317,-6.172111363801925,-5.816465812094168,-0.43141266529241884,6.16460998163806,4.3100000000000005,3.8167000000000004
-6.430094248975935,-1.1072691950549427,0.40081336319112504,-5.00920887178529,-1.3626337369406387,0.2599813599840461,-1.4515777190143058,-3.12309695005423,1.0643270864509793,1.7432546844990302,1.4,1.4
-1.0607840301800848,-2.391692709807044,-2.914895378746684,-9.512094086225606,-2.446582648420334,-5.203660525210575,-1.5368128181578729,-3.65388605243031,-0.7480181831776538,-0.752029195767026,0.7000000000000002,0.8317333333333332
0.42434217033958965,-1.9737379782391573,-0.15218042224996906,-10.290905823251448,-2.030376809263261,-4.405854432932811,0.8704076163455464,-1.2993834040699155,-0.19994931534599736,-1.8765932433354495,0.40000000000000013,0.6909000000000001
-4.5936164126611905,-2.290661205591403,1.2673426286133809,-2.427159148086417,-2.204558464007944,-2.010789641213678,-2.2585593178140315,-0.8287253278762071,-0.06955828420095163,2.448262129918045,1.19,0.8238000000000003
-2.4899581130099486,-2.3734880890809005,5.534970762403341,-3.2817113931425403,2.4392164652061634,-2.3800470643117757,0.7079417944876152,-0.3095502152539157,2.09918413856863,1.4072690342484213,1.35,0.24330000000000007
-2.491651213582767,-1.2519686663267402,5.919230828879244,-2.104316840606945,1.5082454153968237,-3.202141670064748,1.041713538842948,-0.012496720292298667,1.3072369574340892,1.3460386134254694,1.0500000000000003,0.017900000000000027
-6.360253595869325,-4.609374863405014,4.0875471815494775,1.429031850412375,2.2803765574185717,3.69861226289446,1.466971406194978,-1.740839548086504,0.6334753673247505,-0.7972201056706872,1.0699999999999998,1.3329999999999997
2.2790304587231605,-2.7390277267389105,0.7246452521175557,-9.204844088703968,-0.9285981847490706,-5.294862848037047,0.8621754035324837,-0.9203949832434647,-0.04033485061501798,-1.8107683246552855,0.5,0.7383000000000002
-1.1532728562994659,1.4936303065648724,4.357263068618916,-6.527232466466742,-3.3206561451088312,-1.0042100940690148,0.6938723721355562,-1.251037930965928,1.4740124584233674,1.1957969061053833,0.020000000000000018,0.3434999999999999
-3.590315695433382,-4.239270539070262,2.1718032370125386,-3.112631477708922,0.5677633851259283,-0.12443479235881136,-0.7544689810173111,-0.7694672484467563,2.031826760084975,1.6244977619025178,0.77,0.2739999999999996
-4.268961646158212,-2.3008203563270966,-0.3721466778800132,-4.561034343974208,-1.1384620171493953,-0.14571232692324745,-0.8448508328268028,-1.6013483709321645,2.071812296851162,0.892858159176386,0.4500000000000002,0.05479999999999996
-4.4870737603748925,-1.602543162629308,-1.4951763591330312,-5.2106179940074,-1.7540005549342876,0.0031467383342071963,-0.8752761320841961,-1.8279825766137605,2.135468581317148,0.6074966307109834,0.42000000000000015,0.1331
0.5463104969748472,-2.2581528211700013,0.9379857370654442,-7.68131862001959,-0.6033713522648356,-3.932630853712241,1.470728153110057,-0.2924659349850859,-0.08968359732505145,-0.8207891854915677,1.6,0.6535000000000002
-4.618142651552481,-1.3385923519883702,-3.2912620884833164,-4.962859039693274,-2.2243765443691816,-0.3352269381292027,2.5819602481366006,-1.9492239953593835,1.752613233393901,4.758467623277165,1.4,1.3158000000000003
-5.414199707710903,-0.11551490944808826,-2.047084216177195,-4.255687713890637,-2.1966150732791223,-0.3954893812648583,-1.37576770115727,-2.001264437446538,1.7914487465213853,0.8840651025672391,0.04999999999999982,0.11019999999999985
5.730470676779977,-4.3816164877009545,3.169777679675115,-7.51424534266149,3.4046222772648833,-4.903904700652776,1.9219363393164,-1.54209860540697,-3.530703160618433,-0.692509808502135,1.4,1.4
-7.83004908119672,-3.2863092788868133,-0.6661972275654922,-2.9442098297897408,-0.16391824101630392,2.976564624127178,-0.057863527982214474,-0.8740680200958973,0.24000324545576865,-0.44528525101181066,1.4,1.4
-2.363317605317538,0.44552555023495877,2.818840819945515,-5.654455203140555,-2.25332189982327,-1.4721307676350364,1.147625835247939,0.5872701025783638,1.8269005392327642,0.7403192046993218,0.8000000000000003,0.021100000000000563
-2.4792512362100187,-0.07930630876270782,1.434848262982675,-5.0627679652607895,-2.4994495588485517,1.8615118971746827,0.5145612387031502,-0.5143117376470108,3.1352093496428126,0.3117766048026542,0.13000000000000012,0.23520000000000008
-3.7240168476916358,-2.468279347283782,2.328466600160165,-3.3348756028733373,-1.5312913452735617,-2.263702754015209,-1.2075969565254445,0.34672839444348436,0.7341549769845591,2.168873555620513,0.8000000000000003,0.2795000000000003
3.635400102544338,-2.692331740108264,-0.8176128301605028,-8.70511722035372,-0.700632880628509,-5.917286078972947,0.8445026028755254,0.22298394701078864,-0.10583244740889572,-1.8783203462911766,1.4,1.4
-1.7309103712650027,-1.5645514640770202,4.3293389446785255,-2.873282349113632,-0.7681863681864197,2.283595154817163,1.2539278221405386,-0.9124307162550005,3.3517965434536734,0.5616091283737821,0.050000000000000044,0.21219999999999972
-3.6335994727203635,-4.322902365072052,2.250796769387969,-2.785331991983822,0.546687496910693,-0.05703826450063563,-0.7923100630012375,-0.7986216322834176,2.0543192763657103,1.5433742938925792,1.0900000000000003,0.030899999999999483
-5.860352050087887,-10.197015901529129,2.4101475807742507,-2.1072290942103167,-1.376502345435679,0.5902758188061735,-3.495707169763353,0.6406762216568659,-2.173450648340929,1.4284122744680436,1.4,1.4
5.4747508804904745,-3.42030234372891,-6.878022278852096,-7.658333273314425,0.011151133886685587,-1.736915707070122,-1.2770290338466346,-3.3321705960573254,-3.0835808248186436,-1.0533204735417947,1.4,1.4
-5.11389688458659,-4.1820804877412625,-2.8751390976687583,-6.531050539110032,0.0024417889558958684,-2.948794334485767,-2.582391611839603,-4.776674809519785,2.6922194299653586,-0.25319974412924345,1.4,1.0162999999999998
-2.7594874034219345,-2.1657352777399117,-1.1294351727094523,-7.5545700777280675,-1.461437702547187,-4.155785912158545,-0.007859302179030225,-1.1144698504665151,0.8807094816527187,-0.8661559546518207,0.5999999999999999,1.3133
-1.4766534946967662,-1.5023234953782356,0.36419530217442836,-8.288105296558061,-2.10184494653127,-3.111230598328034,1.3742155035452617,-0.08047631428706596,0.9526700573030367,-1.7890814364404435,0.7599999999999999,0.6003000000000003
-4.964114916158698,-2.054816124114216,-1.1439079002498362,-4.193115757658761,-1.6750179853949156,-0.1140860368895413,-1.7102332829047844,-2.6878934911125842,1.8112731905859558,0.9843760175469783,0.8433333333333337,0.005799999999999805
-2.052141003133939,0.7573179090908524,2.693621109083341,-5.9101901582549115,-2.6497111955811246,-1.0785985193738454,1.1597910225067571,0.36533249792517525,1.8189014996554957,1.0342988542245246,0.9300000000000002,0.005800000000000027
1.829235487904674,-2.761566941219206,1.009508398487037,-9.028796139764944,-0.6797151408035054,-4.8914199864778976,1.0045335113095724,-0.7162643536535013,0.14950793609735732,-1.3552602792334496,1.1099999999999999,0.2626000000000004
-4.433304374103367,-1.5023953839407802,2.7926373524855745,-2.8257500997153038,-0.17431325470828,-2.33959915942994,-0.4842602475000103,-2.508240352102409,0.3909737071903961,1.7191750332237594,1.2000000000000002,1.4
-3.516333258035499,-3.783585489218601,-2.8958101493559,-8.239307132577771,-0.7467481200228435,-6.335792345273738,-3.4782794187330555,-4.737583432436585,0.5796476646570776,1.0930609970009284,1.4,1.4
5.13958059733927,-0.9550388816250213,-1.8290107988964237,-7.794264186834516,2.219116897673398,-1.1606182816910864,0.1707265375389814,-3.354456986996945,-5.609248955228198,2.5416436821365176,1.4,1.4
-4.504107774613625,-0.008299335315208755,0.7817129101577721,-4.679636148566052,-0.34889295908826873,-1.8192097479609952,-0.5515182490164632,-0.3992180400824873,1.362045783833803,1.3666981364884112,1.62,0.15589999999999993
-3.764966698716272,-0.2270515867187294,1.4383715307015288,-4.516921785854349,0.1463423988778348,-2.0850663978073705,-0.3315342014830799,-0.26856868869028055,1.5547937073482618,1.40515953655915,0.8000000000000003,0.8304
-9.114542718423522,-1.2663065285836221,2.020626183899658,-5.046902149906337,0.3359650326119894,0.2752063457193721,-0.30115011763419974,-1.7073325055323236,-0.8087081185742951,2.050777751413506,1.4,1.4
-4.559577363736029,-3.4541397621476357,0.4323670501844835,-6.692120879421441,1.1655980902592589,-1.6751935129977176,1.3069039784712388,0.030577257583622567,-1.5636105997427248,-0.7449345303681186,1.4,0.6641999999999999
-2.3477412352599547,1.4059976310847109,1.6598857159374047,-6.536861946166798,-3.0545135817530378,-0.5700203960882113,1.1092319539415874,-0.46867175978660913,1.7970412256996011,0.6391398355427718,0.2250000000000001,0.2433000000000003
-6.6813965232670816,-0.9884034886313903,5.633354477014323,-1.325427951453221,2.50625736523999,-0.2031732215065598,2.0155992651025794,0.319149762839114,-0.6194501303916734,1.4690887823046646,1.35,0.7081000000000004
-8.291498384375963,-1.4777200876632526,-0.0544378162398653,-0.9464484350752376,0.050700708461092994,-0.1404109172228813,-0.23140429671428017,-0.864352093698491,1.140895513151809,1.0628720280658555,2.25,3.4693
3.7164187270242035,-1.2746078294769692,9.724241367257589,-4.68217187795376,-0.08403762899993664,-0.2437585674163657,2.744701722342212,-0.7974719110207888,2.3793490472754386,0.35665089015242807,1.4,1.4
-5.8304071460842595,-2.6870064818682606,6.715055016090312,-2.1015543152923306,2.5969630658340077,-0.696178072460291,2.886710689354227,0.5618967254488894,-0.9545652664306026,0.7299316028111865,1.4,1.11045
-0.6732529868772965,-0.7373929901501407,7.55459555475669,-4.067057492429675,0.09260088937334043,-1.0438864916140194,2.14843173236543,-0.07762191233433302,1.466054133153293,1.1445475007676968,0.7399999999999999,0.5758999999999999
-1.9725733374606629,-1.422966710564257,1.1002617905840462,-9.484875728446974,-2.3252289618536985,-3.3838201746214756,1.0256808383395564,-1.661999214262524,-0.6452571487089075,-1.377361931779206,6.199999999999999,2.6938999999999997
-4.090560147249032,0.7934903991088649,-6.694469953901771,0.5222496822493948,2.2379551185689435,-2.6243520419554955,-3.440716882462952,-3.5046331302284273,2.9807120200285477,3.435139557563889,1.4,1.4
-1.255435835296221,-4.38604691653211,2.956621857077,-2.4914962939083227,-6.030680581191286,2.26425759617033,-2.2747883209623256,3.6675107596361025,0.921284618037556,1.5442693364867566,0.14000000000000012,1.3950999999999998
-4.615177293611833,-2.004464495010756,-1.8099773944557283,-8.66191453128502,-2.710989034988331,-3.52388875237196,-1.2325669148678036,-4.036483957722209,-1.48011085118122,-0.33921943836092006,7.1,3.5137500000000004
-7.490634033601636,-1.5311479677193336,-1.8014608794528235,-4.180850062033197,-1.22235991479847,1.5381461573751547,3.796422507102995,-0.5375139566888636,-0.25782000513911557,2.8079800286887315,1.4,0.9659599999999999
-1.4803105090084248,0.04057682487598096,-1.504787247650141,-7.433314726012565,0.8503883579984378,-1.064847920959178,-0.6922375157958653,-0.4699774492259342,1.0547825548543934,1.2750301273667013,0.06000000000000005,0.9403000000000001
-2.995388247556411,0.2268754709077881,-0.8589167505964284,-6.078532990977614,0.5698261110830664,-1.5289932257754397,-0.14948134372926697,0.25802172926316363,1.1063491930355214,0.46175547195400496,0.5,0.0940000000000003
-7.781136915690511,0.021121685368536203,-0.1931413717587691,-4.536990099320622,-0.4366067699035455,-0.06674875256602088,0.5672688074171897,-0.08106604427627867,-0.22488375631793028,0.6499017648972485,1.4,1.3101499999999997
-3.5133346907501593,-2.435090592826167,2.7619010331460587,-2.6559677236063624,-1.4091340568129673,-2.3730901083321245,-1.059042878372099,0.37479812525128275,0.523180958090219,2.0465626287112206,0.49,1.4
-3.4818250019693386,-4.258090831149817,2.156981377827553,-2.9823381365738753,-2.02045134231095,-2.333813796979071,-2.3907287853213117,-1.3018419271122836,-0.6398071411505071,2.2339106772166373,1.4,1.4
-7.783906034591723,-3.282399398409347,-1.3061160678603538,-7.875261851914139,-1.4142467195542374,-2.397117023417264,-0.7690900744109659,-3.7462773453992737,-2.504860484538675,0.02071708427113162,8.9,4.774649999999999
-8.193648320568728,-0.864068556680518,-4.435375666544595,-0.8386999820658073,2.2090721564756497,-3.188893909009177,-5.674139456928786,-5.351334234599667,4.502408412359399,4.278041710375978,1.4,1.4
-9.375426800576497,-0.40036891789366036,0.19526895538160158,-3.679533291968576,1.5593178584978968,-2.454438227067604,-2.303840799588679,-2.0200322780007265,0.9094523464919105,3.073051109356783,3.5366666666666666,3.0838000000000005
4.806036743690925,-4.401100988864751,4.943188789640615,-6.1414826130312745,3.8975838792843827,-3.7191650176555338,2.7561725436202074,-1.0903860639236456,-3.7561997799869693,-0.4417869108435033,1.4,1.4
6.885159373348764,0.6198566286426653,5.782165568827428,-4.178943077921728,1.308797225723439,0.7735389911375301,2.204537231996936,-2.454189039912157,-2.0684925060415114,2.468846711575117,1.4,1.4
6.298788542066789,-2.240160407193505,6.989244927433955,-5.505291050537402,2.5031108589100244,-0.48412558223603736,2.5609738474498642,-2.389243687767409,-2.1441764849011515,1.7306001793565065,1.4,1.4
-0.5749848229513892,-1.9641092279413597,2.7928725237987475,-8.764295032910391,-1.987612023694655,-3.994316965872906,1.1893881146304393,-1.197193189854769,-0.6223473798584808,-1.821674410845061,4.733333333333334,2.202166666666667
-7.635736198390182,-1.0015919561865338,2.7909383174398967,-4.154760014717717,-0.24778771006394326,-0.9532656683933436,1.3955054963364761,-0.06828056257757037,-0.8868379287025852,1.0815476457132565,2.4575,0.6942249999999999
-3.815035639187292,-0.6980954506208062,1.3177333385763836,-4.558809323916739,-1.5745610461112967,-3.752831284474542,-0.185027323817715,0.168726530881774,2.0300954283930306,1.0475681884810426,1.6,0.6103000000000001
-1.9618253036301883,0.6682393058196618,2.663442714965375,-5.707406635952775,-2.985701336519279,-1.572990748820173,1.0635905004286381,0.8452632131001335,2.572909649602961,0.7315871516636604,1.2800000000000002,0.07330000000000014
-6.71809473514732,-4.315662663342908,3.7649277123522493,0.25213747918726875,2.714356455843725,3.329974953997445,1.5478730802827256,-1.444361807538258,0.7040382867110561,-0.5378505220899221,1.4,0.32409999999999983
-9.05609010377699,-1.7745573751535713,-2.4265921223680733,-3.812505501312927,-0.055036304249692414,0.2639378176858298,-1.610441562049424,-3.247321691254595,2.0103934252750824,0.8892420665280444,4.92,3.1408
7.95437067167261,-6.360627692606782,-0.6568000724380355,-2.6256421046245713,3.2948859186185566,-0.1969314888894648,-0.1408704773582554,-2.883293020885746,-3.094420988541436,-1.5345612208276445,1.4,1.4
-4.201110153553868,-2.170579956948331,-1.3709296482957956,-3.273751556788979,-0.3070496320815466,1.2481074588648364,-2.013363587995104,-2.052744625121466,2.628101733015307,0.547079113264632,1.4,1.4
1.6979586476325483,-3.1591025697318713,-1.1134499940955311,-7.6497517675921065,1.241733211496103,-4.761401186995448,1.1224234787670035,0.5359660270880139,-0.7875879790937846,-1.6626065754452126,0.34999999999999987,0.7279
-7.7630649853055536,-3.051031048942528,-0.6389252283559056,-2.8292207186140463,-0.3192930133644116,3.0992277705095574,-0.13419701460468608,-0.9283718464778277,0.26538417710516415,-0.37944667249698105,1.4,1.4
1.3230934827054561,-3.6198317952250534,-2.015157428007356,-5.738118610552941,-0.12099262542923452,2.073455938497558,-0.5706963001088714,-1.7176336593902888,3.060422382793266,-1.4322270020275236,1.4,1.4
-10.117084201224756,-0.6186885085311212,-1.9485750549068912,-3.831406348992013,0.2565809620442202,-2.672429323267702,-3.5786087734045227,-3.3388852256742028,0.7060012017727753,3.2020578326560556,5.574999999999999,3.915012499999999
-3.0638332033767446,1.494365214415016,1.9382393428074571,-5.742275180622688,-2.4952855577889963,-1.3526098413760488,0.8852695416564222,-0.19550505661545814,1.2696246295294178,0.9291578312764587,0.6800000000000002,0.03744999999999998
-2.8301214471836578,2.501898641947502,1.79160899506331,-5.040560514636165,-2.543808116572082,-1.0156835932578807,0.7962434267785903,-0.10835496973674102,1.0885382595266582,1.1971389779107375,0.7600000000000002,0.4828000000000001
-7.772157429557929,-1.879495976157923,0.16677619621575876,-3.5810705956366697,0.10794081739878114,1.8485353181016146,0.6346981890208323,-0.6527519631381743,-0.2160589665784275,0.17770028094006837,1.4,1.4
1.711327940083205,-2.574974180779226,0.6084177241414871,-7.605542716303909,-0.7953344906251898,-4.517257920816894,1.5266052268369807,0.27516759592487394,0.3390335135046864,-1.7704482289371974,0.4999999999999999,0.4950999999999999
-3.5607488288640807,0.9501148675092516,1.8522636696901618,-2.8140608477461244,-0.577429938867699,-2.777722213057108,-0.007771433046913272,-0.33858755509409577,0.8933995971835881,1.3184088296971315,0.3450000000000002,0.1628999999999996
-3.802167160247582,-0.6253123078830979,1.6819978011894907,-4.766584347717519,-1.0299467095047503,-3.0196374126972185,-0.0478906758973955,-0.8752627140451821,1.1911005171606908,1.138644152835601,0.29000000000000026,0.1969000000000003
-1.985044597473872,0.7580595500359447,2.8807298442802205,-5.944974156273613,-2.5669970151077544,-0.8902967900695992,1.1186949751199358,-0.1796210221127451,1.6396729323041364,0.8880823440048699,0.07000000000000006,0.12169999999999992
-7.987650482629912,-3.17049474675966,-2.0331702353724976,-3.3933952336200104,-2.639748215635315,2.573299870413212,0.010398559715937675,-1.74786984977263,-0.27673114040388935,-0.8272416731336508,1.4,1.4
-3.404085441179306,-1.3309380500504076,5.265117067967371,-1.7537929927414795,1.7201219533833005,-2.2739972715144785,0.8968089529032289,-0.6135807419566122,1.9183009804944542,1.3394286111380147,0.8500000000000001,0.6549
-3.3181243790205612,-3.7877002521625105,2.3045692750149915,-2.8093695592237955,-1.334255641976659,-1.5031770985404291,-1.9417943048026336,0.6901433502205937,0.03268461670862981,2.4420597957890933,0.77,0.4609000000000001
-6.378685168794512,-4.048246710115174,3.964064865049606,0.003479076761268286,2.3660937215132316,3.478188026658247,1.7490676063101596,-0.5613867138316466,0.8028938417661062,-0.5352556255875364,1.4,0.9161999999999999
-6.662856085367698,-5.0637769515183235,3.692823220418977,-0.6761602172023325,1.8047349197314682,3.0344449204449804,1.2984446887765508,-1.859215490462997,0.5162539828615399,-0.30098550713201133,2.1,0.6983000000000001
-3.6944825415150833,-4.447296654463438,2.379688246315714,-2.2561960956980527,0.5147424053737442,0.024928622232069066,-0.8315291571815917,-0.8571725878486286,2.0659771511905,1.419297005236548,1.5500000000000003,0.6421999999999999
-9.816246739017922,-1.6881446921271919,-1.2650389553599533,-2.5266925209183695,-2.185405156288559,2.7894576069705255,-1.5242538641060548,-3.093000623700432,-0.158385760546092,0.8176973273449628,5.0,1.4
-2.252618916983238,-0.4219940312507279,0.18570370649895973,-3.8042034275519834,-3.6905520311399247,2.669604707585201,0.8047260203623229,-0.8086214061608634,2.82616920228192,-0.7841979037902049,1.4,1.4
-8.252676425108872,-1.4015522657854191,-1.9810465904384198,-2.5291528246589534,-1.9741315826395585,1.6965594757540907,-0.3999658380299073,-1.4910926149690598,0.19145526664145665,-0.005112150257881879,2.27,1.6442
7.529754982286071,-3.995636507676601,-0.01398690219201126,-4.66440152275394,4.2680653164549085,-3.233049060554334,0.5384051911170661,-3.4035158576515028,-4.850923630336684,-0.24820575168483203,1.4,1.4
-7.098806776116944,-7.735533307182452,3.1270813095225454,1.128907142597328,-2.0350911113057473,1.9490928196756074,-3.300394407617955,1.795174662786417,-0.8192386550974043,2.4323091811277,0.9700000000000002,0.33030000000000026
-0.9714559456668921,-5.653761251140981,4.56026098762712,-1.739797900395508,-3.008277062562095,2.7406219010700728,-1.9209878382262264,3.608164190829447,1.3971464158531917,2.1788781997185707,1.4,1.4
-6.719217281347397,-2.0681196340154093,0.6231336418996178,-2.8604061828229987,0.7092435128334613,2.772320135881479,0.7456898117674254,0.8413845128046407,0.2722936182441833,-0.2805311423149575,0.6000000000000001,0.4928000000000001
-7.861619539350971,-1.911672283898009,-2.144628862145893,-1.9086448301081431,-2.0042847055717163,3.1231270762284162,0.3708339661768018,-1.4016113960574441,-0.004680095299511598,-1.0900196877816386,1.4,1.0750000000000002
-8.817174184482779,-2.538973782406485,4.801614052473629,-1.7242272690758693,1.46868561145761,0.12180830557390797,-0.011742130839532912,-3.569768950727401,-1.764361066713331,2.343769344070292,1.4,1.4
-1.1635080662516268,-1.5076530796720848,5.6150535036515405,-5.093149381165715,-0.718776169912497,-0.6319001850495679,1.8476983173733283,-1.052055264895975,0.8910221531557494,0.8046432197957839,1.4,1.4
-7.716747006441109,0.2544115954947865,-0.3065934692470683,-2.474831162298499,-0.16223328403352172,0.07065084531971481,1.0329247988736923,0.6026244497700447,1.1332513936040234,0.06232429013903205,0.9199999999999999,1.4165
-2.872686721144604,0.09665636296227252,1.468794029460152,-3.5880283789273038,-2.6731227671853195,1.3006024213557317,0.4793846402841548,-0.3478422929220499,2.7487749512004696,0.338441547758064,0.6000000000000001,1.4
1.2277097242759365,1.2514979933812553,-2.333737654438382,1.3087049005126214,-2.9353724311723695,1.2719774465779756,4.976846273858542,0.9305942870182337,2.445340516760696,3.8751081581274565,1.4,1.3135
5.015906636911052,-0.18994137898792623,2.890464200353394,-1.33432207543504,-0.13785455995123694,1.6187690713914853,0.775622041774112,1.645907908353915,3.8731900992855404,-0.5507280211823328,1.4,1.4
1.3154731612426274,-1.5163442357737347,-4.096301042279485,3.1693063766140535,1.1526566399168474,-1.2770611446301727,2.5329298532818756,0.7938687128982957,1.7905104026752985,2.075243320078151,1.4,1.4
-1.6760333301430441,-2.882390716289948,-1.4628502639476166,-1.3011175333443552,0.9953333369555859,1.6574547544358504,-1.4868545388506516,0.34336003260862086,1.7874206768870193,-1.3643783852278617,1.4,1.4
2.8518784570628997,-4.243966992330219,1.1370333492040445,4.453676112822632,2.5889433705619544,-0.5790076912513318,1.9696691187827702,-1.508181994553348,2.279913670936497,-1.993927945341483,1.4,1.4
1.3129661545390714,-3.3141965646205698,-3.358069332987258,-0.8149513742968498,2.192578211102332,-0.050365784819866706,-0.9938655398531544,1.0355713085781764,2.357579042375755,-0.9894267546277858,1.4,1.4
-6.7408459310777,-2.715988811952451,0.08531899557984411,2.1688525786042474,-1.9669528946046706,2.1753300838411693,0.9236416474383645,-0.8813671813465906,-1.1866973256364541,-1.3871127188279364,1.4,1.38415
-2.9006741028836314,-2.3583304787603137,2.346347248968969,0.7736397868803935,-3.307289256602325,1.6680977314578107,1.058891757786545,-0.8422266502814073,1.130748513650625,-1.0017941216592103,0.6400000000000001,0.15189999999999992
-0.56752054388214,-5.580564829661705,-1.8859209875493503,2.3521795691413963,-2.659346228760403,-0.4520347164680267,0.06312487859313273,-3.209379962148218,2.1462005371718953,-3.032649684552875,1.4,1.4
-6.7273850871410215,-2.7194660723584314,0.07555850443137403,2.161940970052582,-1.967478213818662,2.1805052532667184,0.9291369635164425,-0.8809353098933429,-1.1782837106811401,-1.393189357392911,1.4,1.4
-6.530805891470249,-3.32297135982789,0.9386394959750286,-0.4119881112509685,-0.314859166811112,2.9580592136952615,0.364382342816927,0.8282541212019022,-0.404472492006217,-1.0828491924866852,1.4,1.4
1.9835469579519354,-3.624828522029263,-2.9832810402339835,-0.7717372301328825,3.853399236031136,-0.03167332676484854,-1.652058577988124,1.4078143100564686,3.0921902943689163,0.27303605561609706,1.4,1.4
-6.495233224485274,-3.295037162317591,0.9288927269660747,-0.4887003501034214,-0.26118270255778636,2.9761788669696982,0.3502452466604124,0.8804734350800844,-0.38198523353174374,-1.0712417865170805,1.4,1.4
-4.261503992747201,-3.5697542132434577,-0.7622736860729025,1.719375669384815,-1.588179280431282,1.115054125118076,4.631714413757391,0.07572316935439984,-0.16347640194416274,0.748382954846305,0.7,0.8292000000000006
1.0300921432030867,-3.206818210016762,-2.617566937777847,0.7220165825114211,-3.1319123413333716,1.3728738095374835,5.451369199271311,-1.3268381061012104,0.7134483650236737,2.64036060269599,1.4,1.4
4.008589817687561,-1.6657884028832313,2.095070752032072,2.862071041537485,-0.0761316199060722,0.48535301688608146,1.9144322847825568,-0.696399936464231,3.4879141931341073,-0.6727570150060703,1.4,1.4
2.628132738192416,-0.8205589413424642,-1.5287068895751355,-1.6365286679709885,-0.4922100359442161,1.1281738710636626,-0.3720178977458309,1.1303701920507032,3.851104823808289,-0.003398670850721146,1.4,1.4
7.29838784914278,-2.339225417526284,-3.055449520864238,0.2861095253094042,-5.073182418155881,-0.9594353598225371,1.4121516254107969,-1.7490675550333254,3.056276030028437,-4.051241988713858,1.4,1.4
-6.6252381741689295,-2.510855022124978,0.10715476998215018,2.1507234010906866,-1.6878375881240972,2.3970341796433154,2.0500959038010174,-0.3079922313529002,-0.8302084122718163,-0.5677076310907698,0.10000000000000009,0.21920000000000028
-7.699808071457076,-3.6485728029724482,-0.5694918407954248,0.992829260659055,0.940313989639579,1.7809362195196847,-3.216054605346794,-2.0124279395246787,2.2924416550596822,0.7694489086011369,1.4,0.21868571428571437
1.203260956709231,-2.664486425829241,-3.8213436914905237,3.2476259162608843,0.8145181621912871,-1.3702781225159362,2.3971716501013516,0.42867768965082165,2.0579040031279403,1.6051929952669841,1.4,1.4
-6.641284583497865,-4.054128809856715,0.42936625976918547,2.584720389339073,-2.461572197761174,1.8005175017753199,0.443018763834768,-1.667427591449794,-1.6144368287148614,-1.5336425238263154,4.0,1.0852600000000003
-0.6454524846380474,-6.1108309181835345,-2.7649033218200705,3.8347419302720245,-1.2306589482196155,-0.46479223088303406,-1.93706590463319,-5.261522927614064,4.106019307835281,-2.1155656366323177,1.4,1.4
-0.5015563366095027,-2.8218084486572494,1.8519715253652547,-0.38015359281668865,-4.205087650496387,-0.7988474390208833,0.9005359877070713,-1.3762250768529123,1.3664013499639485,-2.868398407100865,1.4,1.4
-6.414429026521199,-3.491124788879473,1.0371569213200231,-0.18917764280944024,-0.1129842692917475,3.1595266448721784,0.2362864282935984,0.9429804406567313,-0.40912667228348204,-1.1508815319214525,1.4,1.4
-6.295855306301851,-5.038614079753702,1.1348896953321679,3.3434202021557033,-3.582711376840939,1.621956710795623,-1.1917529969323282,0.7543117097520884,-2.9059306239016847,-0.05555195828647517,1.4,1.4
6.6587776521900865,-1.5592343110976974,-4.409820264992811,-4.027571283450329,1.272081070816015,3.9031450607735607,-1.8618258806805024,-1.3505766803373098,-1.6015137252890035,0.8094780899049583,1.4,1.4
-3.4583378000816754,-2.925109632206971,-0.2651243245220388,2.062183058768499,-3.4915676765112953,-0.6607897983997691,-1.4646835449921776,-2.994041239635072,0.22269979661100084,-0.7907921350271663,1.37,0.07714999999999961
-0.5931164880455831,-0.820933907460111,2.0746592187870827,-0.13644444731080113,-5.186464491902286,1.6532021350697317,0.8377587482695485,-1.0710611726708676,1.3409344538475232,-1.4516315874717935,0.3733333333333335,0.1389999999999998
0.48188183032767407,-2.658471918792434,-2.590247705823325,-0.16173730734682099,1.335936839590099,-0.6395390583950895,-0.6886250211697047,1.1977215587447705,2.7729040184279055,-0.4592646555216227,1.4,1.4
3.2897673624980395,0.06091091000105833,-0.742883308299653,-2.911872618999252,-2.4463644755593306,2.3116866022077027,-0.18566880026267704,0.6798386310304835,4.22075582901818,-0.571829700334897,1.4,1.4
-6.661386616167309,-2.712834804372127,-0.6437921302912151,2.7197891579069347,-1.9574289901000224,2.725801132736388,2.9458577846996783,-0.3825740701499165,-0.7774510061819083,0.6621283717254333,0.3799999999999999,0.14209999999999967
-5.530521037802767,-4.111307980603999,-2.094833778673605,4.867747227241993,0.2589359684583394,-3.2657057252051147,-4.410447398454614,-4.358344386099251,3.7001372544268047,2.063565002009258,1.4,1.4
-5.8377707921617885,-3.647647122536473,3.5786251280563994,4.032174331574254,0.8815110028330403,3.0047122889112714,1.7989547484867416,-1.3950666285170432,-0.33275226927191626,-1.6274892037266393,1.4,1.3916
-5.9226318840682906,-3.7955098757968897,3.350160425682586,4.097831487893426,0.7645970163406063,3.1396618906290277,1.6522568333679923,-1.618073443262208,-0.30343708891066695,-1.6818229597276266,1.4,1.4
0.8486904520070413,-5.917899171392734,-3.091068752553198,3.198976157141138,-1.6878407981432046,-3.394558710489241,-2.4720098985964487,-4.8468979191922505,3.5779188551248122,-1.2232483481094976,1.4,1.4
-1.3692778970415833,-0.15613939071924784,1.6782958204438136,-1.9485716589023157,-2.920528922791771,2.4001931347329175,0.1097993250028288,0.7194322573804411,2.910070285950119,-0.3348608011349937,0.6000000000000001,0.2163999999999997
0.4742346479603798,-2.324746556158208,0.37409721285920783,-0.06709299765806585,-3.9728754900431857,-0.9692172784575066,1.080975915602723,-0.6640143512468799,2.476775237854448,-2.9835839194738996,1.4,1.4
-0.04692877126948855,-1.3797056897175761,3.6666265145376213,0.96323731548723,-3.7495735469713725,2.2819256108757227,1.182737126962924,-1.453387528754105,1.6570644976679414,-1.3822428148607941,0.1399999999999999,0.6580999999999997
-0.6475807124977639,-2.941220946323989,0.5084464688077867,-0.49333189572706154,-3.8591349010234053,0.9467407365860137,1.6968365724776044,-1.8880813924042181,0.5334354301824431,-1.5914912518566993,1.4,1.4
3.285707230571435,0.04144807984681048,1.0383065603741906,-1.2700670334185622,-6.736011252732641,1.0286158057882968,0.649071333151702,-1.5550863311241248,2.1246359085661926,-1.556836227439809,0.97,1.4
3.7124630474674434,-0.45153965489986225,-0.0907042537761807,-0.17332049580897668,-5.213721287703951,0.9308609436842114,1.215077685172671,-0.8896464685800116,2.882731732164221,-1.6951039002755426,1.4,1.4
-6.570975260174262,-2.6064480341424114,-0.5554697698425689,2.703459265576936,-1.8832687298706496,2.528358640919092,3.389578683040146,-0.17756634068878172,-0.8813106213972812,1.200119543215281,1.4,1.4
-3.0249149530396706,-0.7579063841586714,0.9011861402598225,1.9767482044631024,-2.4685486143753206,-1.8903897628069837,-0.25244874092254016,-0.1445902205030749,2.0150908950922433,-0.6929026630585771,1.4,1.4
-2.921137840741959,-3.9536653533163193,0.661679018408694,2.7126862425631995,-3.683125338572748,-0.586791314754193,-2.051774617433088,-1.9466694539384093,-0.28712696349629324,-0.11796130183714691,1.4,1.4
-2.8300570476829074,-3.5898764860605814,2.0682096222315267,2.416449392364547,-1.9900006591620258,-0.46025746379210236,-0.5841065722139215,-3.0473686447663506,0.26295731423495966,-0.734074027704381,1.4,1.4
-6.749769046568982,-2.7134739800900354,0.09180810460469765,2.1735392584470734,-1.9665340025961313,2.1717537753092597,0.9198864608563239,-0.8816530414790198,-1.1924909825702503,-1.3828724191819426,1.4,1.392
-7.178877343349617,-0.13025633367726647,-0.8328190531302131,2.4254368065048073,-1.9126859086083436,0.6839371186375199,0.7229135415717599,0.3843264556510899,-0.06538185285133463,-0.8169830962360657,1.4,1.4
0.9145377474476957,-1.703307046080323,-4.228012852514257,3.2786727069892057,-1.4958818825888678,-3.079552923080248,0.5436003379711171,0.18458047827986948,1.1348152303449615,-1.370777619095192,1.4,1.4
0.9404453216501472,-1.6302544852704153,-4.480725521836746,3.3050033908581375,-0.9113585339134886,-2.092108524402805,3.6579259482383613,1.5181538455939383,2.0127997650644898,0.999045618116427,1.4,1.4
-1.6043259405549666,-2.006511440965208,-4.982635422699408,5.042725075735599,0.7548554300164184,-2.598878807596099,-0.8321774193023062,-0.8090269176927695,1.6641045912869892,0.15021108496348257,2.6999999999999997,1.4
5.766112049786414,-4.038502514133174,3.0638843098101036,-0.5864289196631711,5.905841959976827,2.1545771309418353,-0.5145155083057265,0.16923157054985002,3.4249153830475345,0.8578924535260604,1.4,1.4
6.810942838952003,-0.8231170306293333,5.234134524699776,-4.530530535219028,-0.10481787102879478,5.247795248011654,0.10093466128521644,-0.6110609166079343,2.9283089388225063,0.003625229256790235,1.4,1.4
5.994891754143986,-0.703691943592219,-1.6826019268071821,-1.3533008949932792,-3.799619311302654,1.1613238740231628,0.8584917352293558,-1.5415772263504386,-2.1805904399936136,-0.588056212874517,1.4,1.4
5.976708852576966,-0.9726060478553782,-2.365270519033836,-5.320552291970545,-0.13069234114116687,2.8536396801131123,-1.3507305432733845,0.27935910272287306,-1.2367817177111986,0.45255204860127024,1.4,1.4
6.85577601107138,-3.2033655380891597,1.6036514772710866,-3.359334210240804,1.402221394817046,2.378421724026986,0.4218660169270941,-0.6238189516832529,-1.738520100649606,-1.107888488928406,1.4,1.4
4.740807893008156,-0.8430988262531265,-3.3357289449281646,-4.240936235045579,2.234652570219727,2.041787801431443,-1.2583853192943089,0.9701231159612637,-2.178977899238071,1.1987788476742804,1.4,1.4
-4.5606005528893405,-3.788938599049736,-0.28165421907847676,-1.820359649319576,0.9351770663407292,0.8785336657692084,-0.8851393811856799,0.6399880394356248,-0.02576534915234517,-1.2627044558973348,1.7200000000000002,0.26910000000000056
-3.926502757478074,-3.4678805742857173,0.4961729113010284,-2.228752147550724,0.7642495200353304,1.471859143399593,0.15775070320437778,1.3480967017988674,-0.09669788779867829,-1.8430982582130973,1.4300000000000002,0.14679999999999938
-3.454474762889444,-3.718660993625285,0.7498762327900094,-2.1307372612057294,0.9297103765401867,1.1881815729470868,0.28328412411503734,1.4394769047602662,-0.1275987744954567,-1.8171580139806036,0.9100000000000001,0.2034000000000007
-8.785597740503794,-2.414322992431945,0.9915726827812793,2.3901406206693605,-2.096071226596979,1.808354577462992,-1.3310356351123036,-2.8893014307240565,-1.7729585711405615,0.4810065175843275,5.199999999999999,3.9478000000000004
3.042426531738733,-2.7330368483495984,-1.5127537384081458,1.2335716834989428,-3.268070010554186,-1.4581381032996477,1.8758236017590573,0.27985687643592916,1.8290083027213555,-3.687671189455091,1.4,1.4
1.69252166459641,-0.29693979833139555,-0.8253354824843113,-1.6472587131005827,-0.9390768262663468,1.6918131087677526,-0.04959800645761303,2.7316781558532877,3.230626000744497,-0.8864975736904631,1.4,1.4
-6.239087018476817,-1.735391732982821,1.2021018163096175,2.376434708561981,-1.6667230991086996,0.6785634598213378,1.6065474714298311,1.1282583348142388,0.10167529800009623,-1.5260236344837792,3.0000000000000004,0.8547000000000002
-3.307711953476766,-0.7521642993264668,0.5165056908478239,1.8180622347722066,-2.5984121007910748,-1.5977610148739598,-0.2495261913847585,-0.28320784346549466,2.0309995109848114,-0.6146419090895252,1.1,0.8536000000000001
0.291331662538818,-1.7550539318564773,1.034726061144817,-0.6149396553525691,-4.45791804455409,-0.8677048129606743,1.3265837778773448,-0.5452127746836357,2.187440367753589,-2.7660793738209866,1.4,1.4
-3.9363826893566674,-6.506315849692108,-4.468676510568938,0.42519512414941385,6.459030596448649,-3.0774426515498714,-8.74106085822811,-4.787322020461478,-1.822335853381132,5.10012673889801,1.4,1.4
8.244661670131924,-2.8109341495019233,2.704713136635061,-0.49005244245969176,-2.3983978097224563,1.3759589021947523,2.091918266401968,-2.8184093453037864,-2.1532409383017104,-2.5515702042957855,1.4,1.3562999999999996
5.575574854168688,-1.6649881402259503,-2.0791339014236154,0.11766321654072352,-4.813548733588843,-1.400841813183895,1.533446697392977,-0.32823720570288756,2.4858810099317115,-3.596545804845492,1.4,1.4
5.289928828509136,-0.9273937981277798,1.8718397887940945,1.8460966327304236,-2.0671296182905166,1.2741665321778506,2.1820949117887896,-0.5448803112063155,4.252491615984747,-1.6256569247816999,1.4,1.3954999999999997
4.900896339323182,0.23167418131791956,1.5840013461579656,1.79107772932263,-2.195911247741269,0.9789445958548009,1.9694146381673618,-0.08371962138774111,4.079330576705078,-1.2091834990156227,1.4,1.4
-7.045788908634443,-1.9416647254090316,-1.4469645877364383,2.2634951793045732,-1.8025400576271746,2.8084964840095026,4.568222774316188,0.1757014463599934,-0.8609587461577579,2.525648263453252,1.4,1.4
3.756109299054818,-3.0711855392084177,-4.86643388931959,1.3845505595878314,-0.12635314125865016,-1.9844253835746366,0.06707642876625385,-2.132347961141281,-5.67765719953818,-1.072808464606125,1.4,1.4
-1.4932039914311077,-4.191349022862748,-1.5292232405989226,2.0225839061501727,-3.1860685378069973,-1.415394221899478,-0.3524513785713995,-2.2532799055283936,-0.13267301971710188,-2.8469487440566823,0.8599999999999999,1.4
-3.353140491175443,-1.5192904309243283,-0.9329335623325433,2.472431225957033,-3.126366401216335,-0.9321933114436443,-0.8734445355173527,-1.7479759848076677,0.23579915799849296,-0.9753995708070502,1.4,1.4
-3.1215395587166603,-1.35022048181436,0.3224280895894157,-1.7692384366653722,0.30995689058670606,0.9662895894835211,-1.700196323269295,0.5205755056379704,1.605695274712238,0.4343729236679953,1.4,1.4
10.256365502562007,-0.7983944903446254,1.6208722649190737,-3.9269833126169638,2.1571035128604863,5.770733594693589,-0.9357471541877534,-2.5213294699810995,-0.4293513970374677,1.562260985226632,1.4,1.4
9.403045140811392,-2.9231650159646727,0.4832822992836209,-1.0691821038839429,2.0176902541573387,5.633797633543021,0.15810575708887187,-3.6765258840506596,1.0991415362013486,-0.32039514383561096,1.4,1.4
2.2947802038292284,-5.948633364220387,-0.10039828684132487,5.588338039591108,3.4511587732876157,-1.7250540284972251,1.517566432119181,-1.698575619567117,2.0781123558272596,-2.1398803843271517,1.4,1.4
4.98479895815726,-1.5945340152377359,-0.9830143923467928,-0.9722723042489554,-5.7171446932327665,-0.8584508441619262,1.2983523090229678,-1.1391823252279574,1.4301345352657113,-3.4114190985634196,0.5999999999999999,1.3873499999999992
1.9814226850967174,-4.65922869492635,-4.48792501757829,2.4988896330471406,-1.7514717518976886,-2.3924851975241586,0.2595431259702789,-1.8388338629206833,0.6435190939131091,-2.5581820129335364,1.4,1.4
1.514380706017538,-4.688693118733615,-3.696834338728875,2.681290812655658,-1.7788395575752773,-2.7911974110675435,0.12538272307059847,-1.7000598538533507,0.8159571795063649,-2.4352054265790555,1.4,1.4
0.2021555290099184,-3.0654655386191316,-3.315267336820722,3.1930478657358976,-1.73963293748273,-2.350232965974036,-0.1800774722270751,-1.2894725538754317,1.5528677264582527,-1.1139478517624413,1.21,1.4
0.403040043285562,-3.1319938243794,-2.8963166232384285,0.2819910819259101,1.0616904652578714,-0.406873248583652,-0.7689503770862243,0.6017321278028643,3.030060604755577,-0.6568908121298407,1.4,1.4
3.3531417060049122,0.1978043955187613,-0.6873951667418181,-2.169266030207081,-2.759752314984463,2.1362577204863413,-0.09530763486179199,0.4480591328505721,4.35321509959279,-0.8247403184270186,1.4,1.4
-6.0090659839356615,-4.9074139993660575,2.3081864016475806,5.302893027816047,2.082740633454346,-0.7258803186243775,-3.021299643190101,-5.040314380935487,3.5532291486176537,1.4955085377547734,0.6000000000000001,0.7287000000000003
12.622349471721602,-2.0171877823609847,-3.2232084979822475,0.9768032720671546,-3.88490814640801,0.6195253986377054,-1.3068429101941232,-3.718489551508374,-4.363815481877012,-0.8688064469144718,1.4,1.4
7.209926781328388,-3.7691018938953773,-6.616839838921832,2.6145183666716596,-0.10156567432089832,1.1327135407056845,0.5150149204910844,-5.352745583289177,-4.469476889341436,-0.9622978772425698,1.4,1.4
5.115516064323456,-2.7933277473929463,0.7938598726318964,0.4466476386850868,-0.17408459913151,0.43229650233705097,2.0719045130981373,-1.3473209727138615,-2.759626842160048,-0.3438642562532172,1.4,1.4
-3.4268382902324546,-2.919303951678449,0.514605176365447,0.8307974465660989,-1.451465104681722,-0.19434851239533968,2.0487563447916544,0.6367662023002496,-0.940722375728442,-2.603291499342068,0.10000000000000009,0.8239999999999994
7.373919902487118,-2.761507556018389,3.4733332225437312,-3.231099202823395,3.425838359424999,4.376967926628064,-0.2627652229439716,-0.9882827859984409,-0.835166818259862,0.9817537593420232,1.4,1.4
-5.491370113232305,0.5968925839103404,-1.549102345870721,-4.818492168220858,2.208201584233995,0.9946795003645212,0.7454598932993386,1.9861670887030287,-1.5072653485526686,-2.2060938640600436,1.4,1.4
-7.268492257388015,1.5481783913128822,-2.019409632302374,-1.8759176459293347,0.2919303109688558,2.2123253777604828,2.4341974075560513,0.945056821098284,-0.9339633671258128,-0.8142394590926059,1.4,1.4
-7.431017585757671,-0.09124623859072405,-2.5047925456659375,-2.6177380118204456,-0.472328260790923,2.544209928459691,0.5406339023800466,0.3747760931053345,-1.0225958883713917,-2.295746606399995,1.4,0.3555999999999999
-7.335123970086266,-0.19026524063198652,-3.9192155494282477,-3.2348714735517348,-0.08213531526706176,2.7815961983967163,3.6686276734822068,1.0709620682187204,-0.7352007944020035,1.0887302297274348,1.4,1.4
-7.322991812402744,-1.7728143022065217,-0.9569721676278692,-2.3772338758525953,0.8850972329510415,3.589916144961272,0.3805463386646579,0.9641343680924788,-0.011378118692082155,-2.0313152233408154,1.4,1.4
-7.593600567623747,-1.3806903488086257,-3.1581320983197014,-1.687626412631143,-1.262522694024274,3.592470883505275,-0.09384258906296669,-0.32496617201010647,-0.507896348945947,-2.5111872942935713,1.4,1.4
-7.605935772515143,-1.368466169622981,-3.1612274710770913,-1.7930600051321155,-1.2328793211396065,3.5624855861673272,-0.09862016909355409,-0.30318901105185764,-0.526647747727004,-2.4947447237522704,1.4,1.4
-7.2661412735979365,-0.3444792161613018,-3.9554201989471847,-3.669093305971471,-0.04787860282668055,2.635913059070511,3.4021359711134393,0.9939499906343896,-0.8301259919019311,0.8132614981478438,1.4,1.4
-4.779937072762356,-2.0408644876129225,-4.45259054496865,-5.7870367637112725,1.10451907074028,0.16837217881896857,-0.05219924766050298,0.3089676358031966,-1.7286111801549573,-3.5084867056547053,1.4,1.4
-7.567557003384631,-1.8327398656096756,-1.660003979474619,-1.958363108070993,0.6000753491588526,3.620963631378735,-0.24013929022675248,0.23014720835645586,-0.21856999860776166,-1.8652714480058465,1.4,1.4
-7.4504359931469395,-1.6827804630757783,-3.268005903265911,-2.1269897171457997,-1.1109414802767148,3.5530737711082914,-0.144880697924042,-0.2952199188582349,-0.49437626949276975,-2.5666603304047033,1.4,1.4
-7.456284558491378,0.6441002542360279,-3.9184638684398476,-1.2581869329221023,-0.382648018757879,3.264393685446787,4.583039295380884,1.2272203878508452,-0.5281557806038683,2.076628956944008,1.4,1.4
2.994267345478168,-5.2628530273853755,0.9578995903574088,0.08085966997982341,3.06223104453354,-0.13310060229757015,1.2228242419861475,0.9869282404740304,2.323689393031155,-2.4551109142261938,1.4,1.4
-7.205760922741149,0.940147230750077,-2.1605407206021727,-2.718748099543723,0.41295667031848804,2.1516653660189853,2.264629045182678,0.9418672599672037,-0.9075708240939098,-0.9762479078208175,1.4,1.07715
0.057074886826055805,-1.7710050565406104,-3.98249252891213,-4.406298100867386,2.5790459083841513,-1.4534774228787637,0.8124686869112917,2.0483275330924653,-0.040565948627225935,-3.516143263307009,1.4,1.3904
-8.137768996089036,2.2888077792177355,-4.421155267699331,-2.207943729703304,-0.5351359838486959,1.0729522312304531,-0.6787693493708672,-0.12456992958127704,1.0699016368571688,-1.9949160857274724,5.9,3.3747499999999993
0.8980401790230983,-2.1725301387878284,-2.5107989374566957,-4.857172340951925,3.9495904252241836,-3.8202143328794764,0.8594951753603789,2.8766517216575758,-0.7976617699451422,-2.787316459604576,0.4099999999999999,1.4
-8.260897362811969,0.7737741829980649,-2.870874462164457,-1.8393816685639197,-0.03286872471012606,2.5150719182095074,3.073987640422865,0.554228642376987,-0.11429228402579375,1.396859906016648,1.4,1.0152999999999999
-7.363490578747218,0.15636928937986963,-3.2603080366042447,-1.8547146071517735,0.0015344192710256017,3.4417421875192087,3.0761651492694835,1.251553845213336,-0.30348195599254746,0.5803088704458217,1.4,1.0761749999999999
-7.004231822257581,-0.4601192367318637,-1.926438684307892,-3.686939685121401,0.7283883317509201,2.9295200717691334,0.6105082923729176,1.2725686583258495,-0.37796096687280933,-2.3187848815025314,1.4,1.4
-4.334577391481521,0.9194648972289984,-1.8602141026321146,-5.009842669491017,1.0428637901791928,-1.1283395218424175,-0.5703941604643912,0.20352134316460688,0.5932827871784896,-0.5252515978293599,1.4,1.4
-9.21747160653418,1.5122933019721922,-0.7613258085246041,-4.229384486106559,0.6580390136853048,1.4312137082095624,-0.5362611272135119,-0.6204387147707018,-1.1934949326326731,-0.24535584768248833,1.4,1.4
2.294366248532369,-4.99135111909966,-0.19956732652663683,-2.7349235294712413,4.871492677472193,-3.849688193014541,0.5530604414318617,3.4646365772248777,-0.904417999010582,-1.8305174200385599,1.4,1.4
1.7388858983084994,-5.543607839246254,0.006768050432229792,-3.3029802243897057,3.2990532884680004,-3.9072967246321846,-0.187581978194313,4.036792904369174,-1.7944547312863433,-1.1251133995861358,1.4,1.4
-7.887867602104287,1.5023099432941915,-3.4496389910643184,-1.3490030756041076,-0.31275626440008836,1.9538860359757915,2.801677397406572,0.7669503752399326,-0.24022467416482718,1.8483839458440536,1.4,1.3993666666666666
-7.3810871282644746,0.5638809184631485,-3.697984408894522,-1.5268005781414637,-0.21932438454281064,3.184449172996473,4.526596095759682,1.3402317135721291,-0.4964066377532719,1.8699121372572602,1.4,1.3993857142857142
-7.342290263189334,0.6129637433607881,-3.4572345530186324,-1.6285117972462841,-0.12403659660635058,3.132914161608771,4.44653193444778,1.4343795665846846,-0.4697113020798476,1.6253303645258803,1.4,1.130685714285714
-7.126697311120575,-0.23597323258573136,-1.5696965267024452,-1.0746142829873926,0.5441177496045734,2.244533026518783,4.895329257041628,2.249311326263476,0.5334317586773746,2.1652142409614172,1.4,1.4
-6.680578794487446,-2.6729648896291898,0.8774805824434729,0.6061341696704753,2.8201666878407643,4.251798677966872,4.0576292233955025,0.6364358818806647,0.4717713775437022,1.2394074232676222,1.4,1.4
0.6039365535458633,-1.0979945661734158,-4.253775259852427,-5.4975133723039855,3.004148960722548,-3.8930074997471107,1.0120866055170525,3.898716821448288,-0.8945304546436479,-3.82777353735637,1.4,1.4
-4.436636373014961,1.7988730005085558,-1.0219707183227555,-2.9683027158398008,-0.06409712382539644,-2.3093006885184058,-0.2777691236349615,1.392373308919185,1.9855177132185824,-0.850131510250341,2.25,0.7339000000000002
0.4519578722201082,-2.276966909896114,-2.903245692916298,-5.53176663441433,4.87934543772871,-2.2453141900831994,0.37496134329541925,3.9967522842669077,-0.21728636976088672,-3.225651643845372,1.4,1.4
1.9631723811692885,-3.5390952296416,2.0965558268842464,-3.1647846467049936,6.586011600622004,-3.5229056418964304,1.9465824361768416,2.77726443797419,-0.647456703585927,-2.7276647017111704,0.46999999999999986,1.4
1.3802104418265873,-2.4438271297106513,-2.527112124187927,-4.514704531756987,4.271612682793958,-3.798272788107301,0.8831538070550468,3.521468312749287,-0.6200158647927049,-3.0057588593388256,1.4,1.4
3.484490406794742,-6.863860072522509,1.3669509622825124,-1.297117702688187,5.870953202458584,-2.657641473635349,1.5247406199661095,2.7961451377126787,0.5833636971689516,-2.8188619619681856,1.4,1.4
2.987684056822056,-3.6207634173395458,1.227482300196517,-3.79140604646601,7.607129809019551,-2.820033573669762,2.079513470768912,1.0986918742901934,-4.51309932037893,-2.0664980428831257,1.4,1.4
1.2536347409228845,-2.1572572880299328,-3.3173110237548995,-4.713764597675764,3.753466200662619,-4.173270889331602,0.936612836839532,3.454144901256728,-0.980181198363882,-2.9395930663885954,1.4,1.4
0.6678792561670504,-2.192586684957713,-2.6585821176010453,-5.242203828477737,3.5228168929165156,-3.978631766003069,1.0747689934831244,2.7904877982598544,-1.2026541859391806,-2.7019593354967184,1.4,1.4
-7.347869759492269,0.3743204914524776,-3.170291380270798,-1.7028487447258809,-0.24949491895358256,3.061298353288193,3.34042142575624,1.1691472012805997,-0.5750478736790144,0.5905731801853823,1.4,1.2368
-7.066699470352035,0.5082231252648386,-1.4902178466886675,-3.2882142965878347,0.6646229846755659,2.5065415783548537,0.8219555791875233,1.596823970341319,-0.7496635009391487,-2.0048699226104496,1.4,1.4
-7.25871939711952,0.4772172854223251,-2.266458518956088,-2.1285942594636778,-0.020531207768259133,2.7002994776427243,1.9924099537233197,1.014702529984492,-0.6937411236194638,-1.1250116661727145,1.4,1.3156749999999997
-7.019309549628668,-1.661009073333142,-3.37156539911998,-4.322430481086903,0.39331158650719855,0.6160981223288593,-0.45497111530208567,-0.2916120891552759,-1.2256178917365887,-3.0581938618113256,1.4,0.49177647058823526
-7.862628937702323,-0.5032625835894496,-1.7125775047029588,-1.2165472258025687,0.39727998087926253,2.4301909835893762,-0.6571569277301613,0.008599223047338182,0.13378326978024593,-0.8441360599631529,1.4,1.4
0.38088561739557114,-5.462452294990835,0.015146218082663102,-3.0472334792251647,1.1701556752713316,-2.994266290761292,-0.40436642224301456,4.535260643500911,-1.596846714747769,-1.1609134218533927,1.4,1.4
0.8144485795947396,-5.664193518274538,0.5385248551318026,-2.9801519944272896,1.2271259217785055,-3.3030389347139684,-0.3882851733253553,4.543943887226011,-1.555249113205722,-1.134635847694241,1.4,1.4
-6.963318735202201,-0.059259087423476756,-0.015831894735905936,-2.1916524301438782,1.1294773119825618,1.4809444946851453,2.5626582289572335,1.593144489161288,-0.31324406134253463,-0.4498378594780404,1.4,1.4
-7.094022614919463,0.16845514397037678,0.14829177369688915,-2.0463149906727103,1.193139348849858,1.5992909659543662,2.5640820239097737,1.123563411559402,-0.5815826372682964,-0.1233510980172852,1.4,1.2453999999999998
-7.594630331163025,1.7897438127326757,-2.0530827375161422,-1.7217545436125476,0.1659996652849331,1.309441739542144,1.4663528133410149,0.6776011112505269,-0.340470352735354,-0.23772985418596482,1.4,2.137
1.8221579033443076,-6.067128469478055,-3.019962690707477,-2.074396609536358,2.57553763378777,-4.033086723490738,-2.0986446048357412,3.5141651931590503,-2.1424569164593685,-0.5620646377244648,1.4,1.4
1.7504065979966776,-5.894226829995136,-1.035149761793538,-2.988920891573301,2.8615365516284608,-3.6759000481940776,-1.08336694888226,4.443583314418736,-1.6673675531836767,-0.8285107538104678,1.4,1.4
2.2573743891530147,-6.368420091119738,-1.1665061089243292,-2.6056387668604617,2.217708180934401,-3.9443549902813246,-1.4063661194645365,5.858887956415285,-1.8449576919453408,-0.7839507468595426,1.4,1.4
-2.525336686994956,-5.770280008672491,-1.3142456720953657,-2.379778927978267,-0.30647550189767714,-2.5504800354967774,-2.8193286135075386,2.6404555949357165,-2.347178004133962,-0.28090405157358894,1.4,1.4
-5.782992416585613,-2.1162295123857637,3.6438379056180117,-1.9348367769890267,4.353434943278718,1.7720407119122092,2.0052683837761935,1.09580102092881,-0.8502845743212897,-1.5930715896620098,0.8999999999999999,0.5603
-7.389120723796352,1.5030859181562721,-2.187446510699476,-1.614003469843749,0.10785271631428575,1.5106927747258114,1.7994197199445685,1.2165161961988147,0.1841821071194095,-0.7168561121402979,1.4,1.6304000000000003
1.0696043237277797,0.4941532360911256,0.6588118594484987,-3.5577022724737764,0.43321542229007837,-2.4267925471770875,1.2890678978913404,2.6239326671178604,1.5807365640245528,-0.906574446675581,1.4,1.4
1.7608416398684923,-4.606271061745656,1.5358194648426153,-2.3290149687264123,6.792594331405841,-1.7941991429736792,1.8552169357643338,1.853689273681222,0.4568488364206001,-3.109507348138679,1.4,1.4
-7.505738482362009,-1.1028023906688944,-3.7363832123103142,-1.2229624260601792,-1.0881716215540085,3.996016730758265,2.823769740462221,0.7667690653041551,-0.122110045950623,0.29115891347016737,1.4,0.19269999999999987
-7.43670474495995,-0.9026447168241969,-2.645342041945842,-1.7783565622653368,-0.8668521333574316,3.362825358599514,0.33225865525450865,0.2604412420802103,-0.5290139252998064,-2.377805615813584,1.4,0.7942999999999999
3.1057811644143634,-4.047988538510251,1.8965950411586718,-2.727768762948845,7.116252127887936,-4.025364876947752,1.9549212096505704,3.36630879645642,-0.39330801242639246,-2.650429371680938,1.4,1.4
-6.695727189849287,-5.899126299428394,1.495127213108543,1.5810778950882922,0.2092166465196934,4.380702919097166,-1.936362852123921,3.4397649394311522,-0.8303992549776499,0.21595416409442988,1.4,1.0047000000000001
-9.51502901983595,-0.621505816203865,-2.1818668772914873,-2.2150488977960965,-0.7887911185557676,3.384583881379485,-1.567548973522231,-1.8629640463064918,-0.3918105549837117,-0.8486156793470642,1.4,0.88262
-7.485146683961372,-0.978790699753015,-2.907135018736802,-2.018927931028596,-0.599131748187241,3.673625953008893,0.08041919511060451,0.1303690429491312,-0.27695886770751627,-2.508368905579331,1.4,0.5231333333333333
-7.530366525312285,-0.7671063606538279,-3.7060673627857903,-1.266717310248432,-0.7830264990198088,3.970882793151342,2.915683784332087,0.7263989753720212,-0.08437989833812315,0.2738263523192438,1.4,0.8069999999999999
2.8438562219607775,-5.101256078707518,3.444523695449775,-2.8169173642354695,7.039380384812072,-4.150134044818682,2.159769031688679,2.0546106298617737,-1.0716124641919493,-2.091033259326883,1.4,1.4
0.6820880207899519,-1.2186153873584549,-3.7938060876994903,-5.499570092252338,3.44029436746042,-3.627394304773993,0.8633422575775905,2.772687620182345,-0.7389279000054596,-3.1453997529461253,0.2999999999999998,1.4
-4.285264744392939,0.43045493082359143,0.11812569507731722,-3.428005605773793,0.648812122403296,-2.520939678812863,-0.12339609714396584,1.1108523929513368,1.0366607705229318,-0.10943470624781741,1.4700000000000002,0.7985000000000002
-7.265296771174549,0.594822769260635,-3.215924144515447,-2.286992010558133,0.12052214009110593,2.6903348924375674,3.6506414204902495,1.1560381308384768,-0.702503553782346,0.8148768017414578,1.4,1.197375
-5.3418837931581455,-0.024032856926957082,-1.7940654783878005,-5.260905946348762,2.0769410371139805,0.691534335276738,0.8778654075859276,1.7494244336647053,-1.6231940376642402,-2.404737133550129,1.4,1.4
-6.778803471844096,0.3758603228643195,-1.4623354991381587,-4.8221794717255735,1.0377280500906776,1.2900027976869277,1.0932332793724122,1.3777321824764084,-1.2969704860875306,-1.992808572445156,1.4,1.4
0.9837485417494725,-3.8895960487937833,2.9713886717831515,-3.9590407085514667,6.265979294660323,-3.487921051658079,2.4885380270494823,2.4762850027898384,-1.6680447083967769,-2.794467210556032,0.7,1.0571000000000002
-2.1057886985543632,-1.4913974959384813,-9.070863243627159,-4.876902880860854,3.4749264578098096,-2.391998055074875,-2.991326466438177,-2.2806347721716405,0.8857641373343362,-2.0751600481395847,1.4,1.4
-7.0825773290455345,0.6733537684008515,-2.7273365883275327,-2.3891092980562596,0.3603971095915565,2.5642454146796636,3.323479353153838,1.227579357199036,-0.6731390551005519,0.1878759722804573,1.4,1.4
-7.2564868752573615,1.103298807204417,-1.8153574774956776,-1.956096938344709,0.3468203043159339,1.7262186135963642,3.291449794839515,2.025667919215882,0.2907907915719961,0.2642200495179856,1.4,1.4
-7.013639458039725,-0.2932047046880274,-0.9818188559117794,-1.9042749473899558,0.9497910385535425,2.014335528810239,4.000992206387453,1.81042149611251,-0.05358879521380168,1.1399820488473114,1.4,1.0494999999999997
-6.966180874287807,-0.4256768053090723,-0.8678929333375867,-1.8508945647641264,1.0362617253288835,2.16849832416653,4.086383131459498,1.4618326437241007,-0.22523843361108764,1.576717724096174,1.4,1.4
-7.072820170494875,-0.04145746532768037,-2.4307323417998083,-2.5210988077583845,0.364772987379327,3.0483513659528043,1.8027379121866725,1.0866188399396257,-0.37580123201049626,-1.1361002428096083,1.4,1.4
-7.240667829391266,0.04425415104198063,-1.8631820648050492,-3.1242780157023793,0.6194109074439349,3.1523774174037995,0.5166190448400906,1.3331784864135223,-0.34066896551279113,-2.195177524194458,1.4,1.4
-7.300208113416466,-0.1142313662214094,-3.298509274047577,-2.2518090530605286,0.07312283448263918,3.3614811791333348,3.0051292114025197,1.225174168105599,-0.3169358099792959,0.4558671246366645,1.4,0.8711999999999998
-7.382589483069345,-0.7603846575756882,-3.0252088415194853,-3.9614743939691524,-0.0304824537913626,2.7692370396912445,0.13909605195353666,0.32630761087301846,-0.7899469173827325,-2.330891619120804,1.4,0.5127874999999998
-6.8924999709379735,0.8120386907685894,-1.616442731885211,-3.782792027125206,1.2152218991521508,2.117875190873126,1.7145032289527653,1.6170593298049813,-0.8130367406229637,-1.2001926197256272,1.4,1.4
4.410031034540812,-4.970021455796719,-3.4154543034731026,-2.415970272126167,6.881056248550288,-2.573130125478555,-1.0929259966877463,-0.1203740073742595,-6.871278388694389,-0.22164597510958375,1.4,1.4
-7.159003694065219,0.3316616309179996,-3.621513910273216,-1.887256376940291,0.015242528858477962,3.0719579918088225,4.3792142337018145,1.3483652033824336,-0.4898662537519095,1.6510247308414412,1.4,1.4
-7.035955707325355,0.028088055860323567,-0.294403678238522,-1.35622702048175,1.0120770162196409,1.8172322857517809,3.8900775910012135,2.0302467771991086,-0.282398023966985,1.307982660080204,1.4,1.4
-6.990814650931937,-0.7821357069080469,-1.4157335187958189,-1.97942597969552,0.8284569029101433,2.2930466164114494,4.558216171593041,1.9988616931626682,0.1330461733562111,1.7867590027582287,1.4,1.4
-7.270088116487794,0.49969122472053884,-3.104198903231567,-2.2777635427984944,0.1332598963834185,2.8645939679248653,3.8001246337139998,1.37138047434703,-0.5622427402915962,0.8405927137758419,1.4,1.4
-3.854078218847924,-1.2611548209375534,-5.48726846398838,-4.280084127093115,0.9870853913984814,-0.962805214528683,2.290870258079742,0.31627499957122107,-0.14013839800762934,0.7505300372016334,1.4,1.4
-6.9592647979118105,-0.075057526320078,-1.7077534545059372,-3.77299307626632,0.5663377774320985,2.364296480669858,0.8686951146819234,1.411789592164851,-0.7780408889910577,-2.18185448717487,1.4,1.4
-7.12737509487269,-0.09318586151548157,-2.41853292859678,-2.9144928699599437,0.11489239946733815,2.602969129944853,1.8195592889738907,0.9764589578232847,-0.6952058877387959,-1.3186858949525149,1.4,1.4
-7.2947194516264675,-0.020377593800584275,-3.1245826762650926,-2.2014078363201226,-0.20420745851931302,2.9946861905897344,2.9250997630226787,1.0695538314553674,-0.5910986288986695,0.07908462626906228,1.4,1.3283666666666665
-7.840944660812618,0.8157042844496895,-2.429906921450193,-2.223093189521991,-0.4600615526675864,1.503304438008232,-0.09109996322537495,0.12612972028253613,-0.49477378381413173,-1.321987106291159,1.4,0.6084176470588235
-6.991733306574269,-0.26502529482325315,-1.860881292959096,-3.455860548146118,0.2784274927915775,2.459015137907542,0.9184877178036637,1.1862722564267072,-0.740335227000455,-2.328651314238038,1.4,1.4
-7.212735282929896,-0.1183062458675073,-2.3827548245198313,-2.5432705469118537,-0.12623431605767585,2.740482817024003,1.5812965555302025,0.8652813712671545,-0.6853215999441886,-1.6011357158578818,1.4,1.1529333333333331
-6.479516671362047,-3.011742649329462,1.667891910071753,-0.014663086516009316,2.7128444002278798,3.7954158658347215,1.2823817029233624,-0.04234085271384042,0.21220334687128903,-1.8568805672232183,1.4,1.4
-7.803397947752608,1.323635031767378,-2.402091204260487,-1.5947008476274882,-0.4842904932509143,1.498105670062823,-0.09823723051045226,0.12343115258581845,-0.63537075771381,-1.1252980006539683,1.4,1.2695666666666665
-7.304946803718583,-0.27067628333335586,-2.52580752291482,-2.5999285302098025,-0.4299401818073889,2.5820007189058143,0.543221055236505,0.3598108769416427,-0.9704353905554743,-2.3604677173926936,1.4,1.12926
-0.12661579641751539,-2.039019423421974,-3.8331462530248817,-4.989341581524103,2.8826669448774966,-1.793554273787945,0.8505872686257742,2.217860928385273,-0.20261366079663767,-3.6273869992453713,1.4,1.4
-7.837368441700764,0.12620081570258437,-1.6530092784377657,-1.2302634669127799,0.5712161994671536,2.1375463438116524,-0.47740290422405,0.07952887772746076,-0.00849503473738502,-0.711357603936212,1.4,0.08369999999999989
-6.951100377313121,0.2637706818782499,0.6022071379302214,-1.8802604636525808,1.2434620514368042,1.1379647910090676,2.301096133556115,1.6552579361478925,-0.6193414515685018,-0.44956793731978956,1.4,1.4
-7.204429742346588,1.2036058358017179,-1.178968700671599,-2.2942542705048385,0.4748436312429367,1.333124309064361,2.1107654976673786,1.8137112330230345,0.08662660014492918,-1.0278572624014617,1.4,1.4
-7.695919988666871,1.742813421153076,-2.1285484245868553,-2.104458185403636,0.14398365884935818,1.2105971321770006,1.216019391861508,0.6306129674870053,-0.46373574381004634,-0.30658180953195074,1.4,1.3620999999999999
-5.640753809794459,1.3440050258698923,-3.2727333881424463,-4.763051777081312,-1.0456482884429106,-1.9175727394961306,-1.449659007166022,-1.079314342101472,-0.07519835322867889,-0.9187352682183155,2.2800000000000002,1.2716500000000002
-3.3458555416741973,-3.8672389595809786,-6.866027522409234,-3.5808897198310667,1.9917395099706496,-2.4748290945249507,-4.468008929697278,-2.3934909686260903,1.1401597745606684,-1.0266040781213088,1.5,0.8440999999999996
0.22803396146243454,-1.9417142759503048,-3.5998642924521063,-3.9734347843501574,3.6357976238112113,-3.639418991720424,0.3141844973675374,2.3886026191581506,-0.002287638649273225,-2.55078842849426,1.4,1.4
-8.010972751431218,-0.1579955017360886,-2.9644239069060196,-1.7207057706158904,-0.9821025500724099,2.2880897386610366,-0.6232422808381233,-0.3513848170858637,-0.13915649398061491,-1.3942503982099201,1.4,1.3408923076923074
-7.989776271326019,-0.03125347884933788,-2.9545030866269224,-1.4016865531040188,-1.0269893885809294,2.3317811739133605,-0.6231707556826429,-0.3815732649509858,-0.15244281752771174,-1.361264024371087,1.4,1.4
-7.693335274339056,-0.4676056274465772,-2.94147039897575,-1.0331925980124341,-1.0411065000047577,3.6057150862333027,0.14436164311092634,-0.2596240446963056,-0.5005457852698015,-2.3986087850288538,1.4,1.4
-7.624297969210144,-0.6427278952994968,-3.6324168404307473,-1.3888351979286828,-0.7869097824953366,3.8971911258347967,2.7488187003717006,0.7211884481970003,-0.15806554534594222,0.1529528832626973,1.4,1.4
-7.452853151659742,-0.625816497945787,-2.586976315384091,-1.7929938133210186,-0.5200509428499711,3.5426874040874434,1.2939041024820404,0.6122767715317683,-0.22408645565714846,-1.7342177513359118,1.4,1.3612499999999998
-9.46568807958134,-0.7398179143928628,-2.3210935579178926,-3.099585303903115,-0.621270290874847,2.8475020755878395,-1.4400149650417,-1.490094123515317,-0.09653910019773063,-0.8985827756750124,1.4,1.2379000000000002
-7.447102966572264,0.5841464875568262,-3.9207960868748732,-1.354018663226558,-0.3607635736204508,3.2524216843121305,4.556972031467107,1.226698323070481,-0.5257504503033742,2.0427409853105747,1.4,1.4
-7.214005097639047,0.6350679094690621,-2.831742517666034,-2.54991035750627,0.27976194272343324,2.5595681992102577,3.3234127563189095,1.2229705294740771,-0.7086242469485908,0.26753128137286175,1.4,1.4
-7.070651564125856,0.3705324020722985,-2.7514587537277633,-3.0645671087164543,0.5258027843590677,2.5774882016619602,3.4886125171190643,1.5828231759800868,-0.5946088227689637,0.4547543322077073,1.4,1.4
-7.038283092464472,-0.19831849430320966,-1.1126735731719444,-1.7500638521391312,0.9041401454165098,2.123780223483685,4.112706564372661,1.8025246082628446,-0.04158111497098601,1.2614592107630969,1.4,1.0869999999999997
-7.134247479550565,-0.6475428955416902,-2.618689301475173,-3.237817439185196,0.4110474887248865,3.248167211997652,1.090385777203506,0.9977916690322342,-0.3020342615660061,-1.6635227001019135,1.4,1.3239999999999998
-7.411105921506381,-0.7359235225427381,-3.04929893334709,-4.082369159117576,-0.07503285715949824,2.6708918723507864,0.18234014830977383,0.29032231247993884,-0.8526733890460994,-2.3086130696074223,1.4,0.05463333333333309
-7.582447326516669,0.9777290793954071,-1.5790070216830518,-3.9753212172412935,0.3912560533915954,0.6342367885829349,0.43820152920026506,0.9153961341626027,-0.577166095478582,-1.3062426563908716,1.4,1.217175
-7.137454570638246,0.4174196670151402,-2.8501191565954453,-2.99537480927927,0.5972502684660927,2.9127874214198006,3.6509767214505557,1.9288771470058774,-0.4607623601980205,0.8989787360592301,1.4,1.4
-7.1994485775242305,0.11380545137001877,-3.5346482173407945,-2.438632155381283,0.07342230591027257,2.995350804585009,4.232692175727697,1.41013630098909,-0.48538488298859794,1.371971783394961,1.4,0.5278999999999999
-9.22795204970117,0.5576839458308268,-3.187024345347674,-1.5941199337237726,-0.3475753932251499,3.010425356687205,2.7898007394202744,-0.24018677113074455,0.07036514999422433,3.2577374886709536,1.4,1.3789500000000001
-7.195778075556112,0.2516973766714167,-3.1627728329139004,-2.6349825986084663,0.2030646318011165,2.804845497831708,3.7245557102627385,1.3626128540894706,-0.5717150267695938,0.7522206159345358,1.4,1.1741000000000001
-7.26691359590274,0.32401792262755774,-2.1365380848553968,-3.564160836750341,0.24568321107714908,1.8967506819355937,2.0870418633688232,0.7294762967123922,-1.0495684229232811,-0.9499046974803117,1.4,1.4
-6.471165933360697,-3.1202331688795417,2.3930207038414073,0.3997656668940103,3.1951964418366847,3.8608729897599487,1.3038940145387057,-0.2087389551945999,0.27966454673450597,-1.9057372510728476,1.4,0.43569999999999975
-7.35664115506166,-0.5156705333550431,-2.65700535849219,-2.74554852952873,-0.01435004166503606,3.204527157481553,0.15116603794716865,0.4334432862097141,-0.5257650602829773,-2.382791064831086,1.4,1.11525
-7.125747415589538,0.24583243567644514,-1.7030399242387384,-2.835234207854068,0.21955348050580697,2.610802096253173,0.905990877015483,1.2773463697339336,-0.7211710591100536,-2.203345064218939,1.4,1.4
-7.376123676697647,-1.641812232830369,-1.632275735785246,-1.618101343134203,0.3542478360372761,3.5302240657766775,0.1449060881239473,0.3107484277957852,-0.2124555527549786,-1.9539585922382858,1.4,1.4
-7.34698386774544,-1.5966464066835082,-1.7292736112633769,-1.7609608881197643,0.21971703899950773,3.3480158867071412,0.3001284629738817,0.29081136600077523,-0.3226000999540117,-1.9709513562659198,1.4,1.4
-7.277524670639488,0.22527426828609715,-2.3125808896069158,-2.113483018176913,-0.18849650498059334,2.778296762817207,1.7209420312148218,0.9002923717576325,-0.6926626681903255,-1.4353017009373674,1.4,1.4
-7.133584975373829,-1.4278221360979462,-1.6799737213925388,-2.2923356005575095,0.7649328579207126,3.2779593076760154,1.5767985288101274,0.9649326330755945,-0.10875165996141278,-0.8949685895491755,1.4,1.4
-7.725972644555014,1.243735421022029,-2.183542098686946,-2.752363899269847,0.15260568095935606,1.1959550945747588,1.1561921242798325,0.6107702742634159,-0.36695387900017584,-0.5258483290508698,1.4,1.3974
-6.02855534605672,-1.7652818589636163,3.355436190789363,-1.3114359967720643,3.3136049576466813,1.525255254256271,3.4597571602171726,1.6198639668061954,-0.1452745205200693,-0.18642653538952117,1.4,1.4
-7.471703676664293,-1.303032856271392,-2.9452812711550487,-2.076642364156745,-0.7031641326099769,3.8281192198185954,-0.07507882697458473,0.20101200802852953,-0.20211198223447957,-2.475505563071353,1.4,1.4
-7.295133652808055,-1.5021970852433948,-3.031050225383846,-2.996534747948676,-0.24020013974155496,3.673008918054104,-0.16101027033958923,0.3925410625219536,-0.25150659157714417,-2.438241881248504,1.4,1.4
-7.20849963889009,-0.6066863153182926,-1.9663170929061569,-2.4027229908855605,0.03675236778133749,3.45047451380304,0.6514773378390784,1.013459560117358,-0.14077598274407385,-2.389822505003431,1.4,1.4
-9.510216953924301,-0.8404548659333648,-2.2860234102549457,-3.4507821079744607,-0.5781726988987316,2.9921088772721323,-1.5274887872961738,-1.8041393808529915,-0.5726832316544003,-0.7977423169634077,1.4,0.09779999999999989
-6.483482585780182,-3.4737192856452523,1.6502832592241738,-1.1679274447622066,3.1244707148042337,3.467167437475945,1.1407250894050969,-0.24071360847079085,0.01693732127192433,-1.8291523158986527,1.4,2.06935
-5.694013463016477,-1.5595653252210473,5.534547316180022,-1.272129130963234,3.6921340371809004,0.09363260852793465,2.710481577689639,1.7914079382237802,-1.1689507498566232,-0.8815809160603979,1.4,1.4
-7.154893374648653,0.4406957878595167,-2.879169647325001,-2.8299521336769495,0.3344423972215115,2.51286444403152,3.264262811271415,1.2150564600757423,-0.7168854364582021,0.19774987036931269,1.4,1.2884999999999998
-7.296725313586808,-1.0583584956410383,-3.8282166663690242,-4.314546070041783,0.8324999224132369,0.6458196025732773,1.8436330759838484,0.0615383033054095,-1.0474685797974583,-0.3607019081290711,1.4,1.4
-7.095861544335191,-0.18288378039348724,-2.4757365578241486,-2.730038168882761,0.38279101745981686,3.0738071457467653,1.6546270249999342,1.0773405931800375,-0.36817378617050245,-1.2383340132805791,1.4,1.4
-7.197939956737987,0.2135327850390006,-3.2741354303960275,-2.5787049651765894,0.16727486504578976,2.8595227712154934,3.8812885693671233,1.3725424045687176,-0.5449805735383768,0.9384649791627501,1.4,1.4
-7.720841625880485,0.67512237899656,-4.106409510480717,-0.8995281761887501,0.026324970972871314,2.285656207244887,3.250298677982717,1.3657575138612716,1.5601609930665292,1.5191290130625736,1.4,1.0082499999999999
-7.554171711346953,-3.4202228596258935,-0.3917749263327076,-0.7755320167533656,0.5597072632096272,3.9208870293737452,-0.310303376103234,0.11902848089446068,0.1581931785445068,-0.9966294086818926,1.4,0.22260000000000013
-6.895926373955456,0.07670805432904992,-1.6111423002103034,-3.630801388186422,0.7010588345694978,2.439098239237855,0.8318362591361375,1.5238958329239116,-0.737222269343905,-2.1197715295140185,1.4,1.4
-7.303715758326615,-0.3247566022200119,-3.654135441540684,-2.385162822853105,-0.2797911076293401,3.1285055097521677,3.3086700871366013,1.0325433767424532,-0.5626695398047438,0.6336717929697363,1.4,0.3368
-6.821371960565441,-1.0653582664703853,-0.09138084179164344,-2.2372310552161343,0.6838752053060996,1.8919477801909705,1.3884881782419725,1.3890291480467765,-0.15599069964981405,-1.8238321060778,1.4,1.4
-7.689446306228169,0.2697082884293292,-2.920403896128374,-1.4541836049753645,-0.025803757655006268,1.8563833745798173,-0.015032086058391193,0.46374799568115743,1.2881443904268652,-2.083096668487256,1.4,1.2722909090909091
-7.05309126059548,0.4203387313539287,-2.317299878892252,-3.4467886361578874,0.5396171311722252,2.0343749198210395,2.134372157646289,0.9175147239758275,-0.928047268712317,-1.1202875096404763,1.4,1.4
-7.344833462193178,0.5337274843168809,-3.560977712669604,-1.7845711225533831,-0.10147671768094967,3.0658950328251464,4.29461622440311,1.3285323100915383,-0.5375727917115886,1.5987915412465927,1.4,1.4
-7.360834123839668,0.4148139640082801,-3.7567287009927375,-1.696488408981656,-0.1988083576306605,3.1880629340372635,4.534429897641906,1.3401857141521738,-0.48091877608664096,1.8735392900942653,1.4,1.4
-7.301735713245539,0.7140615060751518,-2.9359259676343967,-2.0879496733604146,0.13070563461857748,2.834878133815996,3.690072599882056,1.3660373848724168,-0.5886246387495538,0.6925850937958352,1.4,1.4
-6.018513894001125,-1.7017997868420207,-4.951054188213961,-5.172162856085007,1.0736109428519651,0.456904627918681,1.967026772527272,0.2806273246874265,-0.763537759614771,-0.2513700777424195,1.4,1.4
-5.96393737938767,-1.3968967585469758,-4.907285568645024,-4.675719756490047,0.6527606179280181,1.051306174786641,3.059537216153285,1.0353697418481744,-1.646161678177051,-0.7812144542982805,1.4,1.4
-7.22540214598551,-0.37036590929940777,-3.05275562239387,-2.6308212124027874,-0.17758233551056926,2.9186931065200965,2.4006446382297546,0.9390743827838205,-0.6326190446597321,-0.5451147343310578,1.4,0.8947249999999998
-7.306272791295533,-0.38485538978227696,-3.4857521969595457,-2.475108989056289,-0.29353787927623604,3.073242001574687,2.8924823573968284,0.934838143612427,-0.6043641037373714,0.13107592891806444,1.4,1.4
-6.668847400079027,-3.7076428060202704,1.2798695373418736,-2.3447806497607915,1.1163702128199386,1.032335466374842,-0.006866012084701333,0.3634535362316541,-2.1543335061814,-0.11641865827033841,1.4,1.4
-4.429564993499562,-1.7932458824798345,-2.090037744696588,-2.4303710973232024,1.1271122435528422,1.2449318822813198,-1.9539136804629165,-0.9889836328050625,1.9490442537351622,-0.8493228794591834,1.4,1.4
-7.212619601639469,0.9758893453213616,-2.1497233997967,-2.667996594030183,0.40460330291281144,2.1568557789876093,2.2753084482417614,0.9426039706068883,-0.9074475730071621,-0.9673273950505964,1.4,1.4
-7.701173623255943,-2.336986465656343,-1.2365640369653705,-2.249107524732849,0.0669277700539741,3.155882569641771,0.04731947959752368,-0.2912211085071109,-0.28370048565965955,-1.4032712556177782,1.4,1.4
-7.573355985915693,-1.3808756648631504,-3.147148695179235,-1.4358921128305961,-1.337674843188746,3.6526828579274953,-0.07684157271157649,-0.375610632069905,-0.4732272433251477,-2.5393041774132548,1.4,1.4
-7.436233508261495,-1.6929244866170507,-3.330760986847778,-2.659323535666997,-0.9581667794079434,3.3905105566422344,-0.16028005597739345,-0.21645927952020058,-0.5914991897609966,-2.5027876718486763,1.4,1.4
-7.516217199462917,-1.5822588821023582,-3.24809572357063,-2.2611149955980925,-1.0883133025292249,3.488703878457097,-0.13708397196388442,-0.25926493486277813,-0.5425802254216935,-2.5166614929904734,1.4,1.3788999999999993
-2.066174972167332,-3.117647480563988,1.678219763199071,-4.469381263628289,4.417183128133801,-3.4041221265660226,0.7414799101847344,1.0361021686779617,-0.4809966392646632,-1.6587273889656593,1.4,1.4
-3.6735505134713,-3.947665924329917,0.42510141094539455,-3.8089871821112857,4.659274878349439,0.28561226580011667,1.243951904327322,0.3986813454036091,-1.1642572653174939,-2.9580806215205833,1.4,1.4
-4.52094161466882,-1.004957429124357,-5.4764770609718365,-6.744776507726799,0.9854792060861108,-1.9807057636145173,-0.8010166923747783,-0.38046945177838687,-2.093263141653175,-2.9137930877093727,1.4,1.4
-4.34968680801805,-5.544050503057397,-1.748885662824323,-4.297180485645891,0.5269832807446299,-0.808592658249245,-1.816010299998078,1.8787764019389581,-3.1631701873328146,-0.6570629949932714,1.4,1.4
-4.7412118363128135,-0.9550584669443278,-2.8174241398964512,-2.2195937826324954,-1.057298422132942,1.0355921991163206,-1.100101815663281,-0.7481900741242581,1.8387310257966785,-1.2173550901297159,1.4,1.4
-7.162522173215153,-0.7268187225364147,-2.5294282473193928,-2.590326927430869,-0.13444293842009528,3.1558139765554816,1.7213214611551175,1.0621939923806298,-0.3675121907828678,-1.1725515407986178,1.4,1.4
-6.529278813993545,-2.960173601920493,1.3813105274218676,0.8942445015580108,3.098258566876504,4.326084339953794,3.8317677142259448,0.4590707189984468,0.5589787994310984,0.8206406582703714,1.4,0.7745000000000002
-8.843686365603471,0.3107674971228207,0.7821342804190564,-3.621941919025589,1.6595120137232346,1.2123693592708964,-0.5163149510218805,-0.21579872654740084,-1.2108962851240934,0.17798068873299513,1.4,1.2631999999999999
0.12663411568592794,-1.058124183508701,-4.083225907722468,-1.8655099992863724,2.8524239546306385,-2.017958648644287,0.4121320284645786,2.8057807092594595,1.8986530447637333,-2.2532725006609877,1.4,1.4
-0.03458786082493387,-1.4883988326964837,-4.808126202319782,-0.7191950424715228,1.9271746411457011,-1.5204734736451195,0.4383389327152435,1.8831217336936616,2.1574109567719257,-2.658027056372201,1.4,1.4
-0.38046297365389486,1.3068339800423723,-7.057774360214734,-2.441707351669465,0.10368341197117541,-3.468155305411915,-0.2627842112573813,1.6697119220963084,0.5867414290706316,-2.4216034816603402,1.4,1.2906
-2.6669671885749993,2.063155680992147,-7.748186574323492,0.06831624850202378,1.4380088812969207,-2.232419824447361,-1.358557299871995,0.06504198586361686,1.183601327272989,-0.7080405774659675,0.5350000000000001,0.1473
-2.8685387322502462,0.9913702975523199,-7.545990012305712,-0.735053133039157,1.4557955600469379,-2.1676656226637467,-1.4640502350348068,0.010454803525486325,1.70330858536387,-1.1009609049927547,1.4,1.4
0.40959670323813535,-0.5370826124244148,-4.001215860439847,-3.942935133740909,2.328931778561744,-4.335806291609955,1.0363759785362545,3.22297270366573,0.6162601056951461,-3.340340370300758,1.4,1.3718
2.442901217365902,-1.6254711873810022,-3.6866057323506354,-3.218002126106683,4.297347377188098,-0.5039542946359471,-0.32564672864881555,2.0463987072435144,1.5066065096031644,-1.6998620386840189,1.4,1.4
-4.352145730323762,1.5037964413140585,-0.9688581003703314,-3.780494772481108,0.3783938779363778,-1.893873760443841,-0.18361448381604417,0.5102354420631011,0.9445148715567703,-0.7746482629114019,0.20000000000000018,0.3335999999999997
-2.8657841737870187,2.2916209270514436,0.7135465282786382,-4.326444288086337,-0.3441652798522972,-0.09763812453627874,0.9871111037625591,1.4103226679363385,1.2061379287075575,-1.0215114233087148,0.16333333333333333,0.6311
-8.146077735723486,2.5973077593677263,-4.425248529126445,-1.8019693160671948,-0.5444020090472973,1.080637628292478,-0.6839455659038933,-0.10372195467139497,1.1052424433049308,-1.9287647955400318,6.443333333333333,4.846450000000001
5.53924523743581,-3.295369481212306,3.3035199287893766,-2.366530560724311,8.587875126226514,1.8307927140683105,0.9109667413431284,-0.7772781884344452,-2.1242423596644855,-0.009378307154433038,1.4,1.4
-6.024665302799234,0.33942442816631396,4.527048993852561,0.17393326074912624,3.3418456503982528,-0.3071752272065145,1.8108075805107828,1.319905725728126,-1.1952539736127699,0.35391302925243756,1.4,1.0839599999999998
-5.601283034296633,-0.8248414973128746,6.959882880455772,0.20707198898232332,4.060172249541486,-0.9005761130893017,1.8244632237383616,1.0820169759943497,-0.250491197533729,0.19551960475728003,1.9500000000000002,1.3135
-3.048443895671988,-1.2402870264989965,5.737044617273645,-1.3626123820814569,3.661656091562582,-2.406355515249202,1.1420745927970501,0.7519862234607525,0.6704766391274631,-0.057121013052707476,1.24,0.9943499999999998
-3.555227830935947,-0.6501658873009107,-0.3879149628149868,-6.635545190616247,1.418772531172918,-2.508178428963751,1.0667724602802042,0.708105036452519,-1.5063820917187092,-2.9867354304668474,6.324999999999999,3.5292
1.2719116965835402,-1.83485975455059,-3.39776014607118,-5.088988579667294,0.6524773162703404,-4.182909452916448,1.7941525837378378,1.4337751851138616,-0.19148435771822434,-2.846216876860532,1.4,1.4
0.6698351582282607,-0.4354688377492751,-1.899583632058195,-4.04136939117609,-0.03378462324132793,-2.987677756306295,1.4255146816674842,1.368487702754118,1.8097108337288057,-0.9028360966893016,1.4,1.4
2.1203737639857416,-2.5992536786778557,-2.444624913979956,-4.2992728288475135,1.542260824071665,-4.694646702570306,1.7658220359849832,1.6790950516873062,-0.19142806251382008,-2.4141403653558093,1.4,1.4
3.091882675598588,-1.246645187707646,-7.118380909548595,-5.121067034742613,1.701072193620032,-3.588289158467775,-0.05833209256533937,-2.551312511860976,-5.671306388911422,-1.0240294461229629,1.4,1.4
-8.126378077840341,-0.3788001080903865,-2.0871132286244465,-4.259067191054692,-1.220991787706862,0.6582124385112015,0.5714125633038238,-1.1341820115888073,-2.0371322421081213,-1.126116088243505,1.4,1.4
2.6794110688731867,-0.7010551155503882,-1.9550934856329467,-4.226397354618825,3.4151740167325033,0.825175403478742,0.5451502794995161,0.4124436257369253,-2.103029443058934,-0.5888181723461251,1.4,1.4
-7.257054983193409,0.06270434643307779,-0.20897849263145385,-1.6849750488366864,1.402082561258854,0.5724157844944905,0.694164935688074,1.7144936614566155,0.8043649122285739,-1.17750771566263,2.8800000000000003,0.7156000000000002
-5.514643996160227,-0.26164985653534517,-3.877480763838853,-6.454346909530174,0.11320910096656478,-2.355984887417128,-1.2148486083407317,-1.8435410899485414,-2.1294143235105985,-2.4458066364190936,7.93,4.85
-8.353073933848101,1.3028521758048104,-3.7992038422576018,-0.3454380418144038,1.202769597665667,2.248251586035242,0.7258610767053607,-0.5888976676987963,2.347262941924346,1.3293948986989548,1.4,1.0369333333333333
-7.001036681829221,0.3378107868432044,-3.522030715786209,-1.3492061317856383,0.16491068068282905,1.9666695624576613,3.7347960287794155,0.4566253125385293,-0.3366100011674382,1.2565142145640087,1.4,1.4
-4.829281341582291,0.7465600115028871,-3.7810918736593297,-2.9977075695379742,0.0037380133950839067,0.0530029759386158,1.8867999344396216,-0.23341716278809493,1.1828933244164568,2.175557065170708,1.4,0.9505999999999999
-7.940837960312852,1.2096120377236328,-2.090537967105554,-1.8233373061157065,2.191888917464151,1.503891089009879,-1.1316909297470636,-0.012822978478778262,2.193075092424212,-0.6777636654420496,1.4,1.3752999999999997
1.61894137578936,0.525148749919524,-3.3112427314124453,-5.285674468685592,3.3331630088856343,-1.4868108653225187,0.09650355073633303,2.5588647784095007,0.6769462458571728,-0.935666226805058,1.4,1.4
-8.931894807939447,1.8391778663868565,-0.3603411986942463,-3.839786057211724,1.244011686169451,1.6477690831914487,-0.6422594490732219,-0.1582311885454991,-1.0202233148073891,-0.09236269430411052,1.4,1.4
-7.328642035632592,2.0211296446125053,-1.0829126612157585,-2.9885715924581606,0.9989350986845681,0.9136318041294123,0.3285275202675165,1.4699469812093418,-0.5112726200488231,-0.9185571085556,1.4,1.1390999999999996
-6.914558113240425,0.7810673233857052,-1.3009881495310256,-4.470422477764299,1.1001929920957259,1.455320211870077,1.02247101448558,1.528825093919512,-1.2528718354175474,-1.8653623929291172,1.4,1.1379249999999999
-7.484905077947342,1.5745158091952893,-1.315678015154935,-3.3749886713975994,0.6784697912247039,0.7505251852943288,0.37086452305012313,1.1960032764813093,-0.5740440352819043,-1.0639895334454104,1.4,1.2710403846153846
4.4091757557551485,-4.012867537064047,2.2368261442760704,-1.6640523450998874,3.0507493017762934,-1.8179832823349389,1.2463177399571876,0.715115575123779,0.8089506739646893,-1.4373180229925318,1.4,1.4
6.216427265958922,-3.3677737530373695,4.498298053734432,-3.7689321264738096,6.534086274998935,1.4843535414745608,0.7647606297586954,-0.7728524881251638,-2.2815507020214865,1.0497772176281956,1.4,1.4
-3.5386929105960965,-5.939206138119371,-2.7708513268821138,-0.7149348846234739,6.84820081010254,-4.9444203010401,-8.512427076019563,-3.4513253255206573,-3.5211579780395175,6.539521024827444,0.10000000000000009,1.2637
-7.753765509223745,-0.09841434845031037,-4.3569592151191925,-6.663240636812066,-0.12165546887613496,-0.7255593616524186,-0.9241908938200262,-1.8695850149780604,-2.862528554379428,-2.7732549782265825,10.299999999999999,6.7376999999999985
-7.845652179231333,1.9026751914852396,-3.4554903050765544,-0.8623227870815178,-0.32504397890508363,1.9519079459925164,2.834459925835511,0.7750641234896832,-0.3478030986369328,2.050189931637943,1.4,1.3877374999999998
-7.723380469224745,1.367421378409411,-3.643397987056593,-0.9058581571984771,-0.37173031238102106,2.2997819193975073,3.5525586469176718,1.2553684142134767,0.34542515980860905,1.630796954490475,1.4,1.3981333333333332
2.045878549459314,-0.20632451397928803,-1.5891930934499305,-4.628793643432967,3.1955430723712386,-1.0190017591598148,0.23268052708993697,3.278687214609479,0.8962190439774567,-1.2846492216406673,1.4,1.4
4.462646999051194,-1.737120380118825,4.904374964794309,-2.5668679598854256,6.285696106086978,0.800591663128018,1.1655809632803318,1.998771782518858,1.4441334303917086,-0.7272274325882675,1.4,1.4
-6.818701703100737,0.9638443935042094,-0.7256596139294917,-3.319392636653672,0.02969032652655469,-0.16750945956674607,1.3955863739969527,2.8913711656234025,-0.16009549245910276,-2.079460520702574,4.199999999999999,2.0669
1.6835957228011107,-0.4438833250358173,-1.8309328513890517,-5.423056275432747,4.2116465431614065,0.09468228364662976,-0.29794921479398473,3.877720959884678,1.3204725541003226,-1.2289759597601433,1.4,1.4
4.7777907240953486,-2.2275623340952224,4.0372565129561755,-1.9857970207043776,6.619392740783796,1.427977360140141,1.0313424717701831,1.4748111305930534,2.247543238916329,-1.0893728383550847,1.4,1.4
-4.426063033189794,1.4920011821483126,-1.1836370278941053,-3.631377561951807,-0.30371827245578165,-2.698840976619667,-0.3108862846290179,1.6083919178532917,1.6729127226953966,-0.9150692524696403,2.443333333333334,1.5608
-2.8229165724615064,2.217490973293837,0.704275717798109,-4.0836471877779665,-0.8236498829869694,-0.9218097695906772,0.9277026799447621,2.4996527941240134,2.02144859531789,-1.1961716412966872,1.9466666666666663,0.6656
-0.731716148971725,0.9221508465101202,1.9260667966554093,-3.665482916738446,-0.19751488873960912,-1.7077577131854242,1.0330458420162665,2.2558153279031856,2.7278140206309955,-0.5446525707366515,0.9100000000000001,0.18850000000000033
2.3047607397013676,-1.1556589733077358,-2.837869563295035,-3.9524112165823633,3.9298268929551012,-0.15840244409454543,-0.2189177166714648,1.5348520467527802,1.7318541594493408,-1.2448886625043043,1.4,1.4
-8.959758771936974,1.153559945458292,-0.8144462532181408,-2.8098859830031637,2.3547678999236172,-1.7083963993941824,-2.5067677109804425,-0.9722586336178636,0.618995655402452,1.523189208585389,3.5000000000000004,2.8563999999999985
7.623100059893199,-5.742588551516303,0.8566296352497054,0.9420950262410797,5.121110761930517,3.873565398820096,0.6334131261422564,-3.1725697720078365,-0.3310204824122623,-1.832544164002987,1.4,1.4
4.727082597841456,-4.340249130127089,-0.09173072898769384,-3.2856514617993304,6.608206822695931,3.133665520452316,-0.48800341044854983,1.3160201191728176,-1.4376628929493105,-0.4064226265735228,1.4,1.4
5.201847252496069,-1.4654911126613994,5.118854699496124,-3.929875850319116,6.65615775910189,1.922886112333128,1.525219308764808,-0.30469655715198846,-1.5607531671146908,0.36932560998473407,1.4,1.4
6.253567616607768,-3.675450059806595,4.509024531290728,-3.6595909063786682,6.250217222854412,1.5172711291367444,0.508339725789088,-0.440122806497524,-2.3870380746324917,1.1758676481125516,1.4,1.4
-6.896531910720242,-3.076194119110516,2.4722700475237445,-1.060975114976694,1.6282109490656602,1.057647534680497,0.6269590651585258,-0.38163984816808366,-1.9826465828930007,-0.22190744730513134,1.4,1.4
-2.7894049974935236,-1.9213630368488663,1.4114484988189893,-6.171293193600719,1.9179780174591716,-3.1205503680223305,1.4201828385504185,0.8307742719127712,-1.4692685668626424,-2.325934412567709,4.4399999999999995,2.878133333333333
-7.466789721168676,0.38687729489260914,1.7948658909015176,-3.1183611870798833,0.8720575121737564,-0.21466440910053275,1.278113645350827,1.067951921061626,-1.105842015593669,-0.31347301803304595,2.7850000000000006,1.0475833333333338
-7.186412122578939,1.2412458883193007,2.231018727346759,-1.3215188087971306,0.8171730704092582,-0.9010560900442379,1.3109977122888927,2.1610967082917716,-0.11947447315042527,-0.013756048437578565,2.8699999999999997,1.661300000000001
1.4466280143519856,-0.3860968505016001,-1.1234191184162734,-2.698449841246782,1.8954726999433487,-0.5780487880581625,0.7242047172728814,2.7768552051712136,3.135571309102455,-1.5669867309597236,1.4,1.4
2.716169235123509,-0.40952516031850983,-1.502304801097135,-4.596606434679502,3.3725441999655676,-1.4996824341066692,0.1890642204360699,3.1733046984231033,0.9783965161189065,-0.9692795640853576,1.4,1.4
-2.566347246609058,1.3636719521258287,1.7335053656573332,-3.575478269058972,-0.3858888917414327,-1.0743761627595136,0.9547288725966508,2.616630350772466,1.9988533578910768,-0.7597161574433705,1.4300000000000002,0.28794999999999993
0.5866873085487769,-1.321767833825781,-1.002859077841747,-3.733797188461147,2.1650621247121298,-4.420334440707834,1.476795764327975,3.8030103464051823,0.1426839208550852,-2.82416809545,1.4,1.4
-0.10103516898427932,0.8396180245664903,1.8186097528645608,-3.6178784140993874,-0.10256448376153582,-2.0216614362765783,0.957336902098136,2.221549139939484,2.766177256357461,-0.41022498485401127,0.06000000000000005,0.2525000000000004
-6.34655727420428,-4.8395401836664655,3.4896352098262304,0.8514173638139166,1.9682508033021846,3.3717179273071274,1.5143565063629885,-0.1298674268796481,0.17650566760604636,-1.2977437889000747,1.4,1.4
5.4927009118217285,-5.8141066053245245,1.169692527354991,0.8100026800772758,2.887223993176445,1.834719814427224,1.24884106899388,-0.6371520610066023,3.522825390643508,-3.2150918291672443,1.4,1.4
7.147848138062861,-6.273574390059743,0.16106362570768007,-1.376282973219528,4.747498440525499,3.7550508471726562,-0.19288234572596896,-1.6488219704105798,-0.3306076967423968,-1.672301191865189,1.4,1.4
7.3584340638284615,-6.334562368347685,-0.39164836531729497,0.005437795672163403,4.713452399568313,3.714911502140633,-0.03922638414899295,-3.044511962745001,-0.562547953905214,-1.7629003438338429,1.4,1.4
7.630488451169824,-6.173431852920901,-0.6182976518917708,0.8477139378431231,4.2792210235684625,3.257557574307648,0.1759287879795123,-3.5382424840228826,-0.9447658857830891,-1.7608784289488222,1.4,1.4
1.8017021437741623,-1.0604448130149753,-3.58829330857203,-4.763197848322626,3.94610703658531,-2.244050162421114,1.073625486859876,0.6195902042974873,-4.185343135685823,-1.4287050639632888,1.4,1.4
-0.4993736209584183,-0.8301383797151911,-3.0374026736791455,-5.211153501985316,2.0672502245632765,-3.2718204351371964,1.5966871130377969,2.121808848580937,-1.16241332148492,-3.3369018243052,0.7,1.4
0.34129837956013936,-3.412491360026701,4.622771009245687,-2.748220154537114,5.294347146979043,-3.005485848701409,3.1871019176671234,2.3471621298867076,-1.2013627091619807,-3.0788884318552223,0.9999999999999999,1.0381
-4.249832113262697,-0.9571005015436671,-6.341159156341997,-4.555396174005202,1.6058611962956661,-4.748228751271586,-3.475128608790394,-2.6408636015736584,-0.5227697914277428,-0.4953783957179146,1.8000000000000003,1.0829000000000004
0.41675061990940654,-2.0082380113979648,-1.79670302795053,-5.4322373560548085,4.473545929846048,-2.5059333834897357,0.6484582535643951,3.4533473516722393,-0.40918732645483435,-2.4954421404003386,1.4,1.4
-7.8181506784022385,1.4839126779965444,-2.4220666475639567,-1.61620735103156,-0.45404167568547327,1.443264436179173,-0.13367357766990537,0.13368671374835822,-0.714645988134342,-1.0266645456423025,1.4,1.1424249999999998
-7.766616793753373,1.0478973090530126,-2.3745571610565883,-1.5560641294681175,-0.5358424534277453,1.5992318809456958,-0.037259013248515584,0.09990627524324483,-0.49297477674110435,-1.2966309710146016,1.4,1.2307315789473683
-7.429965077668318,0.3078290902085708,-2.404074214053332,-1.6318686425810884,-0.6798049760943167,2.693325274091199,0.6328875239102318,0.316171412178724,-1.0057276585120278,-2.2622054090190136,1.4,1.2717571428571428
-2.653975456397943,1.3047282109544858,-0.42540341796962483,-2.8042260096568836,-1.4378903144989748,1.9948321702792324,1.0333013422353905,0.2901967700054619,1.747349035810681,-1.2770191407032636,1.4,1.4
-7.3611536787058345,0.24970208031927624,-3.0774254463011097,-1.7611942399081502,-0.312654538923783,3.056187590473584,3.0081675679584996,1.0695468060172502,-0.594000334153063,0.17507826360397272,1.4,1.4
-7.106675726438573,0.33310957499474614,-1.6339841371783914,-2.99567423883299,0.3765293458983116,2.581275892848405,0.8758569524472368,1.3844792887926476,-0.7248293773142104,-2.1375442234730473,1.4,1.4
-7.220684325623608,-0.4584943160806071,-2.599910223533478,-2.9409009161209654,-0.32551710601888134,2.522055865801794,0.5103970568546522,0.3715328558460376,-0.981008429319952,-2.3778965266344407,1.4,0.7642210526315788
-7.811285557900573,1.3356857862006235,-2.4067037896330317,-1.6869262087026275,-0.4649895195028884,1.4276565415497102,-0.14044161200271377,0.11019748806963663,-0.650132002939616,-1.0713377818238867,1.4,0.35703499999999977
-7.645781389732944,0.4920271553863771,-2.540004073475069,-1.9938799493322783,-0.441950762864482,1.8195709738736068,0.3142841287708063,0.5142981468962985,0.12489619282188935,-1.9427553369246795,1.4,0.6001153846153845
-7.465307335177158,-1.08098679139109,-1.4373685381209664,-1.4263510358585032,1.0893446439394456,3.740263285735782,-0.20283582157155278,0.46602127900326556,-0.0865969315558616,-1.7787033629701725,1.4,0.2154999999999998
-7.688841048261576,-0.7624209540823074,0.9064331804216629,-1.7541734029675722,1.2217403174843136,2.3743043718482837,0.6733653101920813,0.6645368092012635,0.48933665852650815,-0.7987098554860502,1.4,0.7572000000000001
-7.544684974887515,-1.9300585304623232,-1.6918677974556942,-2.1015337778936285,0.5980740064956798,3.5759206251912525,-0.21918920896838504,0.21426860333266773,-0.22945099333687305,-1.8961563266044326,2.6666666666666665,1.4210272727272728
-7.6547326181007485,2.281856118239808,-2.126752023826994,-1.53150365779281,0.1318052386786645,1.1812365510719545,1.1791712831936747,0.6321908020813543,-0.6354651600293886,-0.08863006227311895,1.4,1.397425
-7.693461455992306,2.033416267379504,-2.1368308175032134,-1.8749764182459978,0.12484402326315977,1.1281941567372626,1.090432236055344,0.5916276091104208,-0.5881957741143404,-0.18321850176851442,1.4,1.3824888888888889
4.578420232822406,-6.820877071559351,-1.2462086618506771,-0.2144077452359439,-0.535675178828016,-3.4921926197261834,-2.691885334728739,2.267569469757419,-1.1221391812678287,-0.38902276305008454,1.4,1.4
4.377654254748127,-6.23146947514869,0.3509221594246246,-1.1882467834100885,-0.7240194560528628,-2.6706593439632726,-1.4491702945871705,3.8041705166601303,-0.43240667114378994,-1.0031000886995163,1.4,1.4
6.9561862898302165,-7.822857069768464,1.3770478233662882,0.003914239007685294,2.1332351215967074,0.20640141218540542,-1.6566386676600007,0.6409226533515442,-3.49974518400124,-0.17730340537193173,1.4,1.4
3.6856606607433897,-7.03485197707054,-0.9382605940747014,-0.33997062479904033,-0.6767199224884687,-3.039021420362224,-3.1993745053514764,1.4355936468108759,-1.091676052389167,-0.10483449720767529,1.4,1.4
6.071033617215991,-7.983517399091551,-2.3693115279792014,-1.2246781167487655,-0.11211897968058597,0.10809590936104335,-3.901956161066805,1.9781998027863803,-4.210277870153085,0.2725958235917906,1.4,1.4
-4.157311205723351,0.4041310213927839,0.5577541971794372,-3.133814149119582,1.0007220391086622,-2.3233057151639556,-0.12336378027776472,0.6599764149595343,0.7933229270466747,-0.20511911829405682,0.039999999999999813,0.8360249999999998
-2.6204832047073157,1.4258144708879132,1.9632360590930387,-3.9152266348554545,0.01985596611077257,-0.4267685398871236,1.0465164469159385,1.517884509266972,1.1277588434700183,-0.44460270964234266,0.7199999999999999,1.4
5.400660972754658,-4.56958685815984,4.505980915189773,-0.9712300238809043,4.437261048974765,2.9910061439412163,1.6920947417892465,-0.6499001450489955,-0.9625406280180677,-1.058558658438333,1.4,1.4
-3.122795914179645,1.4335428217751773,-7.242083147011879,-0.5893885551986764,1.216339870957731,-2.260520998478662,-1.345243777378803,0.04584757867576135,1.8234135663709141,-0.8861027140813518,0.8700000000000001,0.27620000000000067
1.6985175199670235,-0.88998734910287,-2.3100783037640933,-5.3207041783055224,4.747150629624746,-0.9593022670892607,-0.8357609511987439,3.093652246290879,0.9940993695276553,-0.5550190903074994,1.4,1.4
1.797972844135192,-1.5796526785830494,-3.368651978491938,-3.5206227167752506,4.141096871960553,-0.5524219542641284,-0.6932194061400561,1.2698470658892742,1.423339998760193,-1.158030523833251,1.4,1.4
-7.256728228429363,1.9462991049765965,0.0725310147173582,-1.3550418385924514,0.6019979980559272,-0.4231532393807664,0.5893389094079191,1.4900432427386072,-0.8930988737324201,0.09408368173366863,1.4,1.3637
1.9965894100406918,-0.6694739015133998,3.146121564756656,-0.9196866546064362,2.5266023682453245,-0.004125742845033474,1.956202845854618,1.2978976481769895,3.2724510984210955,-0.784036125710312,1.4,1.4
1.7743664123620193,-3.1412674333532076,3.130308884545446,-2.8190244935683375,5.861770340136711,-2.758649577012346,2.151329502268246,2.6482502807924084,-0.24418520183620943,-2.4422093126699367,1.4,1.4
-6.440541156059539,-3.769802297821071,2.5820754196770412,0.6756830162873729,2.982939080337441,3.8916252960063793,1.0821258305198262,-0.4870824942000109,0.12268285914655036,-1.9403995132457994,2.6999999999999997,1.6443499999999998
5.197563367547903,-4.415612215978027,-0.9441853635395386,-1.5180024039177362,6.861453033962729,3.0492621548829484,-0.22158471883461653,-0.5689168641315069,-1.2762485574368245,-0.8000221625538421,1.4,1.4
6.653613466566328,-5.896833633909948,4.643857616047266,-2.074579484439525,6.456896657400447,3.207318470498385,0.4528101740908503,-0.8014958152885742,-0.9880640645238544,0.4551055938311321,1.4,1.4
-7.581861167223777,-1.1213144715567194,-3.085925178239424,-0.6137879051593087,-1.5887395392895198,3.753145894033856,0.011189838468400558,-0.5116008959621169,-0.45621169986518995,-2.527928555320032,1.4,1.4
-7.596274872990106,-1.2754668694024895,-3.119856159495252,-1.2148979873516874,-1.4021143070785327,3.675002503192974,-0.05454037258236018,-0.40127370413587116,-0.4765457224198645,-2.52362315641433,1.4,1.4
-7.811721886854494,-0.558726405258361,-3.1081812374148585,-1.4934423116038469,-1.0646136314368746,2.5928880356455966,-0.24882455668015122,0.021435637304235547,0.45354470562503063,-2.0405381397061673,1.4,1.3924
4.056069180654738,-2.221651354672474,2.5846260310677387,-3.767893822261928,7.040309233043354,-0.5439017566405024,0.7415469336588169,3.55275898863608,1.6479854532321796,-0.5011101980343597,1.4,1.4
6.085668193131906,-4.270877428217621,1.0136362458710937,-2.6511007576444254,5.252311244813134,0.38375234361280164,0.6177320161296413,-2.1475876000538956,-2.777591012970994,-0.28312305064751475,1.4,1.4
6.269228471735166,-4.56305088941089,0.6820790949603016,-2.2294833380912515,5.343860565872914,0.8262904288740577,0.37236879081494273,-2.3326242285649625,-2.6809321429789383,-0.36217501959138726,1.4,1.4
1.6656518015787103,-4.226856731522439,1.5268123612963593,-2.4445180676764964,4.339690223554768,-3.278387249476417,1.8145914608293638,1.9271023061922536,-0.33905034888479096,-2.2383729179467875,1.4,1.4
-7.38473470851376,-0.43533064104826785,-2.526755928026011,-1.369108980785535,-0.532190964935741,3.580974122302856,1.4765418697722417,0.646600908065742,-0.19669941408131528,-1.5930649162565687,1.4,1.4
-7.268025812853574,-1.405851484196196,-3.150811413654506,-1.3965934085920098,-0.9285713806950531,3.7632406003604375,0.09107700567348281,-0.3847122666790891,-0.24790605259665252,-2.7043882699517092,1.4,1.4
-2.665765912706208,-2.642236961802094,-2.2250784349139945,-3.5024505466136286,1.1486951958051645,0.8187240957044767,-0.3441725567271835,1.5758266652925907,1.173295759104662,-1.7657933263735586,1.4,1.4
4.610375613055378,-5.504584578187165,-5.986083707700466,-1.9788873304859222,2.1138824472695044,1.9456057014599861,-0.7420628010801213,-1.9659016870330488,-1.3608697755767067,-2.5399992167348024,1.4,1.4
-8.763971377820997,-1.9688195465054799,3.77647496746561,-1.4237141355071596,2.2154526048871075,0.6798798196654737,-0.24381161971125231,-2.6046018800955792,-1.9208427410558961,1.223391305166525,1.4,1.4
2.9803299608737603,-4.56518893269102,4.049858814944285,-2.201795102748949,5.8348568926253295,-3.9980018031044655,2.606592042440006,1.8791228723979336,-0.6157615751024523,-2.0998141631501657,1.4,1.4
-7.1320656464831345,0.8687710386189109,-3.2747499108380707,-0.7191789976834989,-0.22399890951646514,3.3508221532634574,5.4129931363057215,1.7786569159153593,-0.36269446423193796,2.3596635313637626,1.4,1.4
-7.3733101329087924,1.150859096956368,-1.5708186831997686,-2.353823256719924,0.7680586062736556,0.8128101241923514,0.6503921133375697,1.6178689036224687,0.8620294109217573,-1.7145294491517222,1.7000000000000002,1.7849499999999998
-3.3824357364111464,-0.8940319666525257,-3.5953155919547606,-4.125403367979958,3.1479855054761203,-4.860465415146701,-2.214375743560696,-0.22405111299204813,-0.01856859260912775,-0.6741219182350333,0.5449999999999999,0.8916999999999997
5.639396309526395,-5.80940797792263,-1.501216086372694,0.8789580689402297,5.133529337606965,2.6363266786910526,0.6685228543788735,-2.2710642385136737,-1.0061924775141624,-2.3064290465090735,1.4,1.4
3.7882457382755605,-3.347697858226761,-4.554271585636167,-3.337395101590661,3.936398989809742,2.534411533063643,-1.0762858440275633,-0.08228722982845887,-1.8120632674011286,-0.977506048629417,1.4,1.4
3.5306195873480295,-3.1491970018027837,1.0972417144276276,5.239447727302407,3.1675715477019772,-0.3590678484274588,1.636837813760842,-1.2187740414872956,2.044561215627223,-2.079833743544219,1.4,1.4
10.108213525233811,-2.2702205028881144,0.7398694577635822,-1.4660306669909073,1.338231913738448,5.283056442054081,-0.7307926958515824,-2.8000217678986012,0.10998664677101112,-1.1710138501398704,1.4,1.4
2.7550247220979385,-2.5250002110529155,-1.2828632398109463,5.400992765285221,1.5800522861735318,-1.1372619323797797,4.215865721354192,1.0222357548198238,2.2961140925112407,0.22228138376467316,1.4,1.3897999999999997
7.451493419911821,-3.60263570620838,-0.24460476394208164,4.657765348863778,1.1190715366347295,0.7122477794578236,1.4660534644990526,-3.0881898974455977,3.0233840215235284,-2.8504926221492326,1.4,1.4
9.537675092437542,-2.0763551519928356,-0.1568417986417836,-0.9860397016688105,0.3627081752691784,4.797563909902747,-0.6678468672159159,-2.8280551386384616,0.1688263035747962,-1.5580512809202651,1.4,1.4
8.931628141010846,-1.1921525960304287,0.44417059116047275,2.468742307443672,-2.323119990331799,2.229482365127736,0.9484219950571234,-2.4309362662811735,3.014282815731145,-3.1241764664748124,1.4,1.4
1.2230355033048406,-3.887146359737639,-2.8615881605276545,6.205388939283732,3.245195821489731,-0.9168790910947383,3.655241028117154,-1.3872076252427616,2.950297544786641,3.363791666802178,1.4,1.4
-2.328344036454593,-1.776605333849106,0.9669149560923854,4.249478489924414,-0.21521895415707087,1.351174275166824,2.645891865346107,-1.7637980540590497,1.4418524584291432,2.5839858496263144,1.4,1.4
9.282305635800277,-1.2384390728059471,1.8863619457062764,2.5668753762891536,-2.096282443413244,2.641285652375626,1.1991463421893076,-2.657511167284023,3.210249421242793,-3.269473963740106,1.4,1.4
8.319876838373013,-4.029159740120884,2.2177742155531956,3.30453195083861,1.516839823832823,2.4669835924202976,1.6278334854029066,-3.6559548545427223,-0.9095987139003459,-2.849030993022014,1.4,1.4
0.7202983238336912,-1.6735237178242266,-0.8880400573909402,3.0538642530633444,0.09166330261736515,0.7177558229779951,0.7963329393987242,-1.7866073906833833,1.3624374346090902,-1.8087261859530859,1.4,1.4
-0.3330654631735597,-4.542328692948999,-1.2126245992647984,4.11221928573874,6.094529524766556,-0.2536528522080596,-3.2050627886504413,-2.1293840102029336,4.8932703682517795,1.5914264206266138,1.4,1.4
-5.043405542937593,-3.5143199210012543,3.504446533148535,4.953503096186365,0.5914460560293706,3.0807337212958363,0.9341182977385688,-1.9609042593608577,-1.0933435941422371,-2.069933277246328,4.1,2.7259000000000007
9.714830998161123,-1.814164447365818,1.4253836081727118,-0.11893458723457108,0.38312027758654416,3.327502084702962,0.2095198420645642,-1.26505319814754,4.2611008493977875,-2.376780147182708,1.4,1.4
10.055069854586764,-1.2892169820608135,1.6301103690365835,2.640286856860219,-1.7194247212562164,2.0841875550070355,1.336190698305331,-2.4770121416145043,3.3424137695382914,-3.0083213078814133,1.4,1.4
0.17677529021341076,-5.333620958660683,-0.8401743859337308,7.3051098114597695,4.342794848399047,-2.0713927663684193,-1.275019905920402,-3.4618914229363034,3.1530082717893237,-0.7903077427367754,1.4,1.4
8.336880485895337,-1.9499856648674818,0.3282234103229927,3.776095973908344,-1.3207930631040699,2.231001683142223,1.0947608042402865,-2.951914801878899,3.238587614507566,-3.2043141124534933,1.4,1.4
3.7111809747239586,-4.241115160249251,1.4722971084792067,4.988881178262273,1.0693786165507557,-0.28579739948306615,-1.41806346366381,-4.740627636936823,5.098305215528555,-1.3646455834861781,1.4,1.4
5.617545317501484,-4.846458311249376,1.7307903320824731,5.805641371440629,2.6483611215490455,0.6034726339579646,-0.1108363305481135,-4.457814415964474,5.7225248980157986,-1.62670864098881,1.4,1.4
-0.8940004317986526,-4.404300834919286,-0.8649956699262563,7.870190148867861,4.411286540146606,-1.7325824600749795,-2.5565117229064764,-4.192472133286087,3.997058007945805,1.1889777966426869,1.4,1.4
2.620727667685981,-2.7359358827638407,1.505881514150959,5.255315155696608,2.5467345642632284,-1.1609080530609424,1.4956226845951412,-0.552996429603464,2.2764842490542527,-1.5415085758764997,1.4,1.4
5.273460275747276,-4.826752232941813,0.3049071369048826,5.6393634520757505,1.681371080475342,-0.27693294405763874,0.521385805343139,-3.757218502050295,3.429391113184628,-2.1277620331085734,1.4,1.4
6.871202819198954,-2.535466677818526,0.7558806516150227,2.589775212875191,-1.686358512769945,2.9159297107567803,1.7802335019837192,-3.6229601860855225,2.240532434450448,-1.193030201003976,1.4,1.4
7.683511908550457,-2.0514631044760883,1.0066923351512393,-0.783519733959631,-1.339071977283203,4.299678135501919,-0.5271072980333555,-2.6646650269924606,2.695917358537006,-1.9570721274514982,1.4,1.4
7.9774039192255355,-0.7742342864496653,-0.5252568785570036,-2.9511340230910803,2.3472348963822984,4.05475551326392,-1.5203543747556765,-0.027363564312317953,-1.1944945830318094,0.25841243877683573,1.4,1.4
4.739238617653264,-1.200344256480426,-0.25818229419064864,-1.2613669633035505,4.393522778753707,0.9284249777685882,-0.45353186474918167,3.401755419158751,1.5981029017795032,-0.32324314995957476,1.4,1.4
5.12992566103671,-1.986489215384203,0.1505977405879236,-1.1627901020562477,4.106226509674597,0.9777846658724614,-0.34417155901351937,2.602506000273088,2.227287384059527,-0.7325600274789541,1.4,1.4
10.697824006779319,-0.37660307648856456,0.7570949800550281,-3.5258059254047964,-0.6156195791263495,6.79231286689503,-1.7726047683192971,-3.1331131658255997,-0.8854822589799244,-0.19269705728963193,1.4,1.4
4.029335899699099,-2.3736882939199093,-0.29546282899483717,-0.42291713773579803,5.3300396085205675,0.754463634429662,-1.0594527864412755,2.707752089964307,1.8329593429115378,0.5406559825327657,1.4,1.4
-1.0111219456984142,-4.165492282683082,-1.0258907255983698,7.833109708479713,4.4217782204323095,-1.7856288284327468,-2.592185640537034,-4.111854029704634,3.951330998294036,1.2823550493407507,1.4,1.4
7.283167622085758,-0.2368753360357691,-0.358896071810934,-3.1535678986589795,2.0324102845055934,4.0308321816998625,-1.446697140877408,0.07495149061603933,-1.1057564301573122,0.3025451506123451,1.4,1.4
5.002157010993093,-1.1906997629470288,-0.30214624045203103,-1.1253029680672193,2.902495928563394,3.2210940068719345,-0.7940184534342815,1.2934506301429156,3.0254567277075783,-1.0798679380844383,1.4,1.4
4.3999341977459325,-0.0030931413783722612,0.9549968722814108,3.49694781577821,-1.2297914791574465,0.41415552438014347,0.8076180493418043,-0.16224622568177915,2.8756502297780013,-1.0121856867372425,1.4,1.4
9.446489272954015,-1.843796772877652,-1.8849105565754039,-0.8724152710766845,3.7042688039048355,4.605252841658316,-1.4929860640727983,-2.219950252329347,-1.8897085477448996,0.20733318530609235,1.4,1.4
11.94056987080731,-0.026306595801975297,-0.9624481480753507,1.183885648346609,-2.5404037341253427,6.122457765935715,-0.10695573688015497,-6.632716316750875,-1.9264478956122317,-0.23217253684971176,1.4,0.8564000000000003
12.018397694176999,0.8861195753280954,-0.5536515382090326,1.1783478453657708,-2.41742680033592,6.818752139170998,-0.21445466640328803,-6.5546175444028965,-1.4894872484178143,0.7941431807369362,1.4,1.4
3.3964699981883895,-3.2265953835263437,-0.8627825907896702,4.360940829591941,1.8122493465679255,-1.6058594566241657,1.4013400015153823,-0.8445735723456362,0.848337853075342,-2.077257810499361,1.4,1.4
0.02495014406274774,-3.819652563372258,-1.5309815418959076,5.973983285678939,4.205072394815151,-1.8433135062443267,0.852151608580753,-1.1433806572275422,2.974116176047638,0.38469216402381873,1.4,1.4
0.13068441687865384,-3.498871168483843,1.9836697670958667,4.518061102080603,0.05293645659370669,0.1516434808449581,0.2252164010449612,-2.5956362801795163,0.5585789574690884,-3.215537637744509,0.09999999999999987,1.4
11.695890107862684,1.1769998416784104,0.34639338064249336,-3.790407303195949,0.4282142827536662,7.490680681381118,-2.447006518754836,-3.2628661796754446,-0.8385351393561532,1.7866973685923742,1.4,1.4
7.330586412095873,-3.361769036196145,-2.024960726417968,-1.6251829022547284,4.002489131715423,3.6622133193711703,-0.7609920762061044,-0.9539517612683223,-1.6733418624880596,-0.03261735715660515,1.4,1.4
7.852272947880862,-3.3992435686100553,-2.596893661810287,-0.9385168240689092,4.336583792044485,3.848380814337528,-0.9868311764103379,-1.7075128429311088,-1.85709499664223,-0.14038794588733947,1.4,1.4
5.1135756564505215,-2.789903502545769,-0.11032463870511966,1.8950020447886973,0.48040547424475777,1.5973683916271004,1.630728612499844,-1.192075178974518,-2.15945567329839,-1.2412923735283696,1.4,1.4
2.1193766105542697,-1.833159412656166,-0.6831858385803712,4.423654549737575,1.356631700505908,-1.4949707688958431,2.309066220552785,0.37931192749140474,1.8080511337667917,0.03765899975669177,1.4,1.4
4.169149988004852,-3.4727858047656848,1.1556804541200525,4.663649071654403,2.6823137655051603,-0.807188770930203,1.736493572437104,-0.9767986011639699,1.4005935535155203,-2.242849595449269,1.4,1.4
-3.521639027470765,-7.267141209826571,4.2061946744114795,6.858520512149966,-1.847252513189235,1.7123673586689048,-3.62013677647087,0.8482146401324412,-0.8506921929678216,0.8983105739429005,1.4,1.4
-4.480656039996506,-7.315314701047572,4.6061783053419525,6.933569863021981,-1.400929326965432,3.468333459823236,-1.6527404681262838,1.8364265848027275,-2.1926391305317,-0.38669309222300136,1.4,1.4
2.5538528510901033,1.7321572692964244,-2.3226232947272174,-3.669238961505045,3.0589770960494063,1.0398821784385037,-0.7555121150485242,1.3896042486444216,1.6050739048091633,-0.8895342532674435,1.4,1.4
-3.904585044316988,3.3148702338210376,-3.5987744543304854,0.6349839140954829,-1.9046458028447077,-0.6400852633981814,2.3280261363987265,-1.3446997285727293,0.18036546415858004,2.2358287052490904,1.4,1.1353333333333333
-6.919916725686361,2.3230526379994654,-3.7721378278899027,1.5973616051655701,-1.5041171857945113,2.568150853573101,5.008165681006523,0.3294466699033726,-1.3655731794356836,2.060682627430579,1.4,1.4
-4.0954626042247115,2.85452259715026,-4.4172935065017,0.8118427556001179,-2.2139498141621012,-0.029113036580926833,3.2349369492146027,-1.2487372817960538,0.5423995141832186,3.2955856105573265,1.4,1.4
-5.935655288442593,2.797226276568705,1.5196705208922734,1.4932813814802954,-0.003017493893596081,-0.9275334497474672,1.7236258398059887,1.5499957644621993,-1.7855490276244963,-1.131044752913579,1.4,1.0790333333333335
-4.091376644498983,1.097304022732908,-3.584626972613838,0.9718003933645623,-3.396645107887549,0.3139558322219266,-1.565120747459344,-2.7517772770827342,0.4558672180662478,-1.556588314805153,1.4,1.4
4.512822080933934,-1.5305609514796907,2.5778929074986356,4.741782090368522,5.184825711035953,-0.6828013071613244,1.5440968477240151,-1.5239483506622027,2.222068252735306,-0.7799231235572535,1.4,1.4
1.499754527214207,1.4838971972803605,-4.592490444542229,-1.3443063358221559,1.271807624360052,-3.3910045746013036,0.7689758527909913,2.0900567645325316,-0.4639955602408549,-2.063250201340127,1.4,1.4
0.6898249339726871,3.4753429133415503,-7.01189695233231,0.46901372351670617,-1.9892056977270818,-4.277582601476857,0.419964110531931,0.4136360060003018,-0.45116088599357507,-2.3958127091847214,1.4,1.4
4.2112402813540655,-1.1507109561807332,0.754755573828824,-0.5938749611097561,6.597026395900371,-0.03921976896858268,1.4721765756911764,0.017081459388181012,-3.0223059393594482,-1.5494853575530987,1.4,1.4
-4.087573380866245,-0.2093051859247098,-5.330610533013199,-1.240156330605968,2.113721059971703,-2.373870461139136,-3.949861346573787,-2.300037210943101,1.2117787497938453,0.010742790211954761,1.4,1.4
2.6186138680958555,2.1440812510240668,-4.942343427624954,-4.35124941216387,3.2167049022898055,-1.6972260170773612,0.5880470208455775,0.4267896125754172,-4.196314367988066,-1.4063151730031427,1.4,1.3912999999999998
-5.997846223558917,-0.9056367664502107,2.548748234899232,0.9087130390317825,3.200851235835508,3.650081000705899,1.2736570817249762,0.4869356515831284,0.005347197129498875,-1.4425849148669065,1.4,1.1917499999999999
1.3497028442691474,2.5885150169139126,-3.3714948675499863,-0.2795744598388469,-0.3837534674411295,-4.0729948154633036,2.0783165184347756,1.7096855900310524,-1.2666775951690994,-3.4703777098474613,1.4,1.4
1.6604509517605996,2.4151709189958157,-3.4516953665958328,-0.5910740062545017,-0.07725834324207463,-4.419257655954862,1.9503392900245047,0.9149164878900571,-1.268983787678382,-2.9878600133995796,0.27,1.3437
1.830962005463843,0.16481417579272936,-2.8992022073647457,-2.117448119966295,4.768298166856366,-0.5037192766035075,-1.2873969511747967,2.028689799572118,2.278989013110888,-0.5122114549929059,1.4,1.4
-3.8652018760802003,0.4029430769954038,-4.983250625240359,1.1517619889921384,0.39760220166519256,-3.9071541758104624,-2.589311083389335,-3.3148838133655985,0.09894324078723758,-0.3559312369760448,1.4,1.4
3.3832837905984054,-0.2718652178348556,3.6011164590369735,1.9828867630982643,3.6907592142365604,-4.50052944279547,3.498949564253071,1.1539007153553429,-1.4175757486153164,-2.766385285440507,1.3033333333333332,1.4
4.033734437219165,-0.5068520890047238,1.4952557121797352,-2.7587997022598048,7.801944262668031,-0.5892835168103226,1.0457895709107978,1.1109637975205127,-3.668414133951372,-0.8749138107452196,1.4,1.4
4.015104328744043,-1.1136691107444656,1.1871857363440423,-1.5110719559823307,7.089338530179566,-0.16838678937833315,1.2133659178689888,0.49738638869092777,-3.4207743134560062,-1.2643144338838008,1.4,1.4
0.4438403129478453,2.7708429358303563,-6.783421876237938,-0.5375524055971225,-1.338877407745887,-3.927252724686326,0.19762581718383768,-1.4460570369173311,-1.49648100271744,-2.624684741661468,0.8700000000000001,1.3938028571428571
2.332558898009041,-0.9235228624785226,1.380149422164323,-0.2010029184033148,5.75639091530085,-2.298558244350722,1.2169748778482996,1.314513643661394,-0.1274432571026888,-1.7367146691320212,1.4,1.4
1.7778634082933331,1.697535399027187,-1.4702146073571636,-0.03765508659343051,0.2659551351072152,-4.602263157245971,2.194966247221199,1.2375686082770812,-1.588130172595785,-2.826750800551992,1.126923076923077,1.4
-6.783199751614286,0.9348099706846453,-1.2593505990006764,1.421989126594559,-0.9705456767343646,1.7620834256746474,0.9565934285683092,-0.9814833874399085,-1.7988204761727757,-2.0526306750563545,1.4,1.4
-5.813608909002116,-1.259565029390882,2.5984610917714663,3.1949205045964315,1.3017175114361246,2.7533201470089543,2.0618969597857064,-0.5410792306055747,-0.8736672544094823,-1.9198793469834319,1.4,1.4
-6.844928461011937,0.2581579200300038,-2.975282602979448,1.3413779968182764,-2.1820434615816695,3.031410128795104,0.5418261792637645,-1.2845422544163347,-1.0881595589478779,-2.84609116641201,1.4,1.4
-0.9219653316686441,-3.052565674348635,-3.691489931370786,2.151509252951839,-1.970688920464248,1.9942951554011334,0.0062056456346114485,-3.213756448441014,-0.05455622655050204,-3.586230994870761,1.4,1.4
0.8290207154355594,2.847187216756157,-6.17130119482364,1.4573611958228156,-1.029446528498798,-3.175006176846038,0.9214721849326962,1.0661672417770438,0.5140695403565338,-2.3241353102229163,1.4,1.4
1.4793863174278243,2.0837428367470703,-5.676360633088223,1.7724877177728517,1.3272369023218402,-1.699508201078047,2.526306902825011,0.5491084445447392,0.4480225567435804,1.0507435389458544,1.4,1.4
0.032149545049891176,3.1194659012956105,-4.346363394787825,0.1849393944064643,-0.45789971258784845,-0.3498433004071789,2.6989071927498856,-0.44350340433004093,-0.009098974901240592,0.6293983860342107,1.4,1.4
1.2502194406759517,1.7139825830495006,-3.587032671252671,-1.1017708836518627,1.6737051748555336,-3.2004180124256583,0.5272289723509357,3.1217053763860116,0.6553764670447505,-1.6606832163851895,1.4,1.4
-0.13909447908366143,2.9338386317431673,-6.733027060374422,1.7885841705043362,-1.086986701358663,-2.651445443886472,2.9618354094970294,1.07659208959938,1.314016776489163,0.6186724836734875,1.4,1.4
0.943903506433074,2.6508726070983317,-2.4581114163578786,-0.8605225998031539,-0.5089805424189552,-3.9640052384098445,2.1834457480186997,0.673041595514947,-1.7826802354138094,-3.18562824605123,1.0499999999999998,0.4508333333333332
2.1268701016435196,0.022327198906958348,5.446272110242868,1.6406384646589671,2.937953511911226,-3.6555601517148886,3.779763058062023,0.7788422236464504,-1.5849443734007902,-3.061142555110349,1.4,1.4
0.837308639982814,3.6210744253836715,-3.4889473209603303,1.2633771164694092,-1.5327553727705883,-0.8763407176816934,4.027416060509628,2.4045497253224304,1.6857694422207035,0.11857310105437631,1.4,1.4
1.720734114276352,2.473982325095377,-3.7858836368742597,-0.6901112449995177,-0.012294265977403797,-4.361834314126086,1.9149530902939036,0.6968280871288627,-1.6358848581661751,-2.861853021255359,1.4,1.4
-3.4307596405306566,1.990168066797225,-5.770621422929981,0.1537490412573876,-0.3692258190243367,-5.503826948898875,-3.159870413011506,-4.452922479340725,-0.8483508929470273,-0.2175844419093972,1.4,0.10999999999999988
-1.9251052247358136,3.265063479882088,-5.02338949569514,-1.0159411684017758,-2.371319587553759,-3.300708017033036,-0.13404179731624072,-2.0057430472957107,-2.061107821449647,-2.826537891611227,0.0,0.08029999999999982
2.6578534421673905,0.6503010270867868,-4.61727493676874,-2.6188310234382106,3.665545561245974,-0.6935891125015908,0.09357850474091459,-0.15420468349898153,-4.117449851877375,-1.4358382015019984,1.4,1.4
2.9344477150221357,-0.07233774377840015,-4.697571252562078,-2.305161685695138,3.9437619634586736,0.1294279245481479,-0.626335868995141,-0.2291056972002712,-3.766836437053986,-1.5969516516254814,1.4,1.4
1.5552201298767838,1.8044716135780952,-0.8026935768225436,-0.2996284343334097,0.13925875911238147,-4.5410382649652945,2.3118247669813248,0.9252958480929642,-1.806031241942928,-2.705142899271656,0.5899999999999999,1.1827999999999999
4.292292214113093,0.11858657417127227,2.06309845705313,2.3597847752855183,3.667206446753578,-5.1379056183846386,3.1494329984864655,1.6354831137433665,-1.49421194251206,-2.6434086100199186,1.4,1.4
-7.540060947038248,0.8908114615955526,-3.0118811784070463,1.1868808187412025,-2.5465757864614265,1.7516274500557314,0.22419419502968146,-0.9193486972139558,-0.4796704278303483,-1.8722872816809057,1.4,1.4
1.2624223358670983,2.7958884741440726,-3.5730105546788016,-1.0373552708386387,-0.27186350424243255,-3.936601128197026,1.999112009222685,0.1290496588962596,-2.653251328105254,-2.8013965789197246,1.4,1.4
-8.315663909612894,3.240694356849646,-3.0616585829700558,0.8093271321791267,-1.7940288094067076,0.03183858664088448,-0.3278575278475837,-1.579337586989737,-0.30836037134555383,-1.8103787908208444,4.23,3.7183999999999986
-7.0597887683984935,0.45558035356570864,-2.9341017972403436,1.4690169576395484,-2.6000533190803172,2.747245679428567,0.255094858110591,-1.2974940842057099,-1.5360675078835946,-2.64859109785361,1.4,1.4
4.390118504854185,0.012227076158652414,2.4295935682167786,2.4994931037787667,3.751422931759191,-5.193230253824563,3.202900134699234,1.7399445636958102,-1.3154113004674475,-2.7353447086548774,1.4,1.4
-6.7692527782257255,2.4043519791655803,-1.515216276425383,-2.380192166611429,-0.041238729858230294,1.110810695809708,0.9479887807374731,0.32842011360139867,-1.8799253701223897,-1.6395824406648718,1.4,1.4
1.111581746343234,1.7219173638053182,-1.6461578339373752,-3.5594731729608133,2.6372885113390727,-2.0676326484285608,0.49652989496030053,2.515874316914504,-0.8027207848353263,-1.7471529206220646,1.4,1.4
-7.092420512883518,3.5633486185077947,-2.8153856000679216,1.5103108963782474,-1.074477111974684,0.9152957665846124,2.5764784888087453,-0.0744321611769789,-1.424831085020955,0.998500834357108,1.4,1.3431000000000002
3.2861824744576604,0.09526152901952195,-7.4347985317767655,-3.324111072929363,3.151070258752218,0.8661075703045262,-1.3435307603205942,0.08390601522352592,-3.6839791959976473,-1.8871888914067232,1.4,1.4
1.3975664368605893,-0.10920622405429654,4.65064951346478,-1.7542868994714662,5.357357830414336,-1.120293504369153,2.0807131955213523,2.4422859770143295,-0.5363344873401591,-1.8307389266430134,1.4,1.3148999999999993
1.245916239233249,1.52998514238847,-1.4537027422364863,-3.605880560810986,2.8568134551647972,-2.090825630166338,0.6502241566700524,2.4625228425845838,-0.5586486222725653,-1.4883402492135616,1.4,1.4
1.360998354048267,1.4497844722202495,-1.699987715295428,-3.3331992837712567,2.8415664800854405,-2.190055569560893,0.5881923417889225,2.9524961413060247,-0.24272003449486848,-1.6886105061616017,1.4,1.4
-9.06714961463485,3.9199594098195965,-2.171699816413382,-0.4888565114013075,-2.1136597305116585,0.17792436438641762,-0.9221519083518731,-3.5148500320865095,-3.055198162725977,-0.4549824281189634,9.7,5.1224799999999995
-4.820270201709316,2.6394172272689387,-2.265892346156094,1.802673408042484,1.169321118202387,-5.214508383382104,-3.275479631187857,-2.377730989425092,1.7977096556019345,1.7425216100472098,2.900000000000001,1.2358000000000002
3.2465020614496427,3.6902196730103327,-0.5102842326359326,1.0627981447804116,-1.1377190600938707,-3.142694788925799,1.4162648237303317,2.3054724085401648,0.9800906967389006,-1.7913188601771572,1.4,1.4
3.7796117569929577,2.1594086243296005,-1.6852807498812732,-3.85029081677538,3.1945008079881085,-1.0654248919413112,-0.5063905549359137,3.3352820636733616,0.8027653117265598,-0.7229884069559256,1.4,1.4
3.5234140270627234,1.9350017833276267,-1.885563078891428,-3.3781628250533817,3.3905829277680892,-0.5054932553749476,-0.46087631987324973,3.388300108993659,0.8732283659742011,-0.8732838512266053,1.4,1.4
-6.93621906169912,1.8780568801052246,-2.296091213546557,0.580964452105152,-1.824122726177826,1.6537483828790254,1.0221272057882236,-0.7485844405972636,-2.0102226613319756,-2.337591360818115,1.4,0.5779999999999998
4.514128985297236,0.22784699005151055,-4.616969096657774,-3.1511981642781626,4.272433353912254,2.189320452905815,-1.363846949324367,0.1627303850409782,-2.257101223511072,-0.47787522055266807,1.4,1.4
1.0021171043407942,1.4160339984514152,-2.1158332170607808,0.27557031014108746,0.5456878289207193,-2.444927119850022,3.4589659635050936,0.7761862082875625,-0.8165513012879562,-0.9628904964804695,1.4,1.4
-6.0235351603722185,2.5110167621965416,-3.7621744542822566,-0.9529860575186256,-1.9192935967762654,-1.0592981223040587,0.8651104590350241,-1.9691411720642613,-3.838240874430148,-2.9280166661238027,6.345000000000001,1.941814285714286
6.121865412955112,2.1661646028380885,6.781804345088007,2.1128962972958276,1.6848314696974231,-1.1363590195098172,2.5552261856825775,0.05088748915735299,1.576331717090162,-0.5102892639825203,1.4,1.4
8.339983527991457,0.7753696606082877,2.8230042451504693,-2.389569778884146,7.079451597384955,3.0476400421797156,-0.3361114846981843,-1.0139397578799414,-1.780512739771728,1.0153158928966763,1.4,1.4
4.784102822086207,-0.4559028342577337,2.2011106132366702,-1.667784155051289,6.259303461935854,0.5783881084916546,0.552841012292207,1.6781006990723437,1.790564239957401,-0.9182761548142138,1.4,1.4
-8.734053489351368,2.35749632739399,-0.06208288111159337,-1.050994986173404,1.2735147055945863,2.336552656864914,-1.4824341655421593,-0.9158472379760545,-1.1488278645426635,0.40687062582737316,1.4,1.4
-8.10271078192723,3.4443113843631816,1.3478056669401377,1.1594381837249284,-0.03902700556582995,-0.4547172095419728,-0.030419066393803464,-0.6523711561832378,-1.773388730167601,0.4252548690008098,1.4,1.4
2.762023446657105,-0.2742718167672851,2.8904905162877683,-1.4888327631505711,5.472666304917732,-1.1686931673080474,1.4176181961143561,1.7855456435446677,0.05012154544839863,-1.6989415924985036,1.4,1.4
4.032584762895278,-1.7159382174544024,-8.468997318201971,0.6262445141991777,-1.4571537096514047,-0.5767423015965437,-0.24770615711015048,-2.461992082602192,-4.932738052539058,-3.2385995553385856,1.4,1.4
4.522162681749681,-1.7772758538010844,-3.527405427277192,-3.9102417338832973,2.5879111073072854,2.070749470171172,-0.8856869672705563,1.2059108851871891,-1.6828496665200472,-0.9137446036939763,1.4,1.4
-1.7547850918466479,3.109149311530019,-0.40776123620855825,-1.4016691541163278,-1.3827155257813637,-2.645487086582297,2.025306660550207,-0.06172678831448018,-2.007423466748135,-3.2665636890069507,4.343333333333334,0.8271750000000004
1.661063126573126,-0.024754706679210703,1.3759207796734882,4.267727036727132,3.759072308829272,-2.4012152349536513,1.7988430755584177,-0.02365370447611052,1.402441373814218,-1.4997440791870704,1.4,1.4
-5.767218370218938,3.0672230929444675,-5.11822566982955,1.8074045085481412,-0.02011003258703176,-4.685095346029558,-4.657373485008469,-4.369183526564592,1.431043537090158,1.745045391129423,2.65,2.4741333333333344
3.045868730789673,1.0039050433786285,-2.100070366215161,-3.4725070394885456,3.414451740353671,0.6053390941862132,-0.5366121254606954,1.7317564502753273,1.615240633686907,-1.0824143797957808,1.4,1.4
0.6075703430927545,1.9941070634704476,0.4049658406001649,-0.6587735816573658,-0.17943269045406118,-4.160486515542967,2.150138042113251,0.18114054998646167,-1.7447044673914127,-2.4565562840959907,2.2,0.08010000000000006
-6.994109996906511,0.22221671003714719,-2.9735914546917908,1.6726722385152555,-2.6281839560695106,2.9625408573490257,0.18127304139009803,-1.308703678847521,-1.3964346724321197,-2.78102854764947,1.4,1.4
-6.801940935659408,-0.09023641664397682,-3.0529890270608147,1.538173493438609,-2.6960208865112376,2.907895444929373,0.2454158450001357,-1.4216506968761011,-1.3593801368454224,-2.8698153091087746,1.4,1.4
4.912926580811709,-0.04827764595691406,3.963998573260694,2.9991428386842056,3.8126878862620592,-5.212283664296369,3.2915825912910446,2.117089377010059,-0.5641304374547035,-2.9403223666979565,1.4,1.2548
-6.865680594196776,0.29211219643122094,-2.96472864207892,1.32149736588233,-2.1815186322590976,3.0056878199811052,0.5473438004270579,-1.2796216992760268,-1.1079274819948974,-2.828794923754329,1.4,1.4
3.201310703003104,3.9516718754928735,-3.3792287638506933,-1.394604305020434,0.6876809934494037,-2.0902604276733894,1.986165097030586,-0.5955203319682058,-4.419777445373301,-0.8426685308670868,1.4,1.4
2.0410077373571864,-2.562884179143694,-0.5643133449479307,6.9050785174576506,5.604534138684556,-1.1351087280513292,1.1456646687605607,-0.9868645955748055,2.0423795364990576,-2.074659800244346,1.4,1.4
-6.315443848784176,3.2814604856015186,-3.362878179665792,2.4027191617923105,-1.1235986867583267,2.735100521383163,3.5121722554610595,0.5967132114741297,-1.478044339939612,0.6979523049463767,1.4,1.4
-4.165709908448279,0.7965951847419179,5.713098366433155,4.42159535842614,2.9918379133841144,0.7614867771932008,2.57707807182417,1.3028539185594892,-0.5807415004806945,-1.5689864675329661,0.10000000000000009,0.41930000000000034
-5.5950248635307664,2.5234819720151975,0.9152226907106953,2.328751758305351,0.09416646785450541,1.0152359021293293,1.3205807090732955,0.8742756006872335,-1.4056863804291049,-1.462526578172729,1.25,0.35530000000000017
-5.8262514232375615,2.8775308423539494,0.6962188084723893,2.3797735942216467,0.14973710277472704,1.0582151437376823,1.2359764439268397,0.9231021478635675,-1.6249452099003352,-1.3529302107623635,1.4,0.9517499999999999
0.8112972257542387,3.024046086630335,-5.962478538359945,2.1760465885402214,-0.7684073444895284,-2.586744086027735,0.05213468247733301,-0.14757360306176848,1.1172818177895292,-1.6747995333250947,0.6599999999999999,0.5090999999999997
0.8102409281187721,3.026490772329599,-5.962537638812109,2.1763793950801844,-0.7680953857929236,-2.5876009714460833,0.05141528812724171,-0.14727072217095924,1.1165636218502133,-1.6737190596263285,0.7,1.3902999999999994
-0.21950863160042317,1.5425681874468935,-6.73236313253195,3.5239647778165613,1.3264511855410945,-2.555279524015475,0.06857437910811542,-0.055537136731239015,1.1982741436405766,-2.5708462506989544,1.4,1.4
-6.505574114628794,2.910332921421245,-2.5744793169344393,1.9395431860679515,-1.4877287354413935,1.301850430463621,0.6752081351575664,0.4302353264981251,-0.5053200755441534,-2.713950589332663,1.4,1.144575
3.064019173083523,3.624480139074231,-5.917367422320129,1.245506259635748,-1.8210691911193795,0.7104976970877293,3.415849783802035,-0.2738903649254393,0.5627215255097299,0.656150766980663,1.4,1.4
3.7792245435844793,3.639512584161276,-6.586871504447022,1.5269732036181214,-1.4360819162294736,-0.006084434086991021,3.278267870124787,-0.04291150644077617,0.9948553156688141,0.8908564793692085,1.4,1.3920999999999997
-6.769072466458384,3.7325445839091413,-1.8107380921371028,-0.23740706429841654,0.3750173938457749,1.8177560870977965,-0.6737693214433945,1.053925852710157,-0.832824612710755,-1.0046275146420398,1.4,1.4
4.306897822822435,0.07107177257350795,-0.5316607335349234,4.402227928166442,2.273362983059851,1.6700496812788368,1.7599719688481137,-1.0426689040354475,2.4182415828456203,-2.8192662569536937,1.4,1.4
-3.1372037752011264,3.745386055208011,-1.9456665472504282,1.0563743011405513,-1.7678508723765842,-0.8604662335750859,-0.5066671088997176,-0.6549924479024336,1.3805005766363754,-1.1531353678920933,1.4,1.0611000000000002
7.719337351280057,2.2725515189780543,4.494098013698444,1.8042520852143102,1.966357562586724,2.8875490761191034,1.293481068138347,-2.4673950564063034,-2.2436462725113246,0.1531281822491104,1.4,1.4
6.557001611530432,1.0037898183238636,-7.747982091640545,-0.4370720112866029,2.6355035828816002,3.168265747841803,-1.738449128552579,-2.5239855492691006,-3.157509696034188,-0.09877727549880355,1.4,1.4
-8.198325186873536,2.9775385430498433,-1.8835756128006635,1.7865717467365683,-1.4877187762596042,2.077477413311913,-1.2672023480079215,-1.6351303646415534,-1.4093250170901022,-1.1784155095356497,1.4,1.234686956521739
-0.03593489633989671,2.305979421043032,-5.073739463414953,1.1787173729013434,-1.6723620761962037,-0.0196965363482285,-0.13481591199320794,-1.6880869907280627,0.5421419594014558,-2.6281035095422447,1.4,1.4
-4.729514105367231,0.973098576479732,4.514723986354101,4.233321238578041,2.3088355870318833,0.7810960809407859,2.37003589518024,1.460547361111785,-0.24833764747304024,-1.790826204434785,1.4,0.9138999999999995
2.861155883822496,1.211382476757246,-7.03215737951386,1.9398533284282393,-0.8642596096695668,-0.826255080687586,0.2781752407348071,-1.1533072717356285,1.0168391411344275,-2.3807527782156472,1.4,1.4
-8.270022985549055,3.389294013965626,-1.9017172764233832,1.8277949206949409,-1.3960180207263726,1.9814192863635782,-1.338476453907411,-1.5614678342482673,-1.5269921110690465,-0.9803916494977861,1.4,1.4
1.514635809667871,3.574694662687197,-6.489885460218271,2.58215658090297,-0.5140900032828566,-3.0040855852611883,0.7055910681664438,0.9928306306812613,1.0330965585537373,-2.5743548747254934,1.4,1.4
-6.71727066740934,2.5168512203338773,-3.263020640931058,0.07325596707694426,0.18473093260318157,3.969196066569315,1.392449823665687,1.277768712661561,-0.6281343846742254,-0.08302390183929234,1.4,1.4
-6.396254759643226,1.6328076967152536,-0.033608833460458266,0.04012196861170307,1.2619461555626021,3.0131245488547513,-0.044957331731578384,1.1804617737362264,-0.45668479012431124,-1.2159942107572446,1.4,1.4
-6.807080879157765,0.8822059824667529,-1.7573516879402447,0.5290336989223356,0.340406078583298,3.8272820555266804,-0.5631246941332421,0.35289336773233276,-0.5449581416324963,-1.7587618018023323,1.4,1.4
-0.3683230229266157,1.478454280088006,-5.817128449334975,2.435784348951123,0.6141920603439113,-1.4347057023602168,-1.2979594351438264,-2.772618843573198,1.2751324833992521,0.3158923301147917,1.4,1.3942
-0.167134877203473,0.42813670191727565,-4.15512463615801,0.29081788455848506,2.891154766374728,-0.5161969674327075,-3.3954983593272,-1.1322588775393307,1.675431242797694,0.006337823972320969,1.4,1.4
1.0523841813166706,-1.1720277818311753,0.19848441791640575,2.163022144990142,5.844080948470321,-0.40991112014477243,-2.242992075977029,-1.647575514914123,2.225812423021273,0.14005075425531502,1.4,1.4
-6.056328464037319,2.414349564278668,-0.05642372004416355,2.257052624620814,-0.32548205793703927,1.5385604738812595,1.1874838515758164,0.6804534106509522,-1.2980846119428144,-1.8045772359212895,1.4,1.1120666666666665
-6.822561617687258,2.111532774129026,-2.789462515339892,2.0969560917329795,-1.5594001449975556,2.106398454621376,0.19528644553029922,-0.38951034064251344,-0.16104431416570827,-2.318944980112964,1.4,1.4
2.83816898893926,3.5245371250569892,-4.19314633216347,0.6228586680795102,-2.022297631891695,0.013513150693921635,0.9360074541265979,-0.6207608945834433,0.7848209705396788,-2.5789196534502428,1.4,1.4
4.038514764446536,3.4236708718313285,-5.508423924838226,1.0483187167130932,-1.3623258064533268,-0.7736608131643249,0.7414673828276923,-0.6369322078844876,0.9654176724886474,-2.2292871537217156,1.4,1.4
-6.753728463957983,2.0255435365896353,-2.644470384547866,1.4140387129180787,-1.2966536401351212,1.2221990367698672,-0.7240727810176905,-1.4920331616993805,-1.8073376531152643,-2.5480568198428384,1.4,1.4
-6.3078925370989065,2.5866935465709555,-2.591031733663892,1.8339152656737265,-1.5332155738719686,2.3329677189054805,0.3986049278790815,-0.3933388287612105,-1.8607702742592913,-2.7271162186651194,1.4,1.4
-6.112500227420529,1.6728647235837613,-2.886700380414444,1.419320241958613,-1.3585929241730594,1.28285634396953,-0.2064780649166314,-1.138058290096433,-1.7004704841806215,-3.0710750297203337,1.4,1.4
6.671558334167905,0.2798163111675183,3.4528654179655285,-0.3837717454119996,6.749118021393677,1.5271391453046426,-0.03321491056880198,2.0763746987574523,1.676869434332211,-0.2924197592996705,1.4,1.4
2.291156383969372,3.848174908624106,-3.664146993067782,0.37990875697317433,-2.088608824786344,-0.20332056230723874,0.9300083525834539,-0.13389240109896564,0.45507122537577427,-2.3375119437635545,1.4,1.4
1.6667223309970112,0.7274611423418221,-7.719479274091991,1.8706959452045868,2.0491596206185814,-0.7018423506230596,3.69798884254829,0.03302646514154032,-4.942121733985579,0.9255178243943236,1.4,1.4
-5.594401167422841,1.9080017288071691,0.07693598544854352,1.842085815547826,-0.359899755060079,1.6896347755853298,1.1778376815063452,0.6846019648725467,-1.953614695003177,-1.962050890044372,1.4,1.4
1.7378373352865968,2.59994133577871,-7.213744742298957,2.1321809859787244,-0.3118455542276502,-1.6733059861164221,3.555335902330238,0.7454946338211297,0.2793353883455096,1.1244893654174792,1.4,1.396375
3.458106966527359,3.1408168289094553,-2.773554671480129,-3.2738992925006882,2.0968017720612906,1.2469111535110284,-1.5015656977515486,2.256880609030409,1.1513008184237035,-0.2552590825129817,1.4,1.3901
5.331064902170046,4.15896021864078,-6.037095599268535,-4.1764005834923985,2.684833255674741,2.3516292548976763,-2.202214980730052,1.0892210201150851,-2.7851665757288,0.05040660228043399,1.4,1.4
-8.276947343148366,3.0225567399491795,-1.8398858921165244,1.6676763183877132,-1.5976708850737054,2.3928913570166963,-1.4710756230521107,-1.9952267348108823,-1.8926373253251412,-1.0176234150335455,8.5,1.7866000000000004
2.402714695611738,3.8726127383144515,-5.9158759318133525,1.214902076673777,-1.9604183147914167,0.7340447744665812,4.886797632171397,0.4927383482061444,0.6807326130784025,2.337005278586672,1.4,1.3885
3.340753298626659,4.0380151139606815,-6.941163114579982,1.6148596363011116,-1.4027486661755137,0.06111011965929438,4.830936743679644,0.6822768135315358,0.8067424914323696,3.064533220734277,1.4,1.4
3.060334753893898,4.473331362740997,-5.507733241735129,1.2603598896531376,-1.3504343090109712,0.7221016874409815,2.3982804166218163,0.7128377721525807,0.924638750448777,-0.03407482875927242,1.4,1.4
3.838309955298371,1.17597220081997,1.7347307898709055,0.46024966081817054,4.55566000577806,1.643695808474909,0.21863926408929757,2.2714358378628234,1.5603753954021886,-1.8590211014102862,1.4,1.4
3.6899511249089785,2.7325280391275246,-3.570293969698541,-2.2840786187217605,1.955934903045276,0.3156117817315842,-1.4744746479556696,2.4684242370991933,0.7682903772530747,-0.8767452881443085,1.4,1.4
4.5107855032420385,2.615497949342663,-3.9909881979735204,-2.456724515017305,2.571967833535482,1.5531287445842956,-1.951443538777083,1.086736697314067,1.9912150559092519,-0.4436979980502551,1.4,1.4
-0.2579808746442301,4.371764270120453,2.3235436089007315,-0.6369939475180527,-3.69412532081556,1.7555619239717544,-0.16659958507327963,-2.061014480843843,1.0243446651824355,0.14928771718209294,2.8200000000000007,0.23609999999999998
3.947297469063015,3.2074315016453046,-3.3795428118275246,-2.7978383978466255,2.396296249655019,1.0650362372045106,-1.5573428944774537,2.7955285004158794,1.3737690715907394,-0.5579097421080232,1.4,1.3878
-6.788342262027891,0.5829954467280929,-1.6959422174535397,0.27156379435832384,0.6437744430036705,4.034084544686311,-0.8334483597496166,0.4137914098626511,-0.3787716068899493,-1.7571216534198961,1.4,1.4
5.335699857017869,3.7924553607464158,-7.639358929348413,1.008732286745613,-0.33424571910969186,1.2693330570319692,1.341455812296818,-1.6612385371699057,-4.075994125454082,0.34970247812239386,1.4,1.3232500000000003
-1.3217696711246751,2.8837377789108904,-4.314634599512581,1.0113660511461948,-1.2539590454522327,-0.07034101851699522,1.4920550948585984,-0.22045141042704317,-0.14843692240366957,-1.3296651865890832,1.4,1.4
-5.012555071183715,1.7109825145022621,-3.285023741121314,1.4874412169272428,-1.2820102572990335,1.4980403165629093,0.5051526713878806,-0.6123725234423633,-2.161996653564607,-3.547749868291957,2.2,0.7062499999999998
-6.49600626478913,2.9993555302754067,-2.5648124625033524,1.8759453045492467,-1.4774267890044854,2.2615246086746863,0.342239037099379,-0.2924612615034278,-1.9988302905965605,-2.565956139001017,0.09999999999999987,0.5837677419354838
-3.1058653350066168,3.6748677542720376,-3.494896818954226,1.432032739696221,-2.26296450864829,-0.4549510396830531,-0.6330837445561152,-1.0324741879902999,0.39716021163974957,-1.8180115148379976,1.4,1.4
-3.177825094589503,4.368212836530685,-3.497895068989821,1.4956292524950159,-2.1783336056134317,-0.6909616209940997,-0.7866057990028863,-0.9272467926758564,-0.0017640200931402564,-1.4746532232669978,1.1199999999999999,1.09344
-1.9109125115943095,5.005928403647923,-0.056116496579953865,0.4762530473372367,-2.2786819754565806,0.7533952081670552,0.37238964578524736,-0.09747753643737835,1.0499398470519736,-0.9504549909397318,1.1,1.3409499999999999
-2.4260146380408614,2.41891897916577,-3.95600320867665,0.6435474266379859,-2.0481245141504374,-0.42897982542040786,-0.7463423580185791,-1.9070011354511884,-0.47658551863610105,-2.0804632813348882,1.4,1.0911875
-6.246155648932875,3.750154929053733,-0.10491789812953145,2.420030963438757,0.1754854830155046,0.4141887535076536,0.35109804029658226,0.45973332241311465,-1.5310591270127627,-0.4796321459226452,1.4,1.4
3.15017035101998,2.6861659466736936,-2.149186340160934,-2.8813237930522217,1.3964044248779446,1.0494912142920274,-1.099736514030696,2.0917304126732876,0.5476483137195518,-1.0617487921999367,1.4,1.4
4.05772076163518,2.5888853743132736,-2.8494104168541803,-3.031083398094291,2.0463271876340334,2.2320597038812195,-1.6321544851178467,0.7668781062630984,1.8538668834658965,-0.5191418006249204,1.4,1.4
-0.39230481507872406,3.8889678961885883,-1.809249365192204,-0.29139635274777304,-2.9509815163340263,1.290543462718096,0.6198791595649934,-0.922328701642519,0.05552778415494023,-2.485227355537919,1.1,1.3768714285714285
1.5787669465678087,2.252609989420327,-6.414096328675269,1.8564097441112406,-0.44452866723476353,-2.5727023416560066,0.3455205260242426,-0.24290730159885696,0.4279997712747078,-2.3544320762836963,0.7999999999999999,1.4
2.8062893014776,3.179254985714185,-6.171383538154973,1.5285804180714575,-0.2160721323146716,-1.180619929920952,2.2770007039318063,0.4776565960725829,0.3073587280116512,0.6578111836793997,1.4,1.4
4.341665294280389,2.214538206454793,-3.4920048381854776,-2.4141186951692157,2.3127762220181496,2.303270762989266,-1.6400773081379971,0.5877999708504207,2.5940970506114627,-0.9947525959202171,1.4,1.4
7.746616839332861,0.8102591748507778,-1.6036243811004984,4.477048923770365,4.078613566362663,2.5159063518421747,0.9556044373456952,-3.814120876874383,-3.6358005535393323,-0.7139259249763568,1.4,1.4
1.970050619860678,2.773925648129017,-0.9965222883834803,0.45149921971118956,-1.747698681006723,-0.22445596624257483,0.7447105411280384,-0.6794613633415761,0.3182467835116619,-1.6752199506269598,0.09999999999999987,1.4
2.3463016445774834,2.6053089934238884,-1.437635323700798,-3.2217413711086835,1.1182952841102574,1.3846586920331787,-1.3193782330644732,1.4297635201567989,0.4419058821145986,-0.8588163503417421,1.4,1.3974499999999996
-6.322573776691437,2.6185433925362203,-1.305800778204337,0.2858062763676968,1.1240002952292094,0.9144699948827175,-4.505290705210458,-1.9091647245696621,2.1920624099445605,1.222242522389486,1.4,1.4
1.4827990907720803,-0.3582801051997701,-4.212377122852849,-2.1333216564248585,5.473427984561359,1.5115160728914623,-5.5258336270289075,-0.4054288278449462,3.3364187514826638,0.3749645366311013,1.4,1.4
4.242044600392825,1.9675277650749181,-3.958945361179381,-2.4130311733420498,1.53008005221937,2.858385900024111,-2.060769395509756,0.3833750926828543,3.2554568227170964,-1.9216660030718156,1.4,1.4
-6.578295093940337,1.7286091354818587,-1.7139203834959986,0.5045958978110655,1.5907800209705036,4.144835381616989,-1.4407264956557047,0.7544167147919137,-0.38073146750987097,-1.5774096923873482,1.4,1.4
-6.591949030831025,1.847638601627937,-1.7340242326759574,0.540122521868244,1.5628366266020872,4.098063419204607,-1.4202025796717304,0.7622246475482031,-0.43693835877872556,-1.5375350491877797,2.2625,0.3571727272727272
-0.6977515063459668,4.25600708159301,-0.1632957959869475,-2.2629734156262735,-1.210144942010813,4.4429125904776114,-1.8054595268182898,-0.05927682851738575,2.8117242055122564,-0.6419060082340856,0.20000000000000018,0.08755714285714289
1.198500342162834,-1.9179397290201516,-1.59218222131106,-5.899050602059619,1.471120494742824,-4.180635148982186,1.1113493911605992,3.2602054178529256,0.3437886377137115,-3.053700153004952,1.4,1.4
-5.625586160406254,-2.391092355265835,5.226675641195433,-2.460267651864031,2.9829792041548973,0.0322580654693868,2.597458300359575,1.3806290658194496,-0.9733726594550085,-0.793544932681408,1.4,1.4
-7.500135002137686,-1.6891259760917081,-2.9647776711303853,-2.009642481364881,-1.6761491393037513,3.5237963660863283,-0.08674837779425847,-0.6962502370265723,-0.38009668962191406,-2.2123807335585184,1.4,1.4
2.451058952369207,-1.8912112474301748,-2.6684030953228044,-6.401644648417831,2.0996784642576958,-4.458742449414542,0.8146234839241066,2.143760404687019,-1.345912382767734,-2.888567163191903,1.4,1.4
-4.321431389458248,-2.0459084955313576,-2.3563195662354013,-2.828860011062951,-1.3372997664146136,0.668034180598161,-1.9481051654972525,-1.7867934909630865,1.2968500642067498,-0.9542943984038265,1.4,1.4
-8.25836884995439,1.2408565810485412,-3.6263259409880413,-2.3133586919538844,-0.821639592208064,0.9155469329468332,-0.30859484331005965,-0.6596640117182061,0.6219395081566609,-1.366837755667724,5.9,3.5833000000000017
-3.761203376979185,0.26720889995043434,0.5529026704523654,-3.7399159652273926,-0.1620121066777757,-2.5731082518872754,-0.22576475943487015,0.7790616258793333,1.0119814662604134,-0.07908901018415375,1.12,0.5196000000000001
-2.9781683929654377,-0.8278711759004607,-4.326903032714801,-8.214141784242921,-0.7014623606997578,-2.8952833780153617,-1.5891936719362332,-2.550992497889771,-1.9422004715101429,-2.2717762135547637,1.4,1.3634249999999999
-7.4691622769391435,-0.6142227165722504,-2.5126128162279255,-2.948188142554965,-0.25397487799161134,3.497145838296486,-0.20249156278510735,0.2249914002832805,-0.23075349925885816,-1.8077823750826272,1.4,1.4
-2.454479355438315,2.3412494473933725,0.8313833557404616,-4.5931884559346345,-1.656873306803856,-0.05312192159336118,0.8388472711366437,1.219777430559044,1.8640713328129528,-0.8839523014060051,0.98,0.08190000000000008
2.7642089294804215,-2.1064431611220784,-2.51752658821668,-5.80223453892865,2.218404249308688,-4.798971726481925,0.868740539858979,3.2079423757724532,-0.44638521766265404,-3.1193144450653905,1.4,1.3925999999999998
5.567877718108758,-0.9774513159741284,4.576516923835925,-3.226314690719252,4.776832529410465,0.7061451064080833,0.8762237496056042,1.6788134235987515,2.3592788178418185,0.1215968477233033,1.4,1.4
5.1146387554895885,-5.988177242548449,-2.3450112857121237,-1.675244857393712,7.4862485568941555,-0.022485266603861374,-0.2006277485920346,-1.3332796195699639,-3.530042981342735,-2.156260577259952,1.4,1.4
-1.779697570231736,-0.7359299504458376,-5.098792762271318,-7.796756125984538,-0.57724939664244,-3.508543660332612,-1.5281911736120108,-1.7244771492636302,-1.633179983064728,-2.359705545506651,1.0,0.6795
-8.097150763809303,0.9419998936501266,-2.670238620889333,-4.518445844698236,-1.2237293727028695,-0.0435527392672805,-0.6321791427567207,-1.3381948222901612,-1.7145191975797949,-0.4628940200903906,1.4,2.3760750000000006
-0.6690910442787844,-1.1422901411008601,-1.6670086938285225,-7.829185906456024,0.6862537277974123,-3.000319808955643,0.8248417580657003,0.8764694757387445,-1.2659010104943196,-3.2932993157899086,0.6000000000000001,0.6162000000000001
1.049832134885179,-2.07329894510366,-0.7494040179007335,-6.889314533331793,1.821128360415723,-3.919173108109909,0.8879037280084691,1.118542125450409,-1.0265058519088912,-2.891543409317893,0.8999999999999999,0.6282000000000001
-2.2650512664172973,0.9749521825651366,2.2953977130331804,-5.263900785449994,-0.940554381090836,-0.41834795839823935,1.079502755755159,0.8106514649664837,0.6620801865557298,-0.5796198796863969,0.5100000000000002,0.20849999999999969
-2.3515424567536014,-4.04611598886447,-1.3587033189576805,-3.2236516669589554,0.9336315165611911,0.4217699970333596,0.9423997533236809,1.2256104941552945,0.8277533390795583,-3.413248992358849,1.4,1.4
-7.579260075186268,-1.5671571464772556,-2.9226418410226573,-2.142161277573764,-1.6428309019356448,3.443308790355525,-0.08614862700225485,-0.6551429803760832,-0.4441383819921911,-2.1367068097386848,2.11,1.5887000000000002
4.886653498791087,-3.874578179216859,2.518414612491243,-3.5960009240286417,5.571745617044612,-5.070956891256819,2.0354248505517867,3.0719674711013605,-0.12755512950305695,-3.094377815821531,1.4,1.4
-0.6510088549582324,-4.3873220579408105,5.600111959675017,-1.8442389609034426,-3.2204050588392077,2.3464404929109963,-1.901342888903696,2.816246465244838,1.1621612897259184,1.690214926038621,1.4,1.337675
-7.6277881621110515,-0.9990060489755063,-2.7688724476484774,-1.5837263060585,-1.3880970891692186,3.532903338389917,0.14044594853141154,-0.607684496570944,-0.34071969678968683,-2.1214340663306617,1.4,1.4
-9.164211266470344,-0.5137927085588657,-0.902863999942579,-3.3078895789353204,-0.4073330409419271,3.0348821148796943,-0.9779174478718788,-1.0874362923867196,-0.08685783679310687,-0.24983456954538,1.4,1.3758
-6.311611055176932,-3.3998710321089294,3.0836495869575318,0.7206221229958917,3.06526630593068,3.890891502696051,1.3030872364195176,-0.8016761677763017,0.4461630256223554,-1.628069749323382,1.4,1.38774
3.202747705250447,-3.7034188191627853,1.8722720066200658,-3.9263442491203464,5.067663955912209,-3.5819007011494466,1.7781107035900618,2.846829417736654,0.22509253612837438,-2.731878645551344,1.4,1.4
-7.188243831332812,0.18371010971334673,-0.8211740982468404,-2.542733448128683,-0.3251189357808498,1.4909118760701292,1.210652913416913,1.2392618796794914,0.243484669327813,-1.6116029069308335,1.4,1.4
5.118650042565304,-5.102904742011081,-1.407321046220704,-2.7161856107499185,7.101298887479846,0.03720474086192791,0.422060012849152,-1.3355277538481771,-3.138457151570548,-2.3745074874460275,1.4,1.4
1.9338196038772257,-2.030347990529644,-2.0247911506355285,-6.531120037765894,2.139522739552,-3.9739867942810174,0.8929796455211754,1.6273823754420875,-1.1533456297984628,-3.0550960092804083,0.30999999999999983,1.0014
4.79449725051294,-3.667987525185785,1.6351376417043355,-3.895805167670944,5.459178417880686,-5.0106605326683145,1.901961636008158,2.844388197682037,-0.5827664969688386,-2.8982548872033806,1.4,1.4
-8.413235887119548,-6.353860238072067,2.4574505646575586,0.3329736717157753,-1.1215378864942263,3.1241517025008325,-3.704574281718689,1.2452442337043428,-1.701346021269712,2.1935716089719985,1.4,1.1606999999999998
-7.719502129529271,0.7143770986000373,-1.636052013380632,-2.386456619983195,0.22125837022127864,0.7040692835282414,0.36146944357581257,0.9710851701501799,1.3198858121502666,-1.101629851757323,1.8000000000000003,2.848899999999999
-6.922203528245215,0.46279862167861924,-0.8301981815249113,-4.721048009154527,0.6258875613764575,1.3585211415547824,1.0086618582503133,1.1270421282758085,-1.0825075187944162,-1.2081700961479758,1.4,1.4
-7.79218870361498,1.0552095067577587,-3.290690275650981,-1.3456333742587683,-0.7634603253710316,2.0489082892000385,3.134953780075621,0.8040099158029341,0.37797990166287415,1.8013147891533277,1.4,1.4
-6.875755388362388,-4.631461482706792,0.5766613779842781,-0.570592694435998,0.0190497121716275,4.179718532456993,-0.9732389649463086,1.625959318921349,-0.26221147178480014,-0.4296532938408563,1.98,1.9896000000000003
-1.2491558466733483,-1.6110482975521592,-2.7401427354713523,-6.619954341717707,0.9693456817980549,-1.123119518721882,2.7186383788222073,1.0412656428098186,0.014483783294889292,-1.0263311662585217,1.4,0.9407999999999996
-2.145526969550984,-1.7671311273703236,-5.529717506900767,-6.131196430932322,0.2379233183142,-1.3435311748153853,1.4878315788853724,-0.5163692615710438,0.10555167525097779,0.6895847680255676,1.4,1.4
-4.128585444889346,-2.247829168273951,-4.148198973076253,-6.077039547991032,0.5053489496371943,-0.05134594064385969,2.4091248918186636,0.09746391729710502,-1.004022549155714,-0.5338745655717808,0.8999999999999999,1.3981000000000001
-6.7018430094056916,-0.30930553947355494,-1.0464244548891704,-5.411430987372033,0.35419240236058724,1.0212788129934764,1.1163222217377886,0.7575278179906852,-1.1618736652206056,-1.3619356922029595,1.4,1.4
4.535502611344328,-3.653027597405718,1.8636928540337494,-5.022550604527838,6.20958785329529,-3.3986638520968904,1.9303626148204471,0.5969431359507117,-4.543751258113952,-2.0895107943905677,1.4,1.4
-4.110116808688782,-3.8729480940741685,-3.1938409878877594,-5.636615724693838,0.8510255095447774,0.47836306260225553,-0.4627296215143309,-0.6636408864905272,-0.8674196632414549,-2.7734553997856692,1.4,1.4
-3.84707336963218,-1.6978600864344602,-4.708140167847745,-7.49144488876967,-0.11891159010326006,-2.441694469280593,-0.9051232071815926,-1.1919010297334423,-1.7806321431654895,-2.395483273780718,1.4,1.4
-6.307653160630834,-3.2177670155910096,3.1584288785599064,1.0693641794767061,3.0964575057496324,3.9339077074110795,1.3304885910357738,-0.7922831962602812,0.4388355564173741,-1.6128943912217504,1.4,1.4
-7.062445420883659,0.850606586361998,-0.1860046227820603,-3.5659413587007864,0.025250432376573304,0.6237110837812402,1.495872012060075,1.23881215353646,-0.9804600943446694,-1.192462850729552,1.4,0.01890000000000014
-3.938653750953358,1.3136271710583887,-0.6970515627443736,-4.2862449511628355,-0.6153022044675662,-1.8836964105837257,-0.26274457063807094,0.03627407546200018,1.029672843012057,-0.5834011606115073,0.8800000000000003,0.3428
-2.4483585864682236,2.188151104290526,0.8870025196401903,-4.948163771039155,-1.4742159709932876,-0.016696770294420623,0.9087016033958705,0.8927240383499885,1.3344456241210638,-0.8270928380450594,0.19500000000000006,0.5929333333333333
-2.732737121622399,1.634146104291755,-7.573641825905312,-0.23904868186610104,1.064788632666691,-2.425673679876942,-1.3088776151041037,-0.22456531385444248,1.2198013691784362,-0.18768011526947642,1.0799999999999998,1.4
3.7071539384774153,0.2708543185265391,8.807164463704552,-2.712970439647301,1.2028135766610355,0.6516805847841677,2.4425941891484064,0.4470038469962467,1.9311258961273579,-0.606387991968318,1.4,1.4
-2.501956612925645,-1.1242232550608753,5.9366866408886905,-1.8082733560387387,2.7126307606049553,-2.3859517857087873,1.0364167605044896,0.4026265596561412,0.7057210959361494,-0.1568248543979023,0.9899999999999999,0.30999999999999983
-0.7914115097999287,0.04956076145027489,6.740449345265329,-2.681608464343397,1.4832575950300388,-0.5027094753781579,1.9723240781188045,1.156091042512083,1.0547886408960288,-0.17990373073091395,1.0833333333333333,0.6933999999999996
-2.4902770053140784,-0.5464431926111726,0.018251395591941055,-7.469331617528534,-0.2634118664049058,-2.622333407266107,0.8450569568681138,0.05721966545252994,-1.2846788435587226,-3.0614627396055734,5.863333333333333,2.8454
-3.5887022642120963,-2.740633247104931,-7.440725688729723,-3.6550806125224535,2.711767852985236,-2.531891271962349,-3.239300050320025,-3.10917734779439,2.206506216428942,-1.0351785314492288,1.4,0.2923
4.418094400797154,-1.2597370546973046,2.8995392007343157,-4.0665965599522345,4.733009325919435,0.041132998753938076,1.8697010587574017,0.010167703905301162,-2.501049923087059,0.2747211026326456,1.4,1.4
-7.009899398656669,-0.029114601086233562,0.7594778399276035,-3.405421063698847,0.4161127630414373,0.4680839227174775,1.4800319374255315,1.2831076927189156,-1.900724213327583,-0.7679384194828712,1.4,1.4
1.2164310033214414,-1.1410526258391847,-0.6212520883449913,-5.291745312397622,1.4020697356726473,-3.3192718458409716,1.5092028103900526,2.0279602261434047,-0.6726328993516218,-2.462963325836972,1.4,1.4
-3.114714264871049,-7.069679420727877,-0.3708857641246997,0.07460220995175756,-4.642276235448493,0.9696442824845615,-5.39823579359359,2.7016511259262868,-0.4461562690074772,1.0879538781776945,1.4,1.4
-4.601047286490339,-0.31685694192065134,-3.463172865089535,-7.386927699137941,-1.4895877766654921,-2.446778906492731,-1.3593091056362427,-2.5834819790270216,-1.86938461333297,-2.2018313809938257,7.1,3.0884499999999995
-4.637115401042972,-1.3191360540997794,-2.050100652536531,-6.228153958349693,1.419566802501262,-0.45677972141434114,1.0437263215079184,0.9973238761497634,-1.8017039613513326,-2.6170323974483476,1.4,0.7638999999999998
-6.39763490514695,-4.629049736145895,2.0668440828343324,-1.6432232672049047,-0.4312158026767196,0.6734648260874049,-0.7097589251987406,0.8448571329147657,-2.7230683616068188,0.5520233118305474,1.4,1.4
-7.6182977853655744,-1.2259766800465945,-3.353394165300392,-7.009816376730699,-0.7490166754142773,-1.0970059438989208,-0.9964398586011297,-2.484819167781883,-2.7919272482065973,-1.8358830314154555,9.1,4.8424
-7.790746847089217,1.3323906889671358,-3.3123726234081134,-1.0076465149684217,-0.7547908439852616,2.072511502883612,3.1738767196444404,0.8497440009106657,0.3552326742107619,1.8846307799343205,1.4,1.4
-7.204722340538678,-0.2912679454249649,-3.7599105816488807,-2.0008036308289867,-0.7882726078573933,3.126986881330088,4.752936608662671,0.774758022070797,-0.30388838971751936,2.754724924947513,1.4,0.9383333333333332
-9.070359946276426,0.6000501367009681,-0.5515308913287321,-2.945956065866534,2.11538122527978,-1.8630058525389426,-2.4956126142111836,-1.2264587916182295,0.6465206546271345,1.9097042231648929,3.5000000000000004,2.8406
4.29588084913632,-3.516651912079712,3.8607723898271598,-4.121011794648453,5.95544205363257,-2.958843221752557,2.571696085899361,0.6332738635768401,-4.397532750554894,-2.141780875535463,1.4,1.4
-1.4983694922909818,-1.530002849260565,1.728436314181318,-7.041789324495645,0.2889221452927979,-3.2101820221849016,1.2346218447160828,0.2906308041302493,-1.1823747766733694,-2.5741796916684088,4.6739999999999995,1.9031000000000002
-3.631465097075104,0.3912988495504553,0.3859936529306702,-3.320839542032538,-0.5011556640683001,-3.001463540675892,-0.3831475525859027,1.3761069359368296,1.6505534921276026,-0.42131444935486945,0.5,0.5001
-2.04417774361043,1.486807467586302,1.8531359387628477,-4.179147957106642,-1.4771497171304657,-0.9927940109619168,0.8726439902729828,2.1810812600698903,2.1219416213840163,-0.729108085270241,1.4,0.38080000000000025
0.5489171088625016,1.1001036645177567,1.87294240620808,-4.184865581708383,-1.1657936610076314,-1.8960901978497842,0.8798601179595311,1.8921987313492319,2.882244678829162,-0.5170949855895257,0.20000000000000018,0.7611000000000003
3.83660478070302,-4.082694453147055,3.4895286842441173,-1.498796331998143,5.76186378917905,-1.297255593979863,2.3791654007810856,0.9773777399005047,1.4671709361429248,-2.8894846315216958,1.4,1.4
-6.522358189466011,-5.26839394971574,2.7109937964344515,0.9426916369491644,1.339547775407384,3.841915474600751,0.9392620172876354,-1.077389823586788,0.2869919609145337,-1.358996672509194,3.1,2.5812
4.887320555013564,0.1134147896615293,-10.625732710348768,-5.60148038717338,4.816500429642003,-3.2335932015207454,-1.3375974786276144,-3.346988621499846,-11.270800774370164,-0.14666838357719006,1.4,1.4
-5.725770240153228,-2.9791669716365576,2.8860381903778496,-1.7551073273137785,3.3292636470409773,3.824376284459108,0.6109267501108953,2.2395238925639265,0.1794201689864543,-0.7421403289606948,1.4,1.4
-8.744564374696392,1.2205237640573343,-3.3101336749980086,-3.6792588596480957,-0.7105899977162673,-1.625524601627852,-2.839732532371479,-2.429548250600071,-0.040674564393778444,0.9983511879893325,1.6600000000000001,0.17354999999999987
-4.93538838120994,0.1518128573588371,-1.9002144726555692,-1.8470922645410925,-0.7308903958280388,0.7842113014566736,-1.8676514368377792,-1.0854228654045766,1.785789631300787,-0.2952455213892448,0.32000000000000006,0.24519999999999964
-7.0264647191477545,0.3396511417684371,-1.8144251991907585,-3.0166145562862243,-0.07500343018514288,2.0144669838620373,2.420383324534714,0.4618648760847838,-0.7040663735107783,-0.3098414039575864,1.4,1.4
1.1532661290211474,-1.7572595919268934,-0.4756696906642319,-5.644577427621976,1.2895823211748791,-3.7895092362216394,1.3853688403140278,1.977944557691371,-0.3135023199911883,-3.292204686674928,0.58,0.7980999999999998
-4.263026206031502,1.9889046228990723,0.23709587178047148,-2.5405041300531543,-0.43585867779299825,-1.8853592795677032,-0.3556790480237029,0.16869367707847024,0.38705887922430343,0.2999528398045854,0.81,0.6940499999999998
-8.827094392874162,1.0573045248984287,1.4301970009927234,-2.2953998442761803,0.5859318805255883,0.2747185287023076,-0.2103978386110346,0.0007936457733788301,-0.644319070670837,0.9974729073979348,2.36,3.4892
-3.632737298145214,0.42485923672956694,0.7891301752622842,-3.5883048985935013,0.01512284508506978,-2.312098523714249,-0.23042108772147732,0.2773961352414596,0.8357064464147449,-0.24703210876615833,0.2400000000000002,0.5497999999999998
-2.07379805377348,1.560539755085996,2.0894364126695453,-4.489393913851811,-1.0974522956688715,-0.3457328278527445,0.9439938192872235,1.10512104852662,1.221034776388141,-0.4908240374273896,0.013333333333333197,1.4
2.0155889935180222,-0.557391023213046,-2.1094584068986197,-5.525289071112577,3.7420863390640284,-1.0081424588870134,-0.9069986807544297,2.8231578392679366,1.4236436373564139,0.007420093941900094,1.4,1.4
-4.343073837229584,-1.2795272544837413,0.6757284597642377,-0.8973478929690936,-1.5518867037100617,-1.4640018494792373,-2.43147645398761,0.09557860759000367,-0.47750619916333775,1.561042601486008,1.1400000000000001,1.3930000000000002
1.7671496993756983,0.44214661632819524,0.7644781879475031,-4.35440025973691,-0.6082747547851105,-2.4190676813698135,1.2035306365574572,2.336957193772997,1.6877677199053804,-1.3037048870886112,1.4,1.4
9.675378229582092,-4.68508323906399,-0.7469430726404153,0.7623663847175066,4.995837726697989,3.995975479324844,0.09538974223874935,-4.265885625624729,-0.31092059272815875,-1.4743154654709247,1.4,1.4
-2.342553417137282,0.11268583669859591,-0.34704879857075127,-2.7426996511515696,-2.5776547516474713,2.950191858166186,0.6561822651539357,0.08969450848197834,2.463945712695537,-1.849222040941458,1.4,1.4
4.803373010301872,-3.630562295989067,3.8198862072061353,-2.6011370131970497,5.044946051306397,-4.948426718434522,2.4946085013545476,3.2505945048463087,0.4702702953003996,-3.225598384262159,1.4,1.4
-4.16120630168215,-0.19013612470395358,2.175920403377828,-1.2204536384078382,0.6078910489448006,-1.7737285566749539,-0.5726105637304014,-1.5745393722804837,-0.016698631021533013,0.7601220265357905,0.4500000000000002,0.29600000000000004
-9.395436641374996,-1.2875271061871536,-0.8915302340203058,-0.7462473801771987,-0.9200150080356272,3.3661476901075478,-1.6798043771198854,-2.1494984007856823,-0.4423556755508506,0.09997367697760072,1.4,1.3807999999999998
0.3772580238092742,-0.8853165399906107,0.6382429908428139,-3.6828914429149227,-0.655786013810899,1.6408528692380615,0.3137786136487694,0.4792527659535813,2.936906235455185,-0.5364631288494854,1.4,1.4
-6.817789617226776,2.031143585292761,-1.1894905821817585,-0.12210652837948939,0.32611845782931675,2.10792597718668,-3.0406415188825853,-1.423592655802094,0.7861807621144132,0.6862203181886506,1.4,1.4
-2.747352929543564,-0.2739905749249933,1.6983109134586385,0.7183099925835612,2.5775158531722817,1.8402226153717214,-1.8241316422965026,-0.7512679079179219,2.1229069595693377,-0.17433593181208193,1.4,1.4
-6.666580654845685,1.0540944797102907,-2.451408170468921,0.7408567018188177,0.7667865771697532,4.311499900397349,2.0128381581407875,1.2669145376638027,-0.06506731175675788,1.0972824195103383,1.4,1.3781999999999999
-3.912209455708812,2.1615671292002863,-1.0897085190720974,-0.7168553784537385,0.3910108298348688,1.143993493625855,-2.2099799304019436,0.09302985045298255,1.8077206920139408,-0.24454087557258644,0.3800000000000001,0.027500000000000302
1.2230454514234321,0.3032373196133837,-5.653331969782265,-0.351281564874648,1.9980174392258543,-0.2601698824036127,-1.8587925474758742,1.0539123852801575,2.717343007014448,-0.9507840293256284,1.4,1.4
-6.858503830421358,0.4251649724854531,-1.6955083567508034,0.11059189010573268,1.0531401100369697,4.248495355856702,-1.3265278989998355,0.40750633362740407,-0.3087838789765262,-1.643201686808426,1.6800000000000002,0.5934125000000001
5.495959523323685,0.6507213993999462,-3.8804724664127743,-3.333163541359495,0.46641356130147,2.7344828414777043,-1.7421261597581361,-0.16194048978617648,3.4425559480344874,-2.2018752338900476,1.4,1.4
-0.07320167217326458,2.6611610180775673,4.471074863515456,0.1963183251700161,0.9335345323351195,2.967452481109896,-0.15905808286190246,1.027011563216232,3.488085149192118,0.09437219811569406,0.5999999999999999,0.4157000000000003
-1.84636269741081,0.4918031552377532,4.306144797466054,2.065133288186605,3.267376455012964,-0.10403568233044894,-0.51417432597108,0.8404210943114999,3.206505550688695,-0.4644385986660615,0.40000000000000013,0.18789999999999996
2.329229337733501,0.4000340971913345,-8.760234027343868,2.6673147158045474,2.5432561558446363,0.6609944260102266,5.244112559565815,1.6891922355651448,2.051332326728976,6.89051278525965,1.4,1.3875999999999995
3.1452136955865813,-1.8509229389299844,-6.499188681391441,0.18886646409963254,4.185756694234978,-0.48841274618447095,-2.758514697416686,0.43162891560873695,3.1345882692510814,-1.1329054981197832,1.4,1.4
6.249754588245407,-0.8299558390707745,1.195566150939631,-1.5855205704747317,3.226931685553794,3.470229345929319,-0.43611084346491896,-0.23517747247762955,3.3381816859435864,-2.401611311811071,1.4,1.4
-6.549261594178307,0.5739065053090702,-0.9703284926426571,-0.535035306095901,1.4517418497606027,4.218515702276983,-0.734385373351132,1.3219719541892256,-0.0691921681525283,-1.756184067497824,0.07000000000000006,0.6512000000000002
6.596585587688797,1.0055519209822703,-5.369767186468112,-2.4526185012203134,1.2247198087604279,2.3067237250255945,-1.751387350032881,0.40725453470147044,3.9276756145549254,-2.5198510896303015,1.4,1.4
-0.1227908253705414,2.0266546474693996,3.1931190949385444,-0.7907034457758223,0.3359111373684579,4.402393438373664,-0.6431904530654236,-0.10090615219339083,2.7670651174514598,-0.2503340535603101,1.4,1.4
10.17471646910827,-0.6928455007141843,-3.1796148893873495,-0.5328709650483694,5.375601700701307,3.9021150570630616,-1.5988256528996863,-2.5518895044813616,-2.0141779548509233,-0.056646877928238935,1.4,1.3151999999999995
9.510571906965003,1.5546468743938326,-8.21752209496262,-2.518551244575585,2.52167500837881,3.612000352204116,-2.9507467465001924,-4.159315192136705,-5.562331782891002,0.7751822631340014,1.4,1.4
5.006124174685911,0.4858537208310552,-3.5569256125211917,-3.6771561813784914,0.3602673956174078,3.0601934845228658,-2.063054593635959,-0.8135862795283887,2.9402373421587926,-1.8733362161663132,1.4,1.4
-7.111549200164888,1.984445113656999,-2.00535832596489,0.8450517029780202,0.6095750700372392,2.787282546610825,-1.5328355348831875,0.041570877168583764,-0.2478810562406655,-0.5420495006638756,1.4,1.4
-3.7123941998836156,0.4346066148884592,-2.537225261669336,-0.6695468383778337,-0.015647512695017057,2.136297946213852,-3.0682449809465866,-1.3435737612925358,2.040061492047243,-0.6349225244478783,1.4,1.4
-2.5871396003096607,-2.17420026783045,-3.9095758519017725,-0.40365779052824985,3.18791611404901,1.4619073163670948,-5.524756718771071,-2.743721422224683,3.87947530223764,-0.5245293926033674,1.4,1.4
-1.3456168863075246,3.167625756396452,-0.7661744118006436,-2.7638350332981227,-0.8831281240765512,4.879403217170375,0.3909227949268677,1.0346492703258583,2.834074787474832,1.983213220892792,1.4,1.4
4.566432047679637,0.8279207354963011,-4.765912070847826,-1.7990427433870544,1.4498712553246182,2.4214724019293,-1.53352601488451,1.041161694672041,4.37984629264326,-3.198378037419411,1.4,1.3677000000000006
5.477829407984765,0.46043346444325944,-5.141987499304554,-2.294834911152467,1.5553914708272258,1.6023288665388002,-1.99712830586939,0.3371929794932224,3.741024471445187,-2.1525107192833746,1.4,1.4
-8.675533890535545,0.8020464520890049,-0.8992086424886504,0.11720923974153749,1.0640315819802992,3.9768189649993095,-2.9064343600094875,-0.9790131592542519,0.1299935679403566,-0.08110417805927247,1.4,1.4
5.689800833172073,1.0463914833294914,-8.416043678844442,-0.3777151989227553,2.266106559331983,4.154812297740745,2.577511488537526,-0.5167616848690366,-2.343105887538862,5.465359167869223,1.4,1.3959499999999996
-3.822564774280192,2.397074063741936,-0.8296495722036594,-0.8854920098532112,0.6098548784452141,0.8961685598410694,-2.067083128135809,0.3922127152516163,1.7037715542521443,-0.13724521149106864,0.6200000000000001,0.21830000000000016
-2.5125216494369877,-1.605299715790215,-4.962590274733107,-0.20224935570751285,3.9206599500209203,-0.3493769803391965,-5.242249017571821,-1.73097398710784,2.4318236793018557,0.06409085662949324,1.4,1.4
8.709565579352635,-1.315034800539808,-3.323126097291939,1.1963674006359066,6.942885484603283,3.93669573388552,-1.2437714680110314,-2.8935316151942327,-2.6755682028236025,0.015229395167762562,1.4,1.4
-1.0596829709731845,3.6773050297965386,-0.3178360349255988,-3.4057712132007993,-0.8368263946361972,4.074094351855444,-1.5056604343776676,0.38110249348527253,2.342266788488729,-0.025352492827655823,1.0500000000000003,0.03959999999999941
-6.332431233372692,0.6810958565731539,-0.8471804648020309,-0.9214568301237229,1.6762522526736177,4.123617939286812,-0.6622908376028435,1.5674215032419008,-0.04399583399208555,-1.6984651163637108,0.6000000000000001,0.45209999999999995
3.052302071630657,2.024052505862154,-6.32715388200201,0.1070327145734449,0.7573637479206631,2.820212888904029,3.711809083409526,2.0443484387368493,2.6489586715887774,3.650720302123502,1.4,1.4
-8.986682412439356,-0.6587515636014362,-2.1363207240046584,0.11704074448301421,2.820995183093501,1.5265420627471273,-4.44093779092077,-1.8773119924713062,1.769785677345477,0.9603948878704855,1.4,1.1617666666666668
-6.4442268672763205,-0.617429513767275,6.1912005140454545,1.7781796768701958,4.327283632901086,3.02333067789765,-0.2632017714636695,-0.37593943613418973,-0.3692896049974668,0.3815950348454822,1.4,1.4
6.754497868970489,-0.20888392539957662,2.151481918090065,-0.10636815695535819,3.466170158470462,2.830839108978729,0.12542903276329256,-0.0140569859390769,3.572574995271756,-1.9292620556534525,1.4,1.4
11.24387871085249,0.8455015449198434,0.8976991801775309,-1.4963396840082048,5.361068846430145,5.361568550040041,-1.7143383090012114,-3.939268438156557,-4.263345972007931,1.91551165899244,1.4,1.4
-0.057324556481696425,-0.13063960145424824,-2.8416439513503997,-2.9766748321912138,1.9036665952936422,3.4017386341820974,-3.3553727956080475,-1.2289349276552668,1.7955228493096553,-0.6128395474333959,1.4,1.4
-0.9152345327231705,3.127072344272637,-0.10809049380022998,-2.6364028995587714,-1.7734313800889971,4.411855523269589,-1.5024984981794551,-0.08496488460284615,2.8053794286419476,-0.8976929527085917,0.0,1.3947272727272726
0.860506654602101,0.5088329402233122,-5.287467509275977,0.5306075889148243,1.6372163481036444,-0.6999967252038,-1.9537033273769773,0.7964378243397535,2.577308902650124,-1.128374721063068,1.4,1.4
4.086516010716119,-1.9226589886809282,0.10447597528119977,1.401786798284335,5.851712375358913,-0.23004542234648578,-0.1568810295162708,1.1270517603147003,1.8369666245052574,-1.535114993872524,1.4,1.4
1.3551539575088296,-1.2577040321510313,-3.7529596754066468,3.6423814586143854,-1.216205715559153,-2.876779876886782,2.592941446172943,3.558594015424943,0.6157766618224452,2.4732015350043755,1.4,1.4
3.1790713479652126,-1.1016129789398674,0.3588262004476809,-3.362804982046143,-0.6373461250727438,0.39176540674122273,-2.1621170268861105,4.503778124294202,-0.384845830117748,1.4969742606302696,1.4,1.4
3.370090903699614,-1.5435890318715966,-2.4788909608798315,2.2293018262119717,-2.687855065463547,-0.9950566786217014,2.9847453247015867,3.0618863165179966,0.3473899850515376,4.156699517890107,1.4,1.4
1.7726641316423315,-2.794824319045021,-3.5889941673850716,3.2529112883749787,-1.4747883903747832,-2.260191598107585,2.6478923428247154,2.916444293633332,-0.40481125175592636,3.913337695645138,1.4,1.4
2.0946442872952713,-4.192650234974159,-3.4763093494606148,-0.2730191291992908,0.9883492187074293,-1.0388376736376161,-2.6383710701368908,3.0506361541739015,0.726662206912453,0.3577709273823963,1.4,1.4
5.241748135376061,-2.4304253112979888,3.1060584223296495,-1.0538079601298325,1.7491681372199313,0.17375410001173816,-1.3130343427170028,3.622662864138082,1.0701799902690785,1.464617236898357,1.4,1.4
2.898648235740013,-1.3214907771587612,-0.41857118314182384,1.3236196799436393,-2.9855585434888043,-0.8248390557065683,1.3262201364079085,2.840813938158036,-0.041043338502164295,1.7675148712067983,1.4,1.4
-1.0640147783916767,-3.4109762598369953,-0.36998543667833356,-0.7551428331776779,0.20110700439801754,0.8789974348139006,-3.0413602512624176,2.598269587882507,0.19209252334267665,0.12814529649101614,1.4,1.4
6.795446902304825,-4.339945885796715,1.8801993990814196,4.7146358503552195,1.0589041402230859,1.279562826742271,0.0511270138749488,-1.6411005585822955,2.590686096459707,-0.07292519679935087,1.4,1.4
3.4535972079288517,-4.336274918818348,2.216097663624192,4.35470758214482,1.4836845605110265,-2.017487852001898,0.5137284309636734,1.4372111663323068,0.21959529176318965,-0.23866339967007635,1.4,1.4
1.9586222323655091,-7.051452504816976,-1.5697759428693108,4.942008352191436,-1.5809739776702414,-4.228864062333956,-4.693682947885874,-1.2422671442201814,1.1267319963580713,0.9738894347883748,1.4,1.4
7.630593257627741,-2.899714946071534,-0.17551897996818988,0.033889399552071924,-6.4321077844544785,-2.7482045766657315,-1.486266365550545,2.5616317369592543,-0.9149111572591093,-1.1324482516507022,1.4,1.4
3.0790226789982653,-2.6662107220659648,-6.530037465620633,4.560495570650688,-0.2512879121258849,-0.36877594412382464,5.535282485354294,2.062079518312448,-0.3347417595872356,8.688850536618906,1.4,1.4
3.2511216899518693,-1.2304592835129962,-0.3433475695005632,-1.2118943872654286,-1.2336875675836743,0.10534421260864038,-1.891254141767423,3.50131095400096,2.1083000235872214,1.5943389931819894,1.4,1.4
9.56484878859637,-5.010479206079097,0.8752041816348257,-1.4586338204315046,-1.5902683007598004,1.5643584978798168,-2.560502056680024,1.2496206040397684,-3.169438257626392,0.2906680362667258,1.4,1.4
0.32363786320501237,-1.7001106855854768,-1.3157417182543627,1.8772072073212067,-2.0595317419022217,-0.35374998352857007,1.0468265585021208,1.6466798416689117,-0.2658629245156425,2.791903857425376,1.4,1.4
-5.963895335682886,-4.308235990864626,2.017722705515536,3.0156597161538743,-3.3885573189911233,0.23299750690634224,-1.7344183581722559,1.1238351583882016,-4.1007352920333915,0.7612177830060728,3.0000000000000004,1.3258200000000002
-6.208306897930798,-3.241865315012141,1.47068659204988,0.7336076898001517,-0.35751890674934883,2.7521322826313064,-1.818586887665849,2.4587908460144465,-1.6788052369856619,0.5378763793871806,1.4,1.3799000000000006
-2.7809485522666932,-3.1792168132148806,1.3232321212243123,2.4931223855832987,-4.418552797741243,-2.2283097932687452,-3.6421206669992006,-0.20277848979707663,-2.2635986667075283,1.504068171805223,1.25,0.03915000000000024
0.11740890413440534,-1.1310162046867533,3.7572260018808437,0.19147532858970723,-6.05256178689703,0.012569547594693756,-1.1471198928402384,1.989136646075793,-1.093220327581547,0.7530344577071123,0.3250000000000002,0.028499999999999748
3.941157265510164,-0.08726057287503938,2.780876449589709,-0.9348850680841964,-7.567821836570349,-0.6250194556740946,-1.3563709284151952,1.5457448813718915,-0.3241337271729657,0.7332098632728482,0.2799999999999998,1.2254999999999998
0.6575388514568884,-7.576717726191058,0.10935897230450534,6.157769707201616,2.1110696065744663,-2.4701384613646065,-2.6762750126709878,-0.9682719200908991,1.2832537026675632,0.9471955692077474,1.4,1.4
5.844130578413354,-3.982675700652508,0.40668273580952335,0.9838883057318821,-4.99697823760202,-2.9029229521297424,-1.2540907193103588,2.9324085713750048,-1.252810843619138,-1.1008851620227642,1.4,1.4
6.131120543412999,-4.545081273096661,-1.0036549721736987,-1.186333782692676,-2.616844961421922,-0.4707645652012538,-2.917154662672681,2.633914801258815,1.0163608335021268,-0.370181181111363,1.4,1.4
2.7532489043294484,-7.117226907321938,-1.637305352264239,4.372539161292654,-2.0232614973027445,-4.006510383976221,-4.479466533434503,-1.0985249834756212,1.1059264203076333,0.8190977945351807,1.4,1.4
3.8108801510293806,-1.532391730493459,0.744253333275632,1.3505473781105493,-4.2686559740750685,-2.757337938419895,-0.6839013756863187,3.122222945975122,0.35596646180041785,1.0611170721679988,1.4,1.4
8.479092749987764,-2.93567262750491,-0.9220770186166699,0.54115099689039,-6.725764689175132,-3.0168277281917306,-1.6842480803413655,2.066500307335073,-0.6491209013951902,-1.3051835313559046,1.4,1.4
2.580101412163214,-2.6512827268393906,-2.9576550995984623,2.954462911776572,-0.09804381157552905,-1.6090612833903433,1.295971499455858,2.2945929484102305,-0.6328553362006649,3.611711597775429,1.4,1.4
4.008096912700405,-0.2813191443017098,2.761237097875715,-0.9382419959603265,-7.631882033822696,-0.6453809979884847,-1.3847923096519688,1.5736948257355903,-0.3627951989935118,0.69181770173705,0.20000000000000018,1.4
11.048608029659356,-4.039112469695382,-4.664165587107753,2.5367889914826716,-4.9045915930405295,-0.23174719625833876,-3.101163690232251,-1.4665854403379104,-4.571046779248708,-0.5399395013294517,1.4,1.4
-2.6972838183407815,-1.0864423673882904,1.9090798704823484,1.8595851435272124,-3.131360068986579,-2.4629293163108694,-1.816739050663723,1.5816124462433618,-0.3155520585760145,1.2419010720824137,1.2200000000000002,0.5952999999999997
4.789634647605338,-3.5931515349543472,-1.071920284762829,-2.1989186900389854,-0.9155180824834387,-0.4683265652526798,-2.401274976018551,3.5675145683907603,0.30916075330226733,0.3610730748574609,1.4,1.4
6.464857078048128,-5.666823539120798,-2.8342677942946977,2.3913119046286084,-2.6835567626231054,-1.493858739973793,0.5291929502069909,1.0835883195807978,-5.148455493750325,2.8156473999656058,1.4,1.4
7.278504001083477,-6.11211783479173,-2.089504870813437,-0.514401670917037,-1.5437825469376054,-0.21456809050242034,-3.6119319358359547,1.278588741977024,-4.400356752159495,0.322835509259976,1.4,1.4
-8.002388993813229,-3.1082499887127737,2.4191390102387933,2.9369752350232448,-2.9261365375109714,0.12472132988952252,-3.0856305031245164,-0.18050779887112042,-3.4234087981110397,2.2399652217604102,1.4,1.4
6.804668821708767,-4.126186423099314,-0.0008791658828235209,1.0052462950636376,-5.47055069671567,-3.7524387108401718,-1.5630613397755384,2.292170654487533,-0.808687296014672,-0.8057890951126104,1.4,1.4
6.548878060943091,-3.9817351122061426,0.13363170406350197,1.0521810377546692,-5.380027593496528,-3.791957627069001,-1.4891126237788277,2.3770071008943057,-0.6160383745509804,-0.8215845240140244,1.4,1.4
2.5081321257216365,-0.8202111603239668,1.2602425126752654,-2.2306827464769725,-2.44952423321435,-0.01363171507285092,-1.5866140215107898,4.0280598620359385,0.2813204062654336,1.776006062657716,1.4,1.4
6.744210588392789,-2.915579911692302,3.689181315956089,-2.654703117768343,-0.3959056785193882,-0.7910635037527806,-0.9997472250444103,3.9001049832477896,-0.06830838479337066,0.11132226734530243,1.4,1.3898999999999995
1.9357702739081657,-2.235866074101696,2.263369198136774,1.0870237975711856,1.9058100212885662,-3.0019103753152168,0.20168248759253374,4.73929938007046,0.8621964306604984,0.37122840550897035,1.4,1.4
2.608169599474372,-2.671023339264908,2.7096291810415702,1.1743180601799283,3.443714702277079,-2.7647104085725243,0.2345505521123073,5.044413103742472,0.595167295317865,0.1326383043768006,1.4,1.4
3.8259452974200103,-3.1838579988088522,0.9123828818947204,0.6167430891028355,-4.680718737956807,-3.029725148533805,-0.5611620388216608,2.686522370635726,-1.790131236270971,-0.6231663617778881,0.3599999999999999,1.4
10.212924232803347,-1.0466248390563384,3.6304405007023575,-4.842232257278884,0.051735923650229415,4.001739748612444,-2.5689572229558686,0.782504768099511,-2.778085063985128,3.242624675505812,1.4,1.4
-1.00416437552936,-2.236787339167666,-3.5591474930295304,5.3044797595515,0.3834433457061594,-3.944694522090567,-2.0793951856964377,1.2212336993455828,-0.08212057949473896,1.7174615959654584,3.5000000000000004,1.4
3.3111742563691373,-3.861682185161504,-2.0767844393658503,-1.1627597479557505,2.927146708435834,-0.3618012963284147,-3.163201912171496,3.520234999397256,0.9688407641196369,1.991708401617483,1.4,1.4
7.035225683035133,-1.8784734821219384,6.021948324580841,-0.2634164249884237,-6.153172124134789,-0.4494514043124677,0.33654902884681603,1.243045345837626,-0.6382919994401716,-1.7557918634448628,1.4,1.4
3.048558259342523,-1.7083383640807208,-0.6638505839147157,-0.4085875191203438,-1.3505099413553796,0.0018679438264046428,-1.4697478731065239,3.5089055134404306,2.486409769669145,1.187299920459335,1.4,1.4
-6.166396371266789,-2.056190110218971,1.3459937135148483,-0.525497579199135,0.8915732947936224,3.282416575014336,-1.1381824170664432,3.0400739014588964,-0.8909784444975508,0.40850634043123685,1.4,1.3892000000000002
-3.892082461120366,-3.884384728486706,1.257843414293083,-1.529133247749443,0.17144904265737382,-0.43334491853735163,-2.6104250013236934,3.150308144878733,-2.079421730674485,0.7734799519254326,1.58,0.21369999999999978
-2.7955131966328635,-3.81597752392099,2.270004051505728,-1.8479852792547162,0.1481176595360173,-0.11937415905222433,-1.4476948797073386,3.959528184501331,-2.1849096768265417,0.2241917968371743,0.8599999999999999,0.03209999999999935
9.87199043414809,-0.3677583710755868,4.794734322851744,0.6733642939810462,-4.769751257497796,-0.2284096708565959,0.31819344626665824,0.8763082362093988,2.3494298811223766,0.355370165678586,1.4,1.4
5.492481407301504,-2.810078747962746,1.191839928136533,0.7382610522254746,-1.4512310589736415,-0.8101718119133897,-0.14637560539973565,1.1142910497513712,-4.7330749341093945,1.4551516179128483,1.4,1.4
-8.187069151178774,-2.5935242890420214,2.3291862940835975,2.784832491598022,-2.8403599061877625,0.4644769248555596,-3.1784565627535972,-0.53772769430207,-3.8931381067810107,2.457167944435534,4.75,5.511533333333334
1.1946290739773902,-3.034258150255888,-3.5766734658068087,4.030216730433907,-2.127975741873174,-2.2793744205540034,2.560033857154068,2.8131450385354584,0.5190957817067633,4.7534704289687895,1.4,1.4
2.243578157790214,-1.0919714459849568,-0.11312650590298913,2.02135001838158,-3.638385915311504,-0.6904708818661212,1.0922054952974147,3.761932433139725,1.0568017491052435,1.277530558227906,1.4,1.4
-5.630498951820645,-1.8729079157107416,2.54553046831139,2.6784671782459513,-2.2930458270414458,-0.6041965113691637,0.022373293560431214,3.4377270258250694,-1.8123835783349656,0.26269279703662823,1.4,0.32645000000000013
5.309452211607763,0.7250538891021346,0.4259511771457386,0.8271901372538654,-5.7161635022806125,-1.921663311863026,-0.4796987384939212,3.006157661057639,1.2278354339330733,0.28942348977325344,1.4,1.4
4.305611849919011,0.5295785792353844,-0.20661014383378465,-1.2949181846823645,-3.102264320915096,0.5147242248397743,-1.2512319604267066,3.4823920939872544,2.76203947367361,0.7517763206850094,1.4,1.4
6.40249225986319,-2.7753257830669185,3.1758572855083287,-2.508195769342772,-0.6285809616223816,-0.5290199860148924,-1.1022091287905673,4.123195829898188,0.10745546083253643,-0.04550582736491365,1.4,1.4
4.096989845966609,-2.844393645589345,-0.4341489161496559,-2.501112980919677,-0.8246889912290852,-1.618062405632395,-1.7332669401413143,5.115517631704554,-0.3888634732652632,0.10267309371644488,1.4,1.4
0.548522331284815,-2.0491578200941567,4.26341336887525,1.895707520463476,-4.689536580731054,2.3182107745488794,-0.4951646717341199,0.7653390864910954,0.4669923973857041,-0.13782210094355796,0.2100000000000002,0.9043999999999999
4.624772914686801,-4.007241448151311,-2.795205822934996,1.9437609714127857,-0.7941348307429988,-3.4815125659625448,-1.7284952807849525,0.4614892362233915,-7.793962959812663,0.7547630631649674,1.4,1.4
3.9051054746486726,-1.723539842058499,-3.4395258077117004,1.1919050061790406,-0.3008766041320809,-0.07660508096568086,1.9886058578493415,0.9182736963679842,-4.099138484666623,3.4463620907848354,1.4,1.4
4.019006047120317,-2.672772256834086,-2.9701792449585,1.3932282217882055,-0.5946686772570264,-0.22932489845736195,1.7029581761884236,1.198323320066856,-4.324750195846979,3.398187490846037,1.4,1.4
-2.5634081578949686,-4.317986148979893,1.4726579900844237,2.0003476296992018,-2.2525107642447884,-0.4895884018103455,0.3438252341023941,2.3793996246340168,-1.8546315767603843,-1.174955273416659,1.4,1.4
-1.7047043730904685,-4.431105459227457,-2.4717694950163627,5.4182854858853515,1.2675702040349883,-2.7281944580411657,-2.813272373607078,-0.12541091457679934,2.5522249264768435,4.225526622626092,1.4,1.4
-6.22430599191788,-3.661955541888897,1.8355268838041516,3.0233517542640667,-3.171611740434421,0.2981530112161565,-1.629042517229432,1.1320706539360448,-4.0763948710855695,0.8223513635024705,1.4,0.71776
9.836975693514495,-3.746514546601898,1.779042770003837,-3.503297873606443,-0.568350287887467,2.2319159419427055,-2.4289654249449173,1.106863729924876,-3.3838369962129287,1.1929758090470046,1.4,1.4
7.249384336035211,-3.9740380070372385,-2.6292736301759145,-3.1706668781436997,-1.0515084597312325,1.3931945463294613,-3.430674285926504,1.9016278564095517,-3.8833116072646177,1.1467612254851915,1.4,1.1732
5.726488301912809,-1.901428004271668,0.8976008612243864,-0.6194056976980086,-6.699666844621997,-2.505656108707026,-0.8515916049125185,2.0992893198939226,-1.1336734728869369,-1.0063673486190736,1.4,1.3784
4.89363782368382,-2.1244723584699208,0.16225667102771676,-4.131975103946332,-2.3725393453965737,-0.20185453660037156,-2.3782735769224645,4.1002562107434075,-0.8137288144019954,0.41696865331801725,1.4,1.4
4.2967782777428365,-5.076613958252168,-1.7495161411742841,2.18048876449184,-3.200378988664445,-2.0807128948694498,0.00872701207458508,2.0753144144422193,0.15161740293215423,-1.8970605358103796,1.4,1.4
9.544293207921749,-1.5953964355724146,5.01595065318168,-0.8276342578372111,-4.44315637312646,2.001346514340922,-0.45759947666794876,-0.6656065503092929,-3.6514169108554797,1.3485756746138182,1.4,1.4
4.938657629021567,0.22006940355662677,1.475353794075641,0.14613898164416023,-6.6721880276717,-1.5464617808282977,-0.7357243552635031,2.6006490781730682,0.632377335029357,0.10234551541829816,1.4,1.3863999999999996
4.747555268195172,-2.597838073465328,-0.5665965005591033,-2.953731071539914,-2.291383721620494,0.38680846277292075,-2.0930423114863728,3.444896837554244,0.6019609895179747,-0.1852248521491045,1.4,1.4
4.929695179035955,-1.8100036694139894,1.6760648645706429,-1.1561875069084688,-7.230642269914981,-2.054294230520043,-1.229364572818452,1.4698277945516862,-1.4393241007242583,-0.9510588931144821,1.4,1.4
3.8090343562748954,0.43921391807709187,2.78471099682818,-0.9210492928992327,-7.381733057449156,-0.5722323021067812,-1.2877381459700556,1.453965878792995,-0.252435475713029,0.8569740374339558,0.9199999999999999,1.4
4.163515641801738,-4.4138734480544795,-1.7302651481097988,2.397706189345189,-2.7996651464512903,-1.8118401803144908,-0.1363057793358241,2.1502923004866537,0.14150982348909769,-1.3921616437801427,1.4,1.4
7.358832574205104,-1.8439434211999344,2.893583840203817,-3.1205073152714524,0.7275201031442003,-0.14057878603581073,-1.5897030477363103,4.460479249861198,0.6927736340726823,1.4421211549109758,1.4,1.4
7.3099799730750625,-3.0826742856712106,3.0230935208000767,-2.3422703655103123,0.39986872634644777,-0.9057475432018356,-1.2328419361329244,4.639642876511276,0.1667099878449564,0.0627605989783929,1.4,1.4
4.511334962130019,-1.846036528186371,-0.48777897848293317,-2.7508977694640446,-0.5275581349117702,0.48898600543498627,-1.8256140400524086,2.9370055645173756,-4.001283449753026,2.2742029347661155,1.4,1.4
-6.462921540680445,5.81212295609691,-2.3935765619163587,2.143861667743371,-0.28507393033389117,0.4504492110976903,0.3048778991161037,0.0743596530755176,-1.867211583870803,-0.11024193962544677,1.4,1.1782142857142857
2.4048120446089403,3.8939460925599114,-6.287150207113703,2.9147576716679984,1.8127952482381358,-1.5755682862499296,1.7932271455238424,0.9959039531619842,0.19920905952195161,1.068339892966084,1.4,1.4
4.02878480036115,6.205849961028144,-5.4852820631104935,1.3116767726308396,-0.9880458703202237,-0.4874358569216748,1.6146679615548023,0.22257963919857965,0.5169077129019799,1.3024205955160222,1.4,1.4
1.0104323971802767,-0.3527652392088223,-5.1948760378471075,-0.45089279758461687,4.503242683822018,1.1165957187284594,-3.6793132486885454,-1.409518725234397,3.2416490159439766,1.5276786733867453,1.4,1.4
2.740841664303539,-0.5106847168719033,-6.101152182410977,-0.22727699335727722,5.063117347268197,1.1591681199563726,-2.708393253036831,-0.4126763990926534,3.150397531340031,1.2872108212968965,1.4,1.4
1.2466859361572704,-0.427554540904194,-5.265599533039389,-0.5748593820912042,4.547020131852819,1.2685849396570212,-3.725524802110089,-1.3993648707632727,3.140583979060921,1.4170783604967216,1.4,1.4
-6.397530147476329,4.993455274228323,-2.189396495740698,2.0512607563731087,-0.26106041386617224,0.9491110237520296,1.1369195588453507,0.22301484952087913,-1.3163140028724432,-0.44468316454622686,1.4,1.4
-5.703344901581926,3.9528160629528966,0.8647385812581487,2.3789926514854343,0.8702318774871044,0.7668067164819324,1.947070874087505,0.5823941799334723,-1.910604643181478,0.07205276600447715,2.44,1.7568000000000006
4.121640814238359,6.2166876764187196,-5.640366810513932,1.2717467095085826,-0.8784945408741625,-0.3702077660476763,1.6249101635052865,0.11923605484258808,0.2003775411622976,1.3853730362795675,1.4,1.4
6.930404453883744,3.425286240366542,-1.204656823051356,1.1383202303813265,5.8678121836172,2.1995734113318455,1.172212502850075,-0.34289107296734134,-3.2826051698793415,3.1648315142359005,1.4,1.4
-3.1188730828747797,5.332237367771883,-2.813773453452946,0.9844781612550105,-1.120263723524383,-0.6552862441073065,0.4084087745351726,-1.2552395400977052,0.19337328601288814,0.6313095575282596,1.4,1.4
-0.6308627332404104,2.7750822022666055,-2.857829230213609,2.8364557124557965,1.6872039455491583,-2.3130120641282352,-0.15884977151231602,-1.2982903028528978,2.1184138413021603,2.8784043266713177,1.4,1.4
-3.9358601099310895,2.1083833698014476,5.914492393218248,4.542719928125865,3.677476323594643,0.543368149662408,3.19635454872617,1.056066065570734,-1.600053938370128,-0.016264472229060807,1.4,1.3615999999999997
-6.41835000863845,5.133528392851713,-2.216107171363751,2.065951863864027,-0.2701891319823296,0.8373729220000734,0.9711107289506873,0.18480127739072044,-1.4133061610942241,-0.3694489308753576,1.4,0.401
-6.444685440464664,5.333346817586336,-2.256101586164464,2.0862702474934993,-0.27620877273231614,0.7211274232159418,0.7699324235614772,0.14665323869793062,-1.5620674083514827,-0.2822883716198297,1.4,1.4
-5.55779168195417,3.142042369081907,-0.4486707058971676,-0.5091114556058268,2.2916484327928646,2.5906221698342775,0.7907476259641699,2.082805781010227,-1.1919106470725334,-0.14177147561537787,1.4,1.4
-5.699345703401236,4.952252978585091,-1.023626560912345,2.0441325202221416,0.13717238790640507,1.2455921767618334,2.0753291079166964,1.139683887668009,-1.4714917520248074,-0.9684118377634782,1.4,1.4
-7.074340115832455,4.799136920841366,-3.096529784548294,3.344730184071582,1.0486782907394647,1.4321834104542248,-0.5226905770102236,-0.9051312276969636,0.9529588184243908,-0.2196771313560507,1.4,0.8519000000000001
3.6756613070980717,6.384683288273167,-4.8669993735271735,1.174870328821197,-1.2018492601568962,-0.8148269954003149,1.122670456406484,0.49113391526032313,0.7854986217379214,0.6313363675032471,1.4,1.4
7.692433900532073,3.14904238278719,2.266208265883843,-0.27359455746076833,5.5831913536061695,2.566160158371937,-0.734162671687813,0.41390446354109556,1.9167641308631451,2.226678944195147,1.4,1.3552000000000004
-0.30493357622108924,5.1312895745886085,0.3895260105159638,0.0034931762247926022,-2.00403704107495,1.1428002790313476,1.200511979148981,-1.7576940544868922,-0.2668226141265791,1.306984360472407,1.4,1.4
-3.382317349168495,3.4250386414884306,-4.564516845400736,2.978009464893413,2.01495471422943,-3.2578495709264677,-1.815154793346457,-2.029915477937764,0.7968587349726322,1.5318089485247026,1.4,1.4
-4.802309847038471,4.020562901670718,-2.8019651219153925,1.6339091840592241,0.08312045952241781,1.212922319224465,2.251375345681576,0.3103659824752551,-2.131898310780241,-1.6120260516063325,2.6,1.376033333333333
-2.7335338839949403,5.47815898001451,-3.109553097974467,1.5463531956950052,-1.1191894783160012,-0.7802925252139455,0.772787682757065,-0.017451782501750827,0.28354068877617333,-0.32084501955544636,0.8899999999999999,1.1279
-3.2828619070219345,5.5755072051167724,-2.7625205181645636,1.0351574235761478,-1.1500437336729352,-0.7666804956061295,0.1860630268485015,-1.2646470284610456,0.0692870291990013,0.6188835448039758,0.7599999999999999,1.356753846153846
1.8734850972215893,5.295311305138315,-1.1717741078602675,0.8206398313827906,-1.2275689812403205,0.09882817977692569,1.4592080182191287,-0.8445718391614674,0.16702670616576037,1.120638771593556,1.17,1.4
-1.544399901948856,1.5217271299236232,3.6135677611306583,4.889097335798919,2.7933016819533023,0.400801590996352,-0.4631583090993586,-2.410657110755658,1.1489305314397047,-0.8524886450474849,0.6000000000000001,1.4
-8.126687039224898,3.9502666358928544,-5.353083434860596,-1.6153921032749665,4.256121831846985,-5.119140241551514,-8.829983943270364,-2.8195910865959064,0.2174105352846066,2.379116144801203,1.4,3.5510000000000006
-8.761147081121802,2.1636870138807653,-1.5780406504382132,-0.18968152885174863,3.471290543473627,-0.4940868273549231,-3.995907489618154,-1.0817902454721933,1.5190077966085307,1.6399788622519107,1.4,1.3998
-0.9331765277705543,2.189935330027693,3.618146423052536,4.910325692520599,3.17218049142902,-0.28627156018038113,0.6641601766220215,-0.9430310524423617,1.1425398127417972,-1.570153218207557,0.34999999999999987,0.7688999999999999
-5.551362287224047,9.716926222465734,-2.7288816536218117,4.010045984535639,-1.1568570305947934,-2.006190884044217,-3.258108018953982,-0.7946226692221083,-6.083194338746526,-0.8746648751376843,1.4,1.9687200000000007
-0.9998889417749869,1.5908782187488222,3.2179180964663914,5.389987119830044,2.9659605769912893,0.2816056693052854,0.2890803460199507,-1.3896372207024394,1.4621177680752806,-1.7984160177007555,0.23499999999999988,0.584800000000001
-2.3049526750938525,4.464298860330618,-0.7628459199477856,-0.8614427340317955,1.8188767278341436,-0.3443797651377549,-1.911372818955689,2.087202162559824,0.44329832658080776,-0.6332027037717385,0.7499999999999999,0.9420999999999995
-3.287415351842331,4.917319422810467,-0.4962293747251353,-0.8935419152891914,1.3360843631572958,-0.4829663534228436,-2.316555496524568,1.0904889069163497,0.39614231152515333,0.16285095091318447,0.7200000000000002,0.17790000000000017
-0.8675264232416461,2.5608520280525338,4.190405985081658,1.4522155416827116,5.224504336308178,0.06572972989184399,-0.6902759553464165,1.3162560099425964,1.153127218899147,-0.748452075416515,0.7,0.3776999999999995
-2.63298109963403,3.8237020715001675,-1.506257433119485,-0.499907226056827,1.8409065782442757,0.3978547093631902,-1.9743105005661967,0.8959773232165302,1.3779981279455245,-0.8669382472117528,0.3999999999999999,1.0295
-2.6204706329464513,3.2766080012153105,-1.8885734902612938,-0.07630625657368637,1.5561574549429644,0.779881832117042,-2.3316217975374984,0.5520681687052876,1.5910942867374758,-1.0402206759844088,0.4999999999999999,0.9250000000000003
-0.24325214398904638,11.031429278862515,1.0740895501972283,3.0677044873517048,-1.7502532823818928,-2.8120457151625313,-2.674465237258516,0.45847879333645114,-3.795899794733752,-0.6944590774321476,0.8000000000000003,0.06529999999999991
-1.4475956237222019,2.4971816877545936,2.365206678383309,5.014132928031873,2.4576064666992563,-0.06879495189081865,0.05736651535940593,-1.1340551936651109,0.9259435316204349,-1.3661644483047966,0.8999999999999999,0.7241999999999993
-2.7907808528532057,4.0277974600585384,-2.068977792329767,0.31443392954854016,1.0988183329321857,0.38559069520629813,-2.20421932512496,0.45060933057234737,1.0464518427856615,-0.7922218689844509,0.8899999999999999,0.32884999999999964
-8.509549560485622,3.5679021055104543,-4.5862792387448295,-1.3471697459651841,3.0631280940181034,-3.1248529612794522,-5.801299016505567,-1.8912459880180124,-0.28401895122415116,1.0621478798157309,1.4,1.4
-8.50121042800236,3.1752390199748786,-5.0651096862959815,-1.9214345401840425,4.2943304414818595,-3.988381802813392,-7.835189479955463,-2.77742117555684,0.5645095375375289,2.5922619520555568,5.404999999999999,3.7805749999999994
-2.3485781547775835,3.9591332254746776,-0.8074777085544637,-2.0368097532015157,2.610826433857284,-0.36587907413740184,-2.2867330489132773,2.2060803817107995,-0.16804741130518638,-0.8364552091318472,0.010000000000000009,0.3066
-1.6838162302782715,4.3550122647180345,-0.007489318978454487,-2.373845938362797,2.4535500185090164,0.14858702749591776,-1.5712676074139322,2.615205079028007,-0.02190755610705159,-1.14606747784328,1.25,0.4322999999999997
-2.6987297288671797,2.6528042412097745,-1.933794283350812,-0.9508470359743175,1.979687561279967,0.7369056077087034,-2.5388224770799726,0.4901473133284075,0.9788090715680003,-1.3774138770218247,0.0,0.8371
-1.220719511452648,10.188197281654368,0.42083100728827677,3.4607911816425303,-1.1197301179677184,-3.940327506808743,-2.4894565272042506,0.7315365102701382,-4.491108454558103,-1.659561792079894,1.1,0.8421000000000003
-5.4814104012286835,0.3385215764692609,2.7991262117425157,5.524670631669625,2.9235291766944513,2.925641354636448,0.5409956857131099,-1.191399951830656,0.14075441918834272,-1.557797854409227,1.4,1.4
-3.0994594670158797,4.301912961197861,7.339578681409185,5.751869900704832,4.1292351561658505,-1.1693265689851873,1.3255352148361212,2.0025247537789497,-3.120206268604584,-0.9677931205712446,0.27,0.9488799999999997
-2.959772332328492,4.23875593012565,7.499244705957477,5.7665652580266755,4.146241465633201,-1.1799909037269065,1.346608154727771,1.9903921821635926,-3.058113049577985,-0.9771268383438529,0.7200000000000002,0.20093333333333296
1.374304605495051,8.499946221847809,7.024535573569082,3.6664326689230964,-0.5919754157283256,-0.14868099818739658,-1.723867821519543,-0.43787487771304523,-0.1977190010261018,1.1221067757679137,1.9100000000000001,1.4542000000000002
-1.7909834091802426,5.407240394118342,7.026917611054834,4.670887008868096,2.525569020403798,-2.7677620465309567,-0.8230307052106683,0.403926370924302,-0.8169211036846599,0.11250575522671459,2.5533333333333332,1.9060666666666664
3.6368421317809485,9.376168280779071,7.181846378795883,1.9893534637149874,-2.758208467355026,0.026165613042510975,-1.5544916871940788,-1.140023298690102,0.5259889425700689,1.3138018581882809,1.1355555555555559,0.9937500000000004
-2.726026939760976,5.407409679892979,2.924557636794533,6.682750502712936,5.327730721548898,-6.048680446436878,-4.576682120779313,-1.7990351217039238,-0.9698700665147896,3.377318652024612,1.6,0.8774500000000005
-3.4004167143976667,4.521009465425021,6.867432996105509,5.682828637536167,4.036994415206279,-1.1239578432847506,1.249593148091082,2.017774354402141,-3.2697532908114164,-0.9153299790501731,0.2100000000000002,1.2823999999999998
0.8816081121066096,5.205519253687167,6.8632946918290205,5.167144964010146,3.181771908595065,-3.56208516152702,-0.11019712555132662,0.9322617627753799,-1.3869294403588348,-0.7767083907369824,1.037142857142857,0.32967894736842096
3.0451119261235493,8.29951508062385,6.8455093057594505,4.1955301161037495,-0.043505945976796,-0.28798447663707527,-0.9580389001790642,0.09153023401138238,-1.0498917777760486,0.227982597552438,1.1583333333333332,0.47473999999999994
-3.86710564607032,5.244741836915575,5.6175959281157315,5.228523841049262,3.536229165426352,-1.205379940263783,0.7111517713295118,1.7787239365015655,-3.317274727459822,-0.3769981277339811,2.9,1.7937999999999996
0.9808107348805007,3.9347156011548536,-1.1546379542671437,-3.3960316731385087,3.1729515468743372,0.5249103911549761,-2.709618364358405,1.4375893288085757,0.291546420140493,0.3599156530329786,1.4,1.4
0.031346731524787785,2.732135983292654,-1.833567222791749,-1.441173047106528,5.407347858414732,-1.5993749413067118,-5.246745990912524,0.38741048201244754,1.5866396222591463,1.7843692290393418,1.4,1.4
2.5217575109499046,2.365546794593715,4.383690052801266,-0.7649047179552411,5.506765150655938,-0.09029430661376106,-1.2439107563945793,2.2153296983591977,2.0412253993323417,0.26657945587768633,1.4,1.3045
-4.210701140619408,2.812115548902076,-0.21746668076930203,-1.9429095546373782,4.002880732796829,1.7648631909662729,-1.2249149817772906,2.985501718262917,-2.0720238111770657,-1.65656667893984,0.5999999999999999,1.4
8.187040114537867,5.567490021590416,5.192762282870736,-0.3209456079212012,1.9075305821085902,2.5712931187867567,-1.256275758349026,0.09378065589363575,2.9812474338812245,1.1940860856021107,1.4,1.4
-1.4990670873768173,3.651406892197033,-0.8951751014701319,-2.705150167559822,3.1711529827259444,-0.18146469788799124,-2.5402609895675594,1.7644771643679167,-0.418289356127705,-0.4526865892928889,0.8999999999999999,1.4
-2.84291631125746,4.571748734019467,-0.4203252899764387,-1.366063858377675,1.7916998591522808,-0.3349181652015078,-2.5015827561283692,0.8453099390439063,0.23397759318222414,0.30733467992926566,0.6499999999999999,0.7963999999999998
0.6997668339644246,6.3397381775230635,-0.2005002466481946,-3.805477045137842,0.627460268240387,2.6288980509240707,-2.6839758970793413,1.0484678138504004,0.06873399374277414,0.04380459998004758,1.2,1.10295
-0.2783774652322033,7.393108757777481,0.6459376518311686,-2.5398316383556634,-0.850478632478674,2.853621710405502,-2.3553405268069816,0.35768370975228875,0.7499702514378188,0.7210125758509242,0.9999999999999999,0.8895
6.139594780879055,-4.0054349455721034,0.040769662033635454,-1.9178977655710097,-2.3438367007826115,-2.055582840185034,-2.429698907915604,3.2152438948531405,-0.4717445431892478,0.1441754603191746,1.4,1.4
9.540676390052557,-4.555661938372083,0.4308313316031027,-1.25662330042795,-0.8820315686415214,1.7887839483622268,-2.3357067732249677,0.06564840179107584,-2.7680331980918713,0.29190820544572343,1.4,1.4
7.385423165004695,-4.6395331630414285,-2.286758048859495,-1.3872475076229702,-1.470837015849664,0.7284474477639306,-2.0428276718998566,1.1837321588094487,-3.586988767267367,1.8564279989166408,1.4,1.4
10.354673576966379,-3.671789760011959,2.117690864244354,-3.419231317706908,-1.7267993074539143,1.9611627230784188,-2.493658545643025,0.4680061706580333,-3.0410654505950396,0.5862096451253808,1.4,1.4
5.512673018048464,-2.654262100850015,1.8464314667423862,-1.4401516043400677,-8.030209323661726,-1.1015899518376895,-2.037973947926517,-0.35211407698081015,-1.7554404662173437,-1.124810002526206,1.4,1.4
6.554937637234813,0.045202722915176005,-0.19617775529896644,-1.0680614672049986,-3.920006784748573,-0.25464716602666776,-0.6112458260692628,0.7957218251772572,-4.258352445820526,1.4674083486901695,1.4,1.4
6.3747914771682455,-1.0452523861005913,-1.042043447964189,-4.500440204249525,-0.2545266815358831,1.87917986500534,-2.7703230233793708,2.675931068846364,-3.315257731405295,2.1748211194919698,1.4,1.4
13.298824177863443,-0.5611859788834268,-2.585199393753858,0.29345904585323623,-4.520142204052808,-0.4756679189319891,-2.533856729340677,-3.849049552960696,-7.033218583191116,0.49949666400805914,1.4,1.4
6.556408340038299,-1.9566043492046061,4.971204523724649,-2.6366884915626128,1.6295732123027562,1.9981841574055839,-1.4642199079610436,3.133956768050332,0.9841898514331688,1.5638350892157553,1.4,1.4
9.37103838174954,-0.7169334074995123,4.218665115598707,-4.911875056454369,-0.10567181074596055,4.578969227479833,-2.280627295746489,0.23285134448621825,-2.247594027652478,2.6886446698945377,1.4,1.4
7.363943958444147,-3.7556683064974026,4.573032992165117,-2.9083305456034516,3.9045363752303928,1.8153437631603004,-1.2528885960492935,1.7478415448804585,-3.195320925272862,2.2060607675371244,1.4,1.4
4.968900388034085,-2.1607763211277065,0.3005056442272464,0.08086423942178317,-1.4209378396361005,-1.6685825450150498,0.13134769032927468,1.4307613393938625,-4.609901003455604,0.9382578866078017,1.4,1.4
5.11120589578643,-3.9150709586990033,-1.9459221129607003,-2.803990981906475,2.516050623974362,1.4354280646950865,-2.5695482408009984,1.9175929806002237,-3.3087232655689363,1.466070816575178,1.4,1.4
5.056115345937008,-1.486957777112466,-0.7207787604304958,-3.704950996137019,-0.837217822270921,1.8318300566438155,-2.4713747049184205,2.5220867560593754,1.0021326001886035,1.0535844773245406,1.4,1.4
5.205099238473288,-1.5253611769606954,-0.9802359136568138,-3.4697678882427327,-0.6600078639047927,1.6921552250525658,-2.4402056024177528,2.801761253567181,1.341719842507493,0.8732377296670057,1.4,1.4
0.810946022501263,-5.026725967757159,-2.7035488603292803,1.2475387744803823,2.7931109082888406,-1.691943064280125,-3.093671696525194,4.003526087617963,0.6806800634310329,1.1050549057419488,1.4,1.4
-4.490159793215285,-2.358844266034827,6.72690970648984,3.8947704041535656,0.5936130710800019,-0.20648208909855192,1.1366848156762193,2.823525282852856,-2.860060997220637,0.7149691041804966,1.4,1.4
2.5580383143573386,-1.717163603359269,-1.8131492668563953,1.96415669509663,-3.5462324248549617,-0.257086525483171,2.8535715732620996,3.0767520852809285,-0.37591580209049624,4.00336214038299,1.4,1.4
3.326729110309726,-1.8528837055223246,-2.57347755576057,2.217792910114565,-3.018645487687346,-0.9814069878909699,2.7732453966828823,3.3671093250796087,0.29284528713472663,4.256003639536082,1.4,1.4
1.8741190424416372,-3.3517492740321675,-4.694949484674136,3.786484592647442,-1.9993474871715378,-1.898266908473871,3.364010991760522,3.09158708670718,-0.09031518073038788,5.133840676624752,1.4,1.4
1.9869456519535125,-3.7737544226900455,-3.10367309840193,2.9875967298151083,-1.997696936123056,-2.594456531272184,-0.9444490835013294,1.961535193265768,-0.481205977194491,0.04862109993244136,1.4,1.4
-2.1944646256342417,-2.9687830964389104,3.929228556493801,1.084783260336989,-4.652212041271841,-0.012511166351825583,-1.2458915718166554,2.583902470534857,-1.4462769722517157,1.3667575417025506,0.49,0.021799999999999597
0.1069638623307325,-1.5222746824759739,3.664668887800914,0.15147653446189838,-6.514985284932023,-0.06880755939909197,-1.4077780727252498,2.4174488950941546,-1.2365588520920257,0.880264579972761,1.4,1.4
10.412158301685492,-4.919094916953377,1.9389735026493788,-2.949984342369666,-3.256768475102905,0.5776547543912768,-3.0097372696158287,1.8075786929443263,-4.01769980988262,0.5974680579550945,1.4,1.4
7.087638789382663,-3.3935419668263065,0.10008667517560882,-0.26113236247421123,-7.321516786049544,-2.532900841781769,-1.8798039059876732,2.6858993893719116,-1.3939930384163028,-1.0518753311242126,1.4,1.4
0.2077411359557588,-1.5821857673170447,-3.3446720362128355,2.9483215198086605,-2.496947390907142,0.29396320764947986,3.4905656495744406,1.820527064591503,0.056518454594093284,5.921342420271004,1.4,1.4
9.093010245951639,-3.9056423030015046,4.346474999719935,0.2500230397783009,-5.9409674043867335,-1.5173255063786797,-0.7997692130629686,1.7762252101231746,-0.8633527214832267,-1.3121426905729368,1.4,1.4
4.076161210512929,-2.9856184982192406,0.0896933795439829,1.0486194545398373,-4.5287287169576205,-3.6561760149897453,-0.7004716075757356,3.511453621881574,-0.16427518875602592,-0.682364134896233,1.4,1.4
5.810787916638176,-3.1350782744752106,-0.831531671204206,-3.731570972321116,-2.104375657217363,-0.586456602473032,-2.8481908233272897,5.167776263134839,-0.8059842123245972,0.36174453229088355,1.4,1.4
-5.124952332245287,-4.1783989366668335,4.878699882944055,4.131915896064815,-0.09046818187793024,1.928986416271617,0.37550160649996067,1.544297242674635,-2.0057334218498104,0.0497009179904982,1.4,1.4
-2.8005404118889397,-3.546115705276168,1.2302635558067059,2.4537543417841476,-4.872913693055789,-2.306466460911386,-3.89935636850884,0.22227721793410868,-2.4035707755002576,1.6357821012068205,1.2400000000000002,0.035749999999999726
0.09781704451215871,-1.4979150967480412,3.664257436463238,0.15210728479055535,-6.506922682211578,-0.0655871200479464,-1.4043555943498778,2.41419235380698,-1.2331924363742766,0.8847483871087101,0.4500000000000002,0.025599999999999845
3.9215654058879177,-0.45415946493632803,2.6879078841721022,-0.9742531118833477,-8.0221827318849,-0.7031761233167354,-1.6136066299248344,1.9708005891030766,-0.464105835965695,0.8649237926744453,0.07999999999999985,0.5172000000000003
-5.774498294896228,-1.410360440920952,3.1055861617872647,2.3818838451149267,-1.6946167357592126,-0.058423614373249964,-0.13516898588246357,2.5215372988960043,-3.2172658197320048,1.0278429648992111,2.25,1.8952
0.4966433020179592,-2.7445960318563154,-2.24083998786665,3.582071789461721,-2.3915363150744513,-4.024150439162146,-1.9578624473824975,1.8752283180790847,-0.18239485720346738,1.0244789995410635,1.4,1.4
9.19177470546418,-3.9848124377888308,-1.4283489474645044,-0.3972676176385709,-6.754105984291639,-1.7600397809237163,-2.6653470979452383,1.2698206433750965,-4.979312514460774,-0.14680199883101205,1.4,1.4
5.549296291034553,-3.6106193258984334,1.4714310559422046,-1.3130926693746519,-9.224732374119613,-1.4729317329354907,-2.7789666760233933,0.733234102698999,-2.121133515882603,-1.1656940562370064,1.4,1.4
7.2508370179549875,-6.576502049315175,-2.347719689299446,-0.432416833475447,-2.1671878179232897,-0.2847819566005735,-4.046503373614185,1.7535236686668259,-4.534727733338132,0.3701066255425683,1.4,1.4
7.166797821817067,-3.243973655754867,0.4272648692602863,-0.29162698128077763,-8.234132643947868,-2.703963268167234,-2.013031201944873,2.2861414404184326,-1.1852960860042558,-1.3908590071099285,1.4,1.4
3.7965549177266364,-1.1934356586065045,-0.3812276049316955,1.736118873947918,-4.10268423641443,-1.0421091423564737,0.7381140808890885,3.6772311988197894,1.5039635921124872,1.752261612167817,1.4,1.4
4.600476219313254,-6.030765198110688,-1.6020574453743415,2.9567481429994187,-4.838496115860074,-4.316068430172183,-3.38556118725006,1.0834494102906744,-1.3668137463655277,-0.24478221594535357,1.4,1.3843
3.8112894378639477,-4.030656575017923,-5.493298881778865,4.096177335119277,-2.3553827021560085,-0.3048341242231938,4.912782132636898,2.7213900829723263,-1.1773444490936815,8.455404619812612,1.4,1.4
-6.200788281723695,-3.3394837422499637,0.8983379596227828,2.7595038064541906,-3.0369776085400444,1.6197793637792224,-0.7969262546241672,1.6198549627859002,-2.732542996056091,0.1831535677677679,1.4,1.4
0.876411861510392,-5.843046875474979,2.281045774004099,1.5095908522998331,-5.109726232178317,-1.9171436609625452,-1.6668044314425767,2.350652032696292,-1.8296044505770215,-1.0517420677799203,1.4,1.4
2.4779309069716398,-1.146435554968566,1.1769015564328875,-2.261503349814724,-2.827503209518237,-0.057900857064982464,-1.806781660674871,4.382790708851177,0.17861019481908552,1.8959822695418798,1.4,1.4
1.84358353613331,-2.345408131273667,-2.5707330399454125,3.1295116793206916,-1.5982834202780474,-3.1150725292184274,1.161596207998099,4.008449155076848,0.23115482351980252,1.271007627870997,1.4,1.4
3.801273622359192,-3.596570567964953,0.7825384236579391,0.5823616450521253,-5.15455090731239,-3.153590053228124,-0.8351449058678819,3.1461433371669174,-1.9597340963361787,-0.5230681072202578,0.3999999999999999,1.4
9.442210867472648,-4.031203860835322,2.7311917234962775,-4.032749487367176,-1.1187601941919365,1.389506045568065,-2.4106982113534894,2.245512633999659,-4.132418481894082,1.3758245230014103,1.4,1.4
-1.0165606633723423,-3.320286756876792,-3.30514605941571,5.423578554826196,-0.19766673209293723,-4.011798943649652,-2.514531353740803,1.5629265513354464,-0.13082200740599595,1.7871699480133432,1.4,1.4
-1.0842988179544448,-2.4844001816574304,-3.7247275896691616,5.305962591332329,0.005456909180576043,-3.8715504318299354,-2.358141985662114,1.472123371662252,-0.14286291661280964,1.8366589866839809,3.5000000000000004,1.4
-5.267496587287407,-3.852761012665447,-0.9878528695181021,5.150865555624335,-0.6045712655622132,-4.746166935019889,-6.513410959237759,-1.537387808874246,1.4248245162713158,4.388694575669967,2.6,0.7062000000000004
6.416881640886451,-4.101674821436399,3.7913309870808356,-0.6387663229143834,4.751762427641418,1.1942420633224027,-2.273905133648056,2.7000969074428602,1.4951673920605428,2.7491655403254844,1.4,1.4
7.138596820669018,-3.0134052307322263,-0.7111827638797991,-0.9828340128898851,-5.265433733774377,-1.5362274895338703,-1.4663422830689965,1.836526665205793,-5.3457900282765385,0.4459903947762318,1.4,1.4
2.5392874471702487,-3.0773804348285054,-4.7971513839773205,4.314094567545289,-0.676295264604683,-1.2111078435238536,3.5222270089652308,2.7965389911601957,-0.2889139800401771,6.773489941941691,1.4,1.4
-3.931517023733047,-4.2314673355390005,1.1293233959763416,-1.5452443338445065,-0.1840730454256576,-0.48476717310902057,-2.8347452177526153,3.501844119300536,-2.1801014948882766,0.8575376940325459,1.63,0.2415999999999996
5.963780603194793,-1.2474783099366298,1.8580896541394056,1.0405891787019097,-5.018109375789569,-1.5987582908281341,-0.20158868976642738,2.8470525511261253,1.0808152155174262,0.03718242369194428,1.4,1.4
5.545384182900487,-4.784539409314489,-0.6378226131696582,2.687976223063552,0.46924258922189566,-3.0943517529705136,-1.1440003666016088,0.08375625589615321,-7.360649739050382,0.6505115220487038,1.4,1.4
-8.209660560970127,-2.910286039635365,2.2519852800908304,2.740535350809042,-3.228451011981636,0.3995388670790782,-3.391805039000719,-0.17156518566926246,-4.010241900240821,2.5800786090235563,4.199999999999999,5.129149999999999
3.204072670977256,-1.8197125486448689,-2.0705276905382455,2.6827169830442728,-3.799705045427328,-0.7497104662969541,2.9982293293474007,3.670258301184157,1.503972412192488,5.148035578887549,1.4,1.4
6.581877549828801,-2.7357985765033477,5.124899384381831,-2.515814244332909,1.159759569253025,1.9496455383721885,-1.805638186441844,3.754148713852173,0.8093771926117229,1.8037353963378473,1.4,1.4
3.5444216047726553,-0.7033104570741052,0.3496402711828468,1.3121429745363529,-4.281713794716534,-2.6182462886411257,-0.7783272337021895,3.2668216937928753,0.38121800200214995,1.381577620369106,1.4,1.4
3.437331160471786,0.32003472043024694,0.006557854681955473,1.2927071024510348,-3.9331127115246667,-2.4135913451849786,-0.6702845468399837,2.9878670584910383,0.4351426363460617,1.5659380237195952,1.4,1.4
5.320970758351053,-4.157455819970545,3.1337412655229198,-1.660830329306756,0.49366700204089903,-1.578253041108562,-1.478940015762722,4.499453807851027,-0.7286504039425872,0.6837200393352851,1.4,1.4
6.292592522863418,-2.3845946984159854,-0.32836310608921837,0.43614837904095993,-6.269903054333653,-3.1719119824233157,-0.8904800835887318,3.369855405950183,-0.24752985828614513,-1.0913958003435136,1.4,1.4
7.960955204578679,-1.9948126921750167,4.609123693684881,-3.2536078734197282,0.10109735796921918,2.0437594503199827,-1.9900391749534938,3.3892892105427315,1.0393295420588111,1.9612995931154908,1.4,1.4
10.794389001173098,-2.8798087203140517,1.8221856968899186,1.2345645851242522,-2.784043974798225,3.871087117803701,-0.8898022386139534,-2.2781381231564923,-2.2932349321345615,1.6193981423078938,1.4,1.4
6.3842513787004735,-2.313067520410639,1.358004919024106,2.603444803818831,-4.959349424244412,0.34519655406220295,-0.06457765754427065,2.2562827896787447,2.6213092077804894,-0.8825288067816147,1.4,1.4
0.5548154798982307,-2.3935874168569446,4.299582492517833,1.930110975507893,-4.931375541550697,2.306006231607259,-0.6571458749516721,1.0650849556868789,0.39518677118266826,-0.02010361660566969,0.16000000000000014,0.9068
5.250449750501718,-3.5562759048835284,-0.7731908885886295,-3.8845251225233737,1.1840691217412587,-0.06937882830680328,-2.6391949399047347,3.8920181329931673,-4.07628031273958,2.144013816353032,1.4,1.4
2.0685679187837462,-4.039385613056205,0.08087049743450553,1.2831525217681399,-2.615762474007663,-4.1193055078738,0.18012322283678547,4.383496791903761,-2.3734426612403983,-1.2857609599846154,1.4,1.4
8.114229719854356,-3.7328454548357,-5.341482784845876,-1.9458930344837226,0.44597485051785396,3.4890518728222357,-4.23825685503461,0.32132923977400235,-2.394724471438714,1.3050536920644482,1.4,1.4
3.2072662265041765,-1.5388603796257316,-0.5913479309149328,1.7589970286930359,-3.67258909767384,-1.5262639051784272,0.35509058432008056,3.349104162372293,0.7977469807143954,2.5214996570934387,1.4,1.4
-4.170341034175822,-6.198617882740098,1.2071580634787586,2.5267725081576433,-3.8212248372538413,-1.1601278471058694,-2.0285420365712836,1.3923248099508785,-4.797644025369095,-0.2370864490417124,0.8499999999999999,1.4
-0.7900763280018253,-4.831917829685449,0.1357217700470374,2.433847092837364,-4.714993635462516,-3.0901705570008358,-2.9740529849295125,1.1821591886527447,-2.894572756431815,-0.21512415736966564,1.4,1.4
5.701816626851992,-2.3141405734277694,0.7677564029876054,-0.653787141748718,-7.173499013977579,-2.6295210134013463,-1.1255744719587397,2.558910286425113,-1.3032763329521453,-0.9062690940614432,0.7399999999999999,1.4
6.0791654434237214,-3.4213681253600754,3.069690281878457,-2.5915096701307787,-1.381784299540965,0.5658336000751989,-1.6499271725742621,3.2684393817098796,0.07434169215003741,0.2957499560085214,1.4,1.4
13.34969184078145,-1.3970105508995574,-4.265881225838589,0.8021768502906863,-6.523604483291831,-1.3549641859485373,-3.781886410683815,-3.292076615315951,-8.443283582728148,0.08534637259802437,1.4,1.4
-5.307881206856913,-5.205672622141942,2.56406602935736,3.079245386593583,-3.4064150834608884,0.1438903406500278,-1.7042780006183853,1.1690935457156588,-4.092117398757562,0.7709209830229368,1.4,1.4
3.7883936479673794,0.09239174632420147,2.6987687007889147,-0.9630693852737855,-7.809969612333271,-0.6448288095683237,-1.5273790588938967,1.8556475807476196,-0.3834069702864373,0.9856262949856938,0.24499999999999988,1.4
1.2199395025823294,-0.9795563775438754,6.6410566841017875,1.7846801615530692,-4.010708437700156,-0.6896474556855309,-0.09716031418086185,2.9179796088546763,0.7672131381346629,0.8081014274805063,0.21999999999999997,0.5505
9.815893714452692,-0.7993949868568574,4.962739846229035,0.7249553167615864,-4.88044523136961,-0.24390103726989726,0.16415587794060404,1.2911063112701453,2.200829146988065,0.4734644155508003,1.4,1.4
5.3893505261081645,-4.218137604904002,-0.6408465156015287,0.2529643035563337,-3.376544136640034,-2.214686285398619,-1.2220910931689037,2.4218461884005262,-5.935064194796041,0.6702105960441422,1.4,1.4
10.968299272269228,6.7265855551751645,2.071949523761524,-3.105030255467819,0.7398943132286502,5.811050358039933,-3.4582178554069762,-2.0917605882198327,2.383220217837708,1.7702224815891674,1.4,1.4
5.303191969725951,0.821146337354421,3.954372990605995,0.8791593644800452,8.561436591857214,1.5503866819155212,-2.820946853101476,-0.8215511795999302,4.365632732097741,1.929891488824736,1.4,1.4
-0.9066040517030584,0.43828143426565946,3.411631420393811,2.3769304921225354,9.14060687470595,-2.1794555525088586,-3.9226546570520107,-0.46468147008896393,1.8088218274325008,1.0421978757594799,1.4,1.4
0.26261208924678453,1.7445439153687434,4.503060149971564,0.19067805635362395,6.441258848968043,0.36388436778320754,-1.108981467749535,0.5825413286096647,0.5648002634692012,-0.6399689111645773,0.7933333333333332,1.0330999999999997
-1.3145749644981561,2.7491150904340933,4.496831016344548,1.0001915995206503,5.226746561026884,0.041987892455546544,-1.3083681426320324,0.11678796597369469,0.9832698949292721,0.19855586301715086,0.6499999999999999,0.14259999999999962
1.1690906278728408,5.825191114961974,4.863361349752328,-0.12925708939392627,2.046325313549443,3.444899146845981,-1.6377798832934631,-0.1825367272187704,1.316407035091424,0.88968543561868,1.2999999999999998,0.5726
6.8962325822929085,-2.7959597329054633,6.949646986345293,-7.547579816309267,0.9143632945422383,-0.8691222915959737,2.4907947129131807,-3.364587819164058,-1.8342012883320604,2.2605255591078994,1.4,1.4
2.096697795460624,-1.5371618229858603,0.8556484295570779,-5.7814657932369355,-1.8745283918501856,-3.6824084234300676,1.5423874689127077,1.2143282500176693,2.798790798125501,0.6589215838396746,1.4,1.4
-2.159498128479523,-0.9292243223480783,2.7068476699235045,-5.208431190321086,-2.9626071225209687,2.0145611263643657,0.503621802334465,-1.184569084894704,2.7590015559969414,1.1936855211889914,0.13000000000000012,0.11169999999999991
-3.0429295916645995,0.5138936055624056,3.0302080586613003,-5.659839059878076,-2.383417156802238,-1.4684731401277884,0.9755389382906038,-0.3906510126458981,1.4446143398319915,1.8721446480368484,1.1800000000000002,0.5896000000000001
-3.7484103121637258,-1.0786420025411543,1.812978393732236,-5.5136293859608445,-1.2772996853767598,-3.087194919099277,0.13405639503984607,-1.3947147018752928,0.458843948776892,2.0204453329994077,1.52,0.38380000000000014
-1.6687581339143458,0.6897618520693879,2.8277290863404674,-7.058777221643731,-3.4174376454748776,-0.6688119585599264,1.1683462032660925,-1.0626185316823173,1.0038532397186983,1.8353922352710705,0.9700000000000002,0.2720999999999998
1.393007873824689,0.943876827043951,2.3475691430983243,-7.436206519343747,-3.7194001010732616,-1.3328073414003787,1.1326550467434344,-1.3436085398747417,1.7962224043403354,1.9489556707152118,0.8999999999999999,0.04150000000000009
-9.816583459369358,-2.910780660700138,0.9542305706241466,-4.372174330792913,-1.0554589080858574,1.412448135343847,-1.2412012329878452,-3.1392072233820247,-0.17821839195508693,2.255307344694983,1.4,1.4
-3.939674896160846,-1.3306593718995632,1.3776314924283555,-5.518556876344044,-0.5306107030351535,-2.628741078167398,-0.2148057270191233,-0.6994622738245347,2.2299153432863514,2.005433553231456,0.6800000000000002,0.5215000000000001
-1.7424696735368688,-0.7125240432408557,2.427653284744193,-6.504556919007216,-3.6264141911427514,1.2047642208890372,3.644664344381766,-1.8353217522243792,2.6769397238464276,5.0776973085891495,1.4,1.4
-8.029933152734124,-1.020947695259638,0.4423983684724611,-2.5905451721406205,-0.09353929307150195,-0.33820176454774403,0.7183163132195918,-0.08503413852753297,1.7922758434119408,0.9172214208821214,4.140000000000001,2.6842
-1.7358326277906087,-0.7941955595218698,0.8517991964379796,-5.607228191465766,-2.3232500242344005,3.3049696350015645,-0.10518182646181368,-1.3461377956946665,3.642560847500601,0.5228251294849062,1.4,1.4
-6.213797925303695,-5.175677430396694,4.541779547212689,-3.6197953424921745,2.1515391575638563,0.8812470601112598,2.052166010518248,-1.607596942497402,-0.04065720147074376,0.6888336006525829,1.4,1.4
-9.601197324258997,-2.3256910916325357,1.1765135990187403,-5.075197296299275,-0.8287956561026079,0.4714906149396441,0.4367524176903898,-2.831774848313865,-0.4609283660350286,3.0374263554402043,1.4,1.4
-9.763860390372392,-3.6398802932925087,0.572353009297227,-4.26651781987505,-1.5003951296130205,1.6259682814242764,-1.2432772326016435,-3.5148614184797147,-0.11851914941983402,1.8890817513651585,1.4,1.39875
-4.423749282319898,-2.9143773773619195,0.04451881138924726,-5.148747994784858,-1.0273135826478095,-0.2278160412286623,-0.9992909760590667,-2.1487732350225253,2.4306862945818284,1.4976509444130992,1.2400000000000002,0.6005000000000003
-2.245218003741505,-1.2778725060331404,1.5161583868962087,-6.682746711299032,-2.7765301020088207,2.000919243221469,0.4068969653273545,-1.413234683856698,3.0530010306756266,1.087164894896336,0.79,0.2771000000000001
-8.209454818959678,-0.809394189518854,0.9972329887327708,-4.7888125999297895,-1.8735456022725059,-1.8319915892040446,-1.4961516390104805,-3.714765230422821,-0.5456244582136893,3.130308393418307,1.4,1.4
-2.563600240365768,-1.6521989367052967,6.256761721787088,-2.461706848078163,1.1945264127738373,-3.4410820807638705,1.0880316108639998,-0.4000557865773163,1.4476804493774043,1.8911530071673555,1.08,0.2569999999999999
-9.20502953473395,-3.0422014183403903,3.5093047569359928,-1.0881409029602318,-0.261723262599679,-0.3834354116659956,-1.2520651619272145,-1.5908731647710495,-0.12264820859385533,3.1000874627303507,1.4,1.4
3.7484820925450935,-2.3837236568813642,1.2892416973455918,-10.923977462410589,-3.2188803967773074,-5.188251604901625,0.6368652889655986,-2.276389682682627,0.7503302261412578,-1.063442680018612,3.1,0.26746000000000025
-2.6476546846975237,1.2459534924571307,3.897751657434275,-7.0456603066556855,-3.7506111089865324,-0.7743847609820578,0.4322750988607576,-1.9391524958735527,1.3513972645186687,2.331835751315732,0.7400000000000002,0.67795
-0.5631736798978069,1.7838676981357091,4.400433408250081,-7.7185994206037885,-4.878594943285764,-0.796864212254377,0.6226786931518963,-2.0759118872693065,1.8141495549304574,1.8387361762760832,0.0,0.22250000000000014
-4.1690917378651,-2.631751228183338,-0.32867496266108415,-5.147117739921554,-1.436213472680135,-0.20496386918428458,-0.8819758296015645,-1.68519597724945,2.2170958071999474,1.4187397801189319,0.79,0.25129999999999963
-4.309360250378474,-2.941040296487163,0.31770638537918383,-4.805926163496421,-1.3115138055332205,-0.5310868279905546,-0.7909044670113071,-2.0421731980914672,2.1802004452053585,1.4833100250367253,0.43000000000000016,0.0674999999999999
-4.469568833281551,-2.6834767724803705,-0.22737447810143388,-5.088751134404834,-1.5842459075701485,-0.42652489995165677,-0.8162343312099487,-2.137938463379953,2.220896512472076,1.4439387618487556,0.4500000000000002,0.12169999999999992
-1.5941114047551848,-0.9557455351040461,-0.42614079837645485,-7.426635115786124,0.8300511291171909,-1.446811389819187,-0.6422668214916654,-0.8158383034059299,1.1948150377113214,2.0737556633780003,1.4,1.4
0.2926458714228671,0.5628760515435584,8.102861080144201,-6.018280711956209,-2.8593981424282338,-0.7711352919888117,1.508900139670108,-1.5891242788294606,2.3523696983927027,2.033919213471053,0.5950000000000002,1.0194
4.261860722318437,-2.726293011912351,-1.0211404355535199,-10.028040301250337,-2.494665673100991,-5.965084683787394,0.6476431877464885,-0.4913165035096287,0.7541227772479598,-0.8631779862682892,1.4,1.4
6.152603671558234,-3.9884222854426783,-3.9977345727765274,-8.78593750101878,-0.6287097947943647,-3.1861341047075302,-0.7911114556561802,-3.754789935696667,-2.6933647066445383,0.16537483144237375,1.4,1.4
-2.279272447986915,-0.22537082833767974,1.7072214810188944,-5.751299585503623,-3.386062379861851,1.832793259292194,0.4390730868277037,-1.1361674146081708,3.327686219092851,0.916986448865308,0.10000000000000009,0.22709999999999986
4.712221555792655,-2.45416857600227,0.19700988910912942,-10.577303757038552,-2.8608624644447738,-5.332025118081386,0.6605754862836141,-1.8064335780724314,0.6810920599600951,-1.1294068666031016,0.3999999999999999,1.1393
-2.639056484959035,1.199802169482911,3.7635822265308385,-6.749964990527218,-3.800266639526064,-0.837755557363278,0.3675561875366104,-1.6068568882257832,1.9779104021483929,2.188959330737937,1.08,0.5084000000000002
9.600784477725364,-4.40089727075065,-1.9928152742175962,-7.325435575485106,-1.2548106133588746,-3.8695669676728612,-2.6992959703634476,-2.0529862865126898,-5.297385761971816,1.2175805855806539,1.4,1.4
9.363837028560848,-3.359400766764001,-0.3122662365794061,-7.755689647976338,1.5847427852690106,-4.09884112699667,-0.30855501024650245,-4.808716886802297,-3.9742395617273982,0.37127283706666425,1.4,1.4
-8.084924129924717,-1.513432074210743,0.46686717738227945,-3.056278661760126,-0.1888514248457913,-0.4434088213251269,0.6236216843745482,-0.23883475417718178,1.6483941430653684,0.9898525974648624,1.2600000000000002,2.7752000000000003
-7.58322777889656,-2.498979627829933,1.1735465779393972,-5.10477412657182,-0.6399893319692744,-0.7365185412299909,0.9884114669074375,-0.6115053735837497,0.49183987380030053,1.0543869982490255,1.4,0.6724999999999999
-7.967058696377598,-1.1353351371841416,0.6733672431126527,-2.7271863278374733,-0.08554829739589404,-0.39495715197616693,0.8142013850123376,-0.01790552924074475,1.6744368925248225,0.9184325835646746,4.02,2.4546
-5.091237193148381,-2.4602981415184324,-1.051547356173978,-3.643254274509084,-2.6955599976855154,-0.4627511612003458,-1.6300075940770886,-3.1797025405921335,1.5813247446699188,1.426272642981328,0.19000000000000017,0.17639999999999967
-6.86032097341443,-4.369688909315993,4.164380974380395,-0.0770945550726866,2.1428668655087892,2.8980906221326985,1.5497569199143468,-1.9099509209336694,0.6676871155455681,0.29441011728947253,1.4,1.4
-6.662039313304,-4.19530486617517,4.26278010026711,0.7300028189822966,2.404222900776047,3.2383532681320393,1.6157150750888383,-1.8334364025062673,0.7866867734948042,0.01568945222280431,1.4,1.4
-8.475193530063427,-2.03507894301064,-0.9144397527354001,-3.172415753103252,-0.49318491716450136,-0.281511846241861,-0.3067861224266275,-1.3589297227552133,1.3270511121813333,0.918209421659587,5.130000000000001,2.9579
1.6493695751698503,-6.09198933509,6.46443237282207,-6.800824149799845,1.6890520048301474,-5.349020584542266,2.157942990731514,-0.31376273236519897,2.1160062206375287,-0.5998475049236092,1.4,1.4
-0.09053439648720585,-4.129443253143084,-0.9679750984315015,-9.352222364635047,-1.6232733583383367,-4.760591696192135,-0.44812038320230246,-3.6144986669777506,-1.753855105909671,-0.04031168540575893,1.4,1.4
-2.7080422733316887,-2.5385915601845883,4.6392650642078985,-3.4005726235622475,-1.4142919022283194,0.28172570197826824,0.740686123911787,-0.25680220268152626,2.7171822094302116,1.8667749937592741,0.6699999999999999,0.3242999999999998
-3.8424931882551197,-0.6477398991080328,1.8156901528125424,-4.824762665231606,-0.11270517540612215,-2.329375880966948,-0.282807898610636,-0.63511903557446,1.6846231555641829,1.9241812295542216,0.8999999999999999,0.7905
-9.174865992189407,-1.8902385843078546,2.667908323583456,-5.250967088508385,0.20474803648150755,-0.09800313449385839,-0.24498451540276245,-2.1089311229778516,-0.7183833761435683,2.614352429096186,1.4,1.38445
-10.192612953691404,-1.4375317025568786,-1.7222192159476433,-1.9882999638787275,1.5760728107890396,-1.992345719134666,-4.011622738887624,-3.1122403731567085,3.1493585994115922,3.4900537563313887,1.4,1.3831
4.379454568091951,-0.9662220316165914,9.782726962169354,-6.020096525380066,-1.8088975153624982,-0.03690743299143583,2.6695065515496545,-1.7207080077228578,2.774039495554956,1.0684440150440329,1.4,1.3410000000000002
-2.680379416978567,-2.5960238027420295,7.235711183221264,-3.4322107775735033,1.2456564431242618,-3.3521349010029744,1.2551155201861768,-1.216851190388884,1.2315843002488436,1.822067127858249,0.12666666666666648,0.056199999999999806
-1.3334969372751173,-1.880622558307868,1.9901601908283382,-10.284209949916992,-3.4944997206276733,-3.3673252518438086,0.817171722221138,-2.5379987323855553,-0.298897503816419,-0.34937756293103606,6.050000000000001,2.6573500000000005
-2.8678566493168898,1.5232835393608328,3.357232865532304,-7.983190772977493,-4.285281675421445,-0.8181278282016028,0.438163047771312,-2.36418035803099,0.765283391472314,2.2774792303541243,1.4,1.4
-4.516663678186043,-1.8623824881990654,-4.73761081606769,-0.026474267192804376,2.583130323357769,-3.0834209847155405,-3.5440944493966766,-4.191192775174627,3.6873135570859574,4.106186095756614,1.4,1.4
4.589644218058791,1.8265437892318641,-1.0277535421559691,-6.303934062497407,-1.678653729082537,-0.9807160025190977,1.3739809858865488,-1.589385307211655,-2.426035979347524,2.243732735117074,1.4,1.3428
-4.418618425068518,-3.5440645432373463,0.23840067028674222,-8.258388994370174,-2.2492757095481686,-4.162705223413024,-1.144834405792529,-4.3498459601344885,-1.4325926208371091,0.6723145018040225,6.878,3.4591499999999997
-9.302055300888249,-1.3411885546829347,2.2028988167858676,-5.548485362180556,1.0820268603456924,1.0323484359650708,-0.7806685401152547,-1.3526275195753399,-0.23967307357931397,2.608761617375029,1.4,1.4
-4.048922344526836,-0.8444576939729408,1.4565352337331257,-4.846682981336123,-0.5341008360875961,-2.6435326325151722,-0.20347806604119908,-0.5214157504686161,2.1800645158652774,1.9779439356891886,0.040000000000000036,1.2673999999999999
-6.564166905411184,-5.90742018968514,3.3572062199952106,-2.808253739097361,-1.337487873572218,-0.3007263264728683,-0.49479334432090344,-0.41691978894556964,-2.3379826600793954,2.087634780584601,1.4,1.39325
-7.587347166048407,-4.821999446635941,0.7422619968821154,-7.4717363149992915,-0.9525333941140743,-3.035933494458326,-0.6813575653356913,-4.059639347811555,-2.4573422541945638,1.0322510244360743,9.0,4.314449999999999
-10.017780448316733,-1.508862941957727,1.4102196342963058,-4.926403116452659,-1.3188760380852858,-0.8161388458748773,-1.0083926348585524,-3.7052175361881363,-1.8705789475716992,3.0686004286117172,1.4,1.0910333333333333
1.4885540167545441,-0.014967284553740561,-0.3590899017882578,-5.8627543211956565,-2.4111925282272573,-2.775758498482533,0.8454767017378874,-0.2630349384131461,2.8369924233596007,1.4610078885002025,1.4,1.4
-9.437586947985068,-1.166395733620769,0.974413554665564,-3.6370163940713405,1.619637800445253,-2.74614974554597,-2.268354779743143,-2.2370451790669827,0.984129604140879,3.740832379192938,3.44,2.5694500000000002
7.075880101348267,-1.1791631523253823,6.835435767786005,-6.3527174019654,0.5915669528274204,0.06931429953132927,2.4208035751740034,-3.243577812589549,-1.7681907401047074,2.604921324217826,1.4,1.4
0.579945060560625,-1.6012633989317209,3.088682617199751,-10.329273413290004,-4.022613860458409,-3.6148415291813936,1.0276540510206982,-2.372825074805588,0.0036999082557714683,-0.9720875370954956,4.785,2.34455
3.245159492183263,0.9091483306041077,0.42150031932565424,-5.665408636099096,-3.6562827489555176,-2.8240519978024134,1.1972311814671386,0.9354308883927202,2.715738361322864,0.9946567218392056,1.4,1.4
-3.8595790109877877,-1.2790675039112893,1.915041479308365,-4.87869984329513,-1.838554685667571,-4.09692101809018,-0.1394717903338187,-0.295049391371439,2.1619160034477423,1.6519560633917338,1.9,0.6972
0.5512846793759895,-1.3838665898187412,1.8703257383224265,-5.969657977547247,-2.7678342692927025,-0.14893272797018794,1.023015768442705,-1.4186461338035403,2.849538721135482,1.2618681229481765,1.4,1.4
-5.197449085803679,-4.166402259100893,-1.2210945043552541,-6.551070111975191,0.3005664318275099,-1.1124387912315572,2.099673188077761,-0.8579561655408854,-1.292013661702612,0.05617587155002798,1.4,1.4
1.6375348652548116,-3.7964863167268503,-0.47825130949108074,-7.956542558902021,0.9909218713903577,-5.123863225594336,1.1752062817284814,0.06905065432932204,-0.6670151738748288,-1.0583622147938696,0.3999999999999999,0.8277000000000001
-2.8706307301728606,1.8334390161812006,2.435413970196333,-5.205682542250357,-2.7128748457707914,-1.2535728485146669,0.8253924445122749,-0.41887459048105785,1.2272322178929194,1.9384339828937474,0.7800000000000002,0.4608000000000001
-9.297787667568901,-2.1200612431284465,2.4820150733643582,-5.930241152227981,0.8374048720909553,0.6843100348949275,-0.7620427679513304,-1.7590097578669,-0.2804682868317474,2.6679471948493862,1.4,1.4
-7.212596472507265,-1.7941775845491088,2.6978848453955675,-4.027940401873511,-0.20030557131251614,-0.7976502061470266,1.795824191570264,0.08433230982900787,-0.777918009664329,1.0697618183591011,1.4,1.4
-3.853311563985486,-1.2098439427407996,2.272311281887863,-5.095922033393641,-1.3098666196922868,-3.3633934181485285,-0.004536865157422388,-1.3456471920171238,1.3189617328756142,1.7490846561370366,0.6633333333333331,0.5475000000000001
-0.9276963001353211,-2.5420450211104306,5.00761732194404,-5.490381462657433,-3.099915001664035,-0.1996548040404144,0.4900039276105395,-0.5543991211447045,1.0803008743418887,1.859598481424348,1.1,0.5336000000000001
-3.228884407052223,-1.3210887646452412,2.1082294613266463,-5.780426434656723,-3.8822676064943824,2.0015543494332184,0.09891230961529679,-2.2450521994477146,2.5771260676902172,1.1356434764958525,1.4,1.4
-7.001563926925476,-4.3200238927878605,4.339717213139581,-2.414502579031213,1.1255435155384461,0.062024962520221355,1.3361037055131455,-2.404492559334617,-1.3447933469418294,1.2744172057662828,1.4,1.4
-3.144365724269332,-6.437756348934592,3.77455731872025,0.8862738395177929,-2.5234269739855537,-0.11523235758301004,-3.0389391394231686,2.37218215328706,1.0492516631996478,2.811727776370323,1.4,1.4
-2.8713629965715155,-7.389243389425448,3.5273187384174567,-0.9175851952189177,-2.2065241028138676,0.4101735284303487,-3.368646002734192,2.2936706658987864,0.9687548601208144,3.043554383571569,1.4,1.4
-4.3116181372055875,-1.6998694126081253,-0.5268000481725245,-4.549368789941127,-1.044575596956517,0.11027519372833955,-0.8936770488227653,-1.4211379287936643,2.325000991941781,1.3603752360618497,0.050000000000000044,0.24239999999999995
-5.3988073068433735,-0.7234848745639976,-1.186600318972496,-2.7005066284379353,-2.334195891027406,-0.4581665288523034,-1.3033534169626346,-2.3997600751649775,1.6756866262161232,1.5537036470323615,1.4,1.4
-6.674245950541062,-5.356072857350186,4.481178204483268,-0.9384302987835683,2.0519168985118554,2.712434510500413,1.531438714880083,-2.273681910441406,0.8629915288408607,0.3197560209979466,1.4,1.4
-3.7047477716535884,3.1533756053393365,3.347405306519318,3.3380097556675583,1.3251042108471744,0.5878781553903445,-0.791097564351301,-1.7826554908629229,0.2604911038258538,0.5721614161315234,1.4,0.44874999999999987
-4.4850707108627805,0.22347429926614884,5.266036715427798,5.415917772950765,3.8397937038042884,2.425958098249082,2.1672684426334317,0.2310581419995708,0.37117050529303486,-2.0755579405133164,1.4,1.4
4.622231593018307,0.8197389881105165,2.9942835790633384,0.18417956325989313,2.3308555123869157,5.606241851100706,-1.4639813981509229,-3.5255626364185093,2.976682104988459,-0.5971143463312133,1.4,1.4
6.9387639638951715,-1.505455016082274,0.0027334040302506727,5.9673070654443965,4.406100448188728,0.8344756625335429,-0.7331630021700698,-4.563736812628437,3.2372733200305928,0.6798789946024535,1.4,1.4
3.59863077754052,3.3595991247665933,2.076229058872258,4.036765914394028,0.48279569762122887,2.1368682994285138,0.46544207197578463,-0.9246485460566561,2.206300923549079,-0.7493679451343662,1.4,1.4
1.6565447250550571,-1.3819185897519737,3.7568868939526223,4.714936680196857,2.7481573628620346,4.6389201325722835,-0.34752045298647105,-5.2095078826690315,1.4689876272693414,-1.4133500242645276,1.4,1.4
-0.8027218152222703,0.27099994041603154,3.222081144807075,5.524564181562562,2.695630748826522,0.8992799949822028,0.290817646008255,-1.918122617172267,1.8613754122057105,-2.107454563611566,1.4,1.4
3.12324542438274,2.9211568524889526,1.589478609161873,3.7906777425234046,0.8657679770416153,2.1224565927526946,1.6715344618058947,-0.5222550127137707,2.3677539782719474,0.19464214440246985,1.4,1.3899000000000004
-4.019853911165949,0.14588939447232033,6.126429768253202,5.46599326982957,3.9587164262793957,2.229553365108087,2.1601106713045817,-0.0931271684410896,-0.2728350029544761,-1.8301800468280864,1.4,1.4
-3.7493550396153377,1.9441186990349992,3.4524120972161403,4.027295380134035,1.5493789024909517,1.556659620834785,-1.1927777713253402,-3.114243077187155,0.16353857739421246,-0.07059255836952377,1.4,0.9157
-6.99838214253097,2.072909648195895,3.1647334120265453,4.940301524173427,2.719996244963922,2.9217815899948834,-0.8463687072319742,-2.1214988220848143,-1.3393204733194046,0.04075385350367406,1.4,1.4
12.988898443857613,4.8546787509574925,-1.1783834224733112,1.9058234246712138,-1.0445652743556,6.735801594869481,-1.0090704529915724,-6.5355001821453635,-2.0712433411501086,1.3767942163291313,1.4,1.4
-5.022445117757718,0.6599163366366583,3.351016806192302,5.503163783328248,3.1104713860615703,3.12059168226627,1.1100689015687741,-0.848732592977605,-0.9996577502698727,-2.115972000920303,0.8999999999999999,1.3793
10.337346287329206,1.7838291791014933,-1.3352795309870302,0.8126285282281658,5.177682945674204,4.333708301630274,-1.3019166682493277,-2.5598365473110274,-2.1775584682337605,0.36631252427035094,1.4,1.4
-5.52540318858359,1.5683003008895167,2.535981456077804,5.092058633008831,2.7150625114319236,1.978610540733943,0.4170929866918655,-0.9306000711625553,-0.6200495133961919,-1.0445196933008336,1.4,1.4
-1.7794054018180463,0.6548960106561023,3.305191898556258,4.873670311773001,2.3280942543280503,0.7615670174741327,-0.5638984093379017,-2.7580294434274317,1.3109535545952868,-0.9790475406620118,0.2566666666666666,0.04280000000000017
0.8296347233216732,3.5099762723099905,4.036542439400206,3.3433357114876485,-0.6144085792896334,3.8824390692705,-0.14200782325260652,-2.0128694890428203,1.8489985992148759,-0.6359963451102497,0.33000000000000007,0.2565999999999997
2.536687033131025,0.2002147132882421,0.48485814280139156,5.919811302882165,3.9254187424607174,-1.525837265770684,1.0005848349056188,-0.6815600016685369,2.2758423986323733,-1.6713927866535703,1.25,1.4
5.513934605512495,4.398547237309295,1.9661243324001145,2.88196313571435,-1.3574301999413505,1.8871472824760314,0.4217288181041378,-1.2900711135272689,3.428600264201139,-0.854970485169518,1.4,1.4
-2.933214568895028,3.5768103073021185,-1.109627412289021,-1.1408702084699425,1.8685551865239711,0.6248043207486643,-2.791492903118313,-0.031873984223401826,1.2426849818335628,0.021915787189170127,0.5999999999999999,1.0936500000000002
7.378818351905855,3.3536694012037542,1.1821797456619734,-1.348288222155714,4.694996613137347,2.075482066709846,-1.4770219229069175,0.6495193973960414,2.1790191449227483,-0.009518377091043848,1.4,1.4
-4.601682221185539,1.526046367658111,4.414491753021021,1.6994657618053965,5.125516249663742,2.3007957812735396,0.5886485627520763,2.380397061550887,0.28964630421608395,-1.0222288417092111,1.4,1.4
-0.440648038016776,6.4945654901073,0.23379262173849555,-2.3465006583851915,-0.7259321148756536,3.483887271419696,-2.1219580878254427,-0.03586568849356982,1.7617346602576036,0.2643531757472353,0.7999999999999999,1.4
0.2834992224055448,1.8849035820922162,-2.6086690543204383,-2.6324246716940887,2.4934280236440847,2.78891849128807,-3.7599634737676286,-1.0677007930653188,1.1238866834194223,-0.4216715703952332,1.4,1.4
-4.846525727015868,3.853993654509348,-0.6527190937795805,-0.8116666903895352,0.7338854060137832,1.8614814030505094,-3.4523186446993166,-1.2197328052250278,0.35480861285035203,0.4511042726261106,1.4,1.4
-3.1649815931203187,3.2074569123901133,-1.4929238255970267,-0.5771960406048082,1.3834985599049754,0.8990777538081077,-3.0838604526568076,-0.46895172134793256,1.2779070501018996,-0.09429330333113836,0.40000000000000013,0.7324000000000006
-0.46900621856970737,5.759748466829842,0.11060015854066443,-2.099808443746251,-0.8810003348940224,3.7811278343255865,-2.152981627718878,-0.1489412563583738,2.02560813476984,-0.06316461384424334,0.3999999999999999,1.0886
-6.559668406739988,6.91272757326704,2.696151392581913,3.611338392435688,1.0911446060153172,-1.3928485160047497,-1.7910274852066421,-0.00515087749410509,-3.6787516352485965,1.0683800645075465,1.4,1.3923999999999999
-4.55916529216007,6.65464727383333,2.1735277749656996,3.922911952950335,1.1371376076085848,-1.1838529265297681,-0.2899014869751081,1.3913378050103649,-4.5640943154273526,-0.8180097418415527,1.855,0.6075250000000003
5.503712954525173,4.850872349194723,2.666934774699863,2.626097051336059,-1.1012273314932377,2.380946774707883,0.2822075896684921,-1.8533605959564352,2.795112575882465,-0.43380206585267955,1.1633333333333333,1.0566000000000009
5.492421420447613,5.909687189323903,3.3887802353477006,-1.004404025851342,0.962686943869398,2.371126613364626,-1.2702538800979988,0.03483340283284332,2.324311987136285,0.9163587150391852,1.2822222222222222,1.4
3.8831183479905667,5.757579642956502,-1.0420090242621038,-2.398306245430578,-1.1804875414132543,2.3863227549152612,-1.6409123112582833,0.11707258364830624,3.0646603418596987,0.011292395489269589,1.0999999999999999,1.3918999999999992
-1.3762185087438792,7.783666451483075,1.4790371906744768,3.400374622379759,0.10714212885846405,-3.6451602267048564,-2.1976037958020536,0.06472415682508595,-2.726957690101489,-0.07515935304240243,0.3087500000000001,0.11719999999999997
1.00705119240056,10.863340030840218,1.7419392513949514,2.3482792525397223,-3.0579812795425396,-0.2318717514037426,-2.649246232725114,-0.5445706177679859,-2.437590790910137,0.6446341286911498,0.23888888888888893,0.7766999999999997
4.9218092988285225,11.56313458599265,0.6275013380915253,1.389817815360203,-4.316876596124254,-1.0368923481401593,-2.6670888332424774,-0.8548881933214685,-1.5685093644866657,0.6051636451172568,1.4,1.4
4.729798038123941,11.702365664468758,0.919915599819927,1.2471609633942908,-4.40196037355598,-0.9418825166763346,-2.791344651973626,-1.0264150968278012,-1.639745018175458,0.8304750720851608,1.1442857142857141,1.0436199999999998
-7.69041822720522,6.746371211277307,2.3437364732229793,3.1486853552844876,1.2230401235798658,-1.862659695470603,-2.754791333829434,-0.915191395731128,-1.95474573854682,2.2707943646810165,1.4,0.5430000000000001
-0.36708914884387306,5.537341742458157,5.680686680118333,4.709595722567789,2.583310098467471,-3.448138622588505,-0.6724510323316459,0.4818739085343688,-1.309194204232641,0.03893124432271278,1.4,1.4
-4.945145580479938,6.230640641656379,2.9148186616183858,3.523973982417912,0.9309483572734368,-1.5202522974000623,-0.3511129001768421,1.1618073252842926,-3.527281268075173,-0.3616051619156717,0.55,0.6952000000000003
2.429020081638677,11.668810551941077,2.6638584839931028,0.4174125385988685,-5.267900153395188,-0.08567657267755606,-2.95985595482232,-1.6416947382102642,-1.0253035271747293,1.190028936057381,0.948,0.7768000000000002
1.0336619500008442,6.235082426918233,7.307876955729909,2.9241073074592236,0.4840464359138086,-2.024665578484933,-0.40322157153082255,-0.03955605094800589,0.4932011265128804,0.9938965261800475,0.6000000000000001,0.32379999999999987
5.217825687628535,6.347612918920131,-2.1211664018107834,-4.391273921398119,0.832025729115663,1.6916950063773517,-2.611009925270404,1.2954009557179595,0.36036152948654815,0.7197578896465238,1.4,1.4
8.605925325432947,5.051391286715756,3.0826108651673847,-2.495057819957621,2.999292856634,4.153744627878193,-2.2565808414985993,-1.047003430326724,1.8912499441089827,1.354604016748605,1.4,1.4
5.234356875997342,4.99978851303486,-3.0099140181229695,-3.866726877459733,1.3162276785860465,2.4050670110360985,-2.380529819777115,0.2039256478374591,1.6883786245062564,-0.006772944806184512,1.4,1.4
-1.5308687725307926,7.865485830621222,2.0109227036856856,2.4926084778365256,-0.5101355690568125,-2.929967079812029,-1.471988024242521,0.44033998661559526,-2.3404203024357217,-0.614170755179683,0.7999999999999998,0.5346000000000004
-1.138567031450267,7.4709442339719025,2.5557957019959185,2.4201264330336,-0.5536564615407533,-3.3414622066818476,-1.3560142245512539,0.2976460571967481,-2.2146413552738924,-0.28686373684176925,0.5250000000000001,0.02685000000000004
0.7961756939257092,10.30939909209247,2.4379967216835023,1.5770152756580897,-3.4380668487476775,-0.4937053707046798,-2.3805358490524196,-0.722903163239002,-1.8230676586501668,0.738339669801827,0.32000000000000006,0.02240000000000042
2.9275951293445024,11.260364250555206,2.031994696983392,0.49557548672585017,-4.922729073744842,-0.30019246511902803,-2.598524676468251,-1.2760402599659377,-1.252879778911502,0.6705933922920969,0.1349999999999998,0.5394000000000001
1.654121985949151,1.7665488098916258,-6.224811174923376,1.6557293015847985,-2.6044560366013094,1.1847542064353642,6.186394701527027,1.8975980526476544,2.624667356892273,2.029432073284761,1.4,1.3866
-3.797428528062621,-2.0694526636899386,-6.0512584950771044,2.899321375488728,-0.9203047599924638,-2.2151607771001887,-3.69284366259519,-4.283059372934206,1.6975062680716737,-1.0757397632203964,1.4,1.4
1.5708236845662973,1.3452675541222332,-3.743534759623696,1.2368625887679643,-3.146614407234096,0.9935788557617911,1.7428512053105056,0.8853275789133883,3.7660223881870887,-3.2930120073963796,1.4,1.4
3.3160730667024874,-1.848342839751884,-5.679087180615989,1.41292799079987,-2.3104983242937736,-1.2850691845082223,1.7066752034128905,-0.4168498808939035,3.0841706248173115,-4.879960200607813,1.4,1.4
-6.642350563336732,-0.4921297509735896,-1.8134305767020973,-1.6158398885891267,-0.5055833151586269,3.887788261720175,0.09403354519234203,1.2409713809304215,-0.03419401519039258,-2.2299813471735086,1.4,1.4
-7.348896012285756,1.5121822888068797,-3.0925004286785334,1.8289967926941615,-2.4856843744217816,1.6118273271399086,-0.541760173195532,-1.3187052712626373,-1.1549813703734835,-1.3249557367573224,1.4,1.4
1.0499553992443302,-1.6528768855403833,-5.432360576132106,0.46308964238455846,0.3831913249360839,-0.07570433228959686,-0.028012838876618797,1.5839126231700043,3.1767825167325823,-2.689123422959506,1.4,1.4
5.2281600421781445,-2.917598005890194,-6.302135909043317,-2.3022034947752097,1.279877356284164,2.7186907982661532,-0.6289753512163697,-0.757469463445906,-0.8723663405251764,-2.7421639265486437,1.4,1.4
5.661131692367827,-3.2802965749898845,0.6535307148838091,5.425690623458522,3.6962666795142605,1.2779532282520585,4.316792179176711,-1.192609822311196,2.928036499824061,2.3172817001551946,1.4,1.4
3.572449495897423,-2.400270187497289,-4.523834683724445,-1.3354818711065914,-0.3574624893860861,1.1283379746878934,0.44198985598188045,1.115240428519226,2.818843616830756,-4.324931538238066,1.4,1.4
4.78994384655706,-3.885175965033954,-0.4284467201874033,3.7031398066476267,0.9746326174205411,0.6643709012702816,2.7184239116495292,-0.8262414144655109,2.677855945496764,-4.653128235972097,1.4,1.4
0.9841619444138613,-3.380758028588528,-7.932043205845959,3.0819686587630484,-0.35783695034843066,-0.851980528593943,-1.3780137635420933,-4.083200421403211,3.2601399355193945,-2.5701593339325175,1.4,1.4
-6.970455947412516,-1.2513014781738552,-3.248608467060484,1.513869044851574,-3.4835069013890636,3.0517392922576705,0.22205076175123403,-1.7876694159984416,-1.0444152158715667,-3.037481537252147,4.699999999999999,2.45365
-3.876396100588382,-0.23245494849767315,-3.913762832424509,0.8922762566562179,-4.494369394918648,0.5677507666057445,-1.6385456343628613,-3.207047897645854,0.8449166317226905,-2.0722494365831854,0.6000000000000001,0.61435
6.532497903246498,-3.6915524498630594,-0.5036245802028397,4.076966952965958,1.3255875854207526,-0.5904749408487343,2.7389929514170586,-0.8892618413914317,2.74659130064222,-4.321325468355518,1.4,1.4
1.633346061823484,1.2747452415451241,-3.7275060403970217,1.098022979109052,-3.341034081972615,0.6772601614359237,1.745882888215776,1.0039086867946925,3.416274376868791,-3.2053030151611064,1.4,1.3897
2.1757572179968125,-3.256700093447084,-0.7559508857391698,4.815587296652525,1.7169617753858686,-0.5418836810490996,1.4047031275233512,-1.0400253817707832,2.8521676272955494,-2.2106197949544257,1.4,1.4
3.199383806002396,-5.368401365401003,-0.2915688454125888,4.616886210927749,2.2676485176522383,-1.2407178463126471,2.3260938229719774,-1.0865265081351017,3.4845259414150695,-3.7445916165103483,1.4,1.4
-2.714135735829497,-2.4806333589381575,-7.727108281246123,4.523554188787053,0.09895225095250179,-1.3981317282722705,-3.4347491112666684,-4.2552461287809376,4.126339315640873,0.09593198767882843,1.4,1.4
1.6908186335814122,-1.2001049547574618,-8.413557602957429,1.943006770915174,-2.1877333952546536,-1.3391829542612295,4.30005016553203,0.1933684360098139,1.2782644954089406,0.9147262600954787,1.4,1.4
0.34138668603433103,-3.3233692489362663,-6.1630998999325515,2.974499178974186,-0.6605918100301954,-0.5447501872630492,-0.4091617081981807,-2.7891063827453397,4.573097827931855,-3.7566240413396055,1.4,1.4
2.4470385787707976,-5.91521760118393,-0.5741376967236722,5.121691499317191,3.081391627212137,-0.8510068525756889,0.7975484661286827,-2.9944721353447163,4.448036306924094,-2.8244761580361124,1.4,1.4
3.8059216640495945,-0.6600304243002288,-3.794843889564167,-2.7192060009665107,1.29400441917744,1.6784208787249837,-1.0378855045954365,1.4887915075836815,3.08365648174946,-1.2849834408111362,1.4,1.4
4.551667446748546,-4.0743647095071855,2.6256031692057724,3.1641392097874945,0.061597174778688396,0.43605879321381746,3.1595291500221045,-1.1809504260670627,2.106522883559561,-5.144850132595222,1.4,1.4
-6.6982099783968465,-0.5203177028501665,-2.982820359598712,1.31645011757026,-3.593027308068252,0.2833059330301667,-3.1054820111899346,-4.175042573188956,1.7392305783486421,-0.6176981435795604,1.4,1.4
5.892759022502228,-4.28550723602092,1.3129301686341794,3.6552463327644773,0.9928207913488613,-0.49544426018484633,3.085792958337112,-0.9696198669741566,2.595559355826221,-4.902058905456265,1.4,1.4
3.7243965716611958,-2.505520171682016,-5.651513874358319,1.6505016883244537,-2.4324590380605526,0.46984851440150155,4.51341748082161,-0.6968074627366553,1.8031146934965236,-0.9986169120663523,1.4,1.4
2.9890589654994995,-2.805443449359574,-4.0127640990402105,0.9095922878382791,-2.6000091627220825,0.4554962326049641,2.2849460752068214,-1.6268194548956703,1.48437559711343,-3.059938388246355,1.4,1.4
4.044446401723954,-4.128321864462908,-0.6047918086665269,2.635370035936479,-0.2713380412596897,0.9122038790557809,2.0040901457988154,-2.3262381523317037,1.8436517923013922,-4.008463465313038,1.4,1.4
-2.6016251324751885,-1.2945721795124767,1.972494408431457,1.0000563335834667,-2.49975202471581,1.4926712993246822,-0.3233498656789966,-2.331504911699705,4.567357514101172,-0.4307992129533841,1.4,1.4
3.368328448784022,-2.661088134351011,-3.35356406977027,0.8945825206986792,-2.9043393844184413,-0.04832734017743355,1.367168760887079,-1.881955907100063,1.3527316395226927,-4.405211074677116,1.4,1.4
5.062701507796557,-2.459704030044145,-4.860058471030252,-3.3080012745728262,1.5330080695268273,1.6681130676950056,-0.7187439023952454,0.8869516429959013,-2.032027943745579,-2.407675435903687,1.4,1.4
-2.273170534559852,1.9570485867862637,0.7576778280362106,-1.5967652615558414,-1.4141833026914523,2.16380405368374,-0.29372774634378346,1.0788008053239002,2.2795198301589394,-0.4333867735149133,0.15000000000000013,0.2451000000000001
-6.13971481060225,-1.6567450643967796,-0.6225415165399582,-1.0999262545187032,0.2053114969321499,3.7978904883670674,0.08850030442166583,1.4522475758996964,0.011552223072814415,-1.961572137120735,2.4,0.5865333333333334
2.7267747115216596,-0.06256444570835128,-6.386922292856792,1.3264176506731735,-1.3936476385393928,-0.3096858381924186,3.0884873865142652,0.8590565046010461,1.3497615162664462,-0.42336600441804195,1.4,1.4
6.01444881604923,-3.323304199971406,2.0903452214800806,4.920613067970796,3.8350676647295945,0.8623654536568934,1.6027631089706362,-1.8455355695696367,2.710915891684416,-0.6667408221539072,1.4,1.4
2.8039885960384647,-1.6573507874407547,-3.5991678917493983,-1.9227237030175832,3.4646919241433674,0.4971081230015443,-1.5116420343314625,3.0548602986830207,1.783963350063642,-0.2199982788073769,1.4,1.4
1.4911689719659296,-0.9315377019799115,-8.722786256603152,1.3258341776386064,0.9019238315813112,-0.8552330527880134,0.06422084226723816,-1.8550980856340207,-5.952168799060714,-1.312801766482866,1.4,1.4
4.719624045371051,-1.9230280076937538,-3.9080874320163663,0.28102876783594555,-1.3851213965220162,0.22934999189272515,1.15293823913621,-0.7978770329331091,-2.774502893798271,-3.42950387240556,0.31000000000000005,1.4
5.159360641684628,-0.5256374348774469,-3.363891608120204,-4.231849456223769,1.6153254609859253,2.9161463694732057,-1.278944171787257,1.0028869410528056,-1.210860951611646,-0.6337726615960889,1.4,1.4
7.164508658831107,-1.2483471425244168,4.248863544779202,1.513664341423684,0.9112691281347851,2.9461073418442463,1.966446362905558,-2.14346163140462,-1.5119945722524841,-0.9330705566004782,1.4,1.4
2.3544238218737767,1.3356779769235794,-5.050278771425438,1.1127283336922518,-3.0556614146945575,0.37343171665539227,3.8037141594920056,0.8747548955786739,3.1510018013137517,1.2881184061302748,1.4,1.4
-6.750308559640475,-0.0047095791704539446,-3.3466141417966364,1.8718124119781814,-2.633512395705245,3.2204935950862814,3.317231465836847,-0.024642033367402717,-0.7385580657662678,0.07428753806731987,1.4,1.4
-7.237493282938446,-0.46744638495738666,-2.9628791069058704,-0.9479651054092456,-1.0484227135679571,4.241386808630902,-0.5458646024323273,0.13662012529927411,-0.06875436498361429,-2.2229523539844074,1.4,1.4
4.5836938012123065,-0.34090925424313423,-5.838519999176878,-4.7374795243016745,1.4157703877347836,2.9004498859173893,-1.286153769427404,0.983904720812792,-1.5710048737314088,-0.8346577951098649,1.4,1.4
-6.358519058824317,-0.8226509791514967,-1.882387475012681,-1.7956001901361551,-0.46765474375857075,3.962481655294912,0.06276343392733418,1.2564233712113737,0.08353755459634835,-2.319753812006652,1.9,0.9782999999999995
1.7232812668325508,1.4030032597461581,-3.378275538778926,1.2070334914829457,-3.7422893361994203,0.3976499393567333,1.5751144545473383,1.055758694615897,3.256002430064883,-3.494847719546266,1.4,1.4
2.614559930868241,1.0955105236904168,-3.607034621691689,0.6986380883053284,-3.3814777025643314,-0.2996175280170153,1.158127592043347,0.3282380755390638,3.1447792274979225,-2.3663023323737606,1.4,1.4
5.7035998773912855,-3.8821950726679195,2.4123581668793816,2.3746231554315664,1.7233914992944155,0.7417344504337039,2.426471872720406,-1.2600270293719942,-2.6912703868246264,-3.5651338037701676,1.16,1.4
7.497805859662901,-4.1710961906056285,-0.5635700755340498,3.6393397185901795,3.032245228142709,1.5553407104547232,2.195449789433198,-3.0829527931955756,-3.0387431353993377,-2.4248846487838933,1.4,1.4
-3.775437845697784,-2.908776818585129,-6.257929222637565,2.5667119023634313,-1.3806594438421111,-2.6664169888517164,-3.714772566743334,-4.654248420435389,1.5495538261463646,-1.4768353863388277,1.2000000000000002,0.5949333333333332
2.2375068657001487,-1.3173425597847181,-3.1907365921563136,0.7016798997533489,-1.9745326763169455,-0.22849787742344774,2.8921361343589256,0.30881464845830686,0.8555446234561292,-1.7462052873793847,1.2899999999999998,1.0238999999999998
0.5391315120056615,-3.917974286732323,2.3304142784784707,0.010456090041851183,3.7451032662647403,1.370087281550707,0.2614643142607586,1.0089931243968855,1.4871313098754613,-2.9543558162038424,1.4,1.4
5.535889952043232,-2.6277900171027464,-6.281357259233574,-2.5134918164115336,2.0437711483570973,2.339779470797132,-0.9981835016210633,-0.46678296259412655,-2.5449290625636087,-1.8483174572025651,1.4,1.4
1.776090203135732,-2.5015896343820434,-4.712586670549704,-1.0702571997761539,4.359188553048663,1.149224975525529,-3.310682890430061,-0.2502131075126101,3.6772863989687594,0.5053162436485737,1.4,1.4
2.8257679048785436,-1.5908296649085272,-2.444128970095244,-3.285629263952633,0.4139554175865367,0.8198271447506678,-0.2726165236786129,2.252689143225719,1.1061035872778913,-2.665090451766051,1.17,1.1216999999999993
3.635504541405788,-0.8930221252269748,-2.8561150903508987,-3.3888106305954566,1.0741194805414207,2.533770784852172,-0.9137104614419252,1.1094486233567558,2.5731434012276164,-1.2441061457088325,1.4,1.4
3.8504818270548724,-1.1106666130465925,-3.1685528746532867,-2.9407593488705355,1.1728409631098713,2.6465884459757145,-1.0662981666665903,0.7208930887777714,2.741750406029959,-1.5756185872469404,1.4,1.4
0.4935718729612803,0.44670307062989156,-5.89860770899284,1.7105844963360701,-1.803437166608256,-1.7139888223536066,1.5809335514643654,0.5293840850167434,1.838224925959581,-0.7865816518594756,1.4,1.4
2.8530488180493756,-1.5960396299125037,-2.6541965574695765,-3.091343183732904,0.5234364430198775,0.6995632349488313,-0.2083016560815636,2.538424035665093,1.461420241938874,-2.8961060758215282,1.4,1.4
-6.93971690049317,-0.8900557342600202,-3.164308142902641,1.6592596616772317,-3.1893086683898226,3.1584765888976944,0.25470613937738346,-1.5666977283192303,-0.9645832292022718,-2.9408599961856265,1.4,1.4
-1.4678919507921013,-1.708200477973941,4.117080995077076,3.7029265356525825,0.35046158965415974,-0.9400296834623493,0.988756661597345,-0.2554394061156716,2.842972650327878,-1.793926554218283,0.1100000000000001,0.4661999999999993
0.33789861652612657,-0.1704259535317301,4.981070086362156,2.5596602343462944,-1.4207965420112794,1.3066868518951,1.8882877839855545,0.3490124828535343,3.216059467218338,-1.8460146777258248,0.6099999999999999,0.7871999999999999
3.166987294008635,-0.07596306420365044,4.41065727360662,1.972753820282406,-1.7202172749918692,0.2523594374408167,1.896173061225765,0.022541465454651886,3.953710586030817,-1.4180693973724645,0.5499999999999999,1.3418999999999994
3.784666407494886,0.34175317348674483,-4.653093514856231,-0.6157238038475636,-2.1395861765337836,1.4310467722898739,1.0158681807411984,-0.8366755997896138,-2.3170548129014326,-1.8474480462225575,1.4,1.4
3.729879703872171,0.9377055122748962,-4.552069673756653,-0.6877703077301799,-1.980728401879846,1.3130438703322864,1.0044548975538732,-0.7535210131265309,-2.4609250620858742,-1.5305144700541142,1.4,1.4
3.779183206667418,0.36651248067540376,-6.182843605186928,-0.05733958652997468,-1.6021153033569864,1.9662905223027032,2.7274185366984365,-0.8681221064985587,-2.0831044645289816,0.43004687342761827,1.4,1.4
7.537986771626792,-2.6489519765407454,2.4499895637970783,-1.7413777390223963,5.0711194746728525,4.70909479888442,-0.40319019322322497,-0.6292079448581978,-0.44927904889275483,-0.06356743922610857,1.4,1.4
-1.1362622681139445,11.191449850009384,0.46005143765710105,3.504205368405408,-0.64318451241176,-3.6530741490133742,-3.084954573451665,0.08639944271800175,-5.079294192173738,-0.9376435155307147,0.5,1.4
-3.3835582990555224,3.8319525462597293,7.297158464672911,5.692406736059798,4.48675827008731,-1.0830714042406329,1.2385739908293427,1.1449144942622906,-3.012475684001095,-0.543064991903141,1.8250000000000002,0.9477999999999995
1.8167606916224148,3.791274486199381,-5.788438123903092,2.5604017923142046,1.2687727692957778,-1.9895678541839794,1.9578853931394937,1.069861543322251,0.9403252625784838,1.0336950907353515,1.4,1.4
-2.763629945266674,5.694485487002121,-3.432946890803946,1.8158575935776493,-1.0274365436344008,-0.9941807817821304,0.39312997868300986,0.2482995765034728,0.5785777938898962,-0.5931302490178736,1.4,1.4
4.369744713579325,3.8530008826643503,-2.9783323100472505,-2.8912717997627917,3.8886933579100464,-0.7605025460218875,-1.9333774532915506,3.024435488578333,-0.22772667319107107,0.5255631980632035,1.4,1.4
0.8101792359271331,2.449726157424586,-4.177899086195183,0.2717055173150343,2.87050144778552,-1.263813639289661,-1.4148187704897799,1.4484270471096563,2.0948081087813284,-0.8109031295701774,1.4,1.264433333333333
-5.70672182248346,6.1100192250900065,0.44216733850574524,3.420583112842345,0.8780412481644151,-0.4585654965520129,-0.3385327352397168,0.9487037456409138,-2.704665550491765,-0.8267757192715863,1.4,1.29975
-4.927930633695373,7.922162490997013,-5.284222252948627,4.578418481059921,1.1097976538643808,-5.189619476202236,-7.2520676904044175,-4.250847843410426,-0.9949307320173008,1.8686467097193524,3.6999999999999997,1.5464666666666673
0.9308383352503057,2.2344333019865257,-4.09935103085053,0.0919893091656358,3.0301821573229555,-1.1225999751463396,-1.4656879053654248,1.4972927987503553,2.193294673484612,-0.8542699775642117,0.83,1.0904666666666663
0.8594429603307131,7.7787440568318695,-2.0461573121980505,2.825909933527788,0.504984434239022,-3.4019730981985217,-0.48952669198721493,1.2828544989517983,-1.7504184622898395,-1.7957896166394987,0.10000000000000009,0.05189999999999961
1.6544783479322773,8.55279797796089,-1.3142082355377211,2.4646484455878546,-0.1001942749553973,-2.359575569127332,-0.6428681101825926,1.0958227859053589,-1.1420057076340562,-0.898941693709929,0.5199999999999999,0.8716999999999999
7.051154811046418,2.549236418655503,4.334823571620596,-1.0206768774120605,6.925358956639162,1.0146875821214363,-1.1130738163865395,1.433077421282157,1.0378668394305919,1.0121019540244096,1.4,1.4
-1.342813533882407,7.386664192534316,-7.354389579477589,4.758067160491614,1.0724695734839143,-4.075028306235147,-3.138322648079758,-0.7926017243711954,-1.8777700706645135,-0.8567834893361029,0.6000000000000001,0.008000000000000451
-3.8245177798642747,4.041774579475941,6.475211463509947,5.511365597939016,4.20153581710279,-0.9449490593803671,1.1033610862211016,1.1292103991818512,-2.907433376152596,-0.5719745410696166,1.4,1.4
2.0506081625584565,8.257562936545664,-3.0182263067508344,3.4078027696668522,0.9811315045876552,-4.241737569626365,-1.1304465335634006,0.9669259770485106,-2.473660369563655,-1.4190825173634676,0.5199999999999999,0.9429499999999997
6.19100332795147,3.6856947361239074,5.871088852663118,2.828067903276296,3.206579260983091,-0.26884532268165046,1.319761888089139,-0.33092556371533,0.35891521207243837,-0.2002617754171995,1.4,1.4
-2.552420151734919,9.122762292827689,-4.554249098210283,2.79827396036395,-1.606445049336116,-2.4351378247452407,-2.9919918107248895,-1.2802768132133533,-2.6490847292876585,-2.067684132677713,0.6000000000000001,0.5302499999999999
-2.810187463191086,9.367823090815444,-4.273484195509866,2.808662768505031,-1.7340625542807109,-2.3667909438211336,-3.198296632979722,-1.4057609433869447,-2.6886994602774976,-1.7295641297571087,0.49,0.5269999999999999
2.7114645702485056,7.439144442394182,0.813925199303532,2.6563832633638205,-0.17905362179728318,-2.593454715167161,-0.7615098676762625,0.6132974936282446,-0.7859099839134277,-0.07266787190260462,1.4,1.4
-1.1308971865892592,8.99663949662203,0.591541449209764,1.915716643427642,-1.2048662408723587,-1.1217287477439897,-0.9222285012491743,0.8627410125449684,-0.9421574671588944,-1.3661250330389092,0.32999999999999985,0.6558000000000002
1.1471719380934806,6.653325074667716,-0.36100829042000604,3.793347142739234,1.1712786847574013,-3.6786804042711174,-0.6833415344813012,0.8900874645485978,-2.294073790048702,-1.1541212242311967,0.8099999999999999,0.9887000000000001
1.6052396221571097,7.246935990977002,1.7576622142595966,2.361733901928364,-0.4158448949809763,-2.6170535805083492,-0.8661472644998467,0.5574107951436487,-0.18524797172240368,-0.1929623645369568,0.6150000000000002,1.4
2.1890332784898807,2.4362902249994627,3.8395139212755116,3.0973587978504753,1.3758428837785408,0.3946424532096126,1.1710675775282129,-0.7500321006792483,3.2065294493285803,-0.4132158736299317,1.4,1.4
7.476395175778456,-1.2993071589217542,0.5316503239073191,5.434981149668372,3.2773319980179627,1.9907465234308914,0.6178688775111145,-3.8600792324373554,3.1906321892005916,-1.5333635773249847,1.4,1.4
2.1910578070005524,-4.954940715904701,1.2959431870849638,6.183730955687997,3.707222203187717,-2.3165372548786425,0.43870087217777043,0.7018181412045855,0.8426521197090189,-0.2686880567048963,1.4,1.4
1.707060879288845,-2.2481172736642208,-3.2661935345512947,3.210643358027461,-0.7961143353541984,-2.2666730452162107,3.1948157919126503,2.3345145175293514,-0.27461271839093027,3.633326008975625,1.4,1.4
-5.8706879111369386,-1.6176774907488394,2.206234024509796,-1.0069460436134607,0.6706734763956937,1.7833731233011008,-0.7331061846362832,3.2072136380912966,-1.981267122955603,0.6892379783279532,1.4,1.4
0.2603801853610771,0.07965841181605614,4.707416341844616,0.5438706470076358,-3.7177849330195554,0.43918747541115055,0.15521541643966671,0.12022849981375063,-0.41180400896702557,0.4211751407033685,0.6000000000000001,0.4756999999999999
3.600009028526081,-1.738356455889834,-1.283433224807201,1.8010297233060055,-1.9742789327054175,-1.6716244086079566,0.5399615308705643,1.6950922243675528,0.3932099215176053,-0.32090383850237736,1.4,1.3996
2.9522183804703643,-0.6874409798457839,-0.22566721637779785,1.3457576101368574,-2.3439952605722665,-0.811825116368867,1.738837900199648,2.212219118303475,0.08011454284272732,1.5652908305865851,1.4,1.4
2.0280924909525546,-2.2756100868356492,-0.433864417751585,-1.578593860474145,2.0428886816081797,-2.3153902349679365,-1.5164133242845568,4.184208563671134,-0.2419508758493303,0.7715262870060801,1.4,1.4
1.7806377881948823,-2.0596046229574476,-2.04253921555076,2.4883680625233193,-0.5121796158828876,-2.8437972090945975,1.424110081920891,2.2492381345366597,-0.6136575322353303,1.6296799115068636,1.4,1.4
4.308896638432605,-2.535942759034524,5.210827789373769,-1.7138342035906962,3.523993850773127,2.341149784876553,-1.836240196390942,1.2163407618108906,1.6320925184249646,1.514303148095558,1.4,1.4
8.109725300044792,-3.501562638039491,-1.434730137712266,-3.1568474327416536,-1.6416181990910472,1.787825580515086,-2.988626327164288,0.7003148804948605,-2.816127345767812,0.32290159082814385,1.4,1.4
5.826157181028246,-3.919726093579719,0.2915326170179332,1.2764514479717386,-2.7546526822870128,-3.7018273232661936,-0.3402154274880999,2.1056870750425136,-1.0531845287802875,-1.029261401412701,1.4,1.4
3.299720990057332,0.13279242139044659,1.2143927592788828,-2.479149123723951,-1.2595687871865884,-0.06708657709512256,-1.2464460351445323,3.473358062342033,1.508603632750477,1.4210974779326242,1.4,1.4
-1.560825696884868,-1.9091389161515175,2.880510771867118,-1.0190887639565473,-0.8051812369451473,0.531545829796848,-0.6321056169737468,3.2962598829584064,0.17766587321803542,1.1513242647457185,1.4,1.4
5.77572739457742,-0.8566291056901221,-7.089657373344164,3.353392365905656,-0.7045530223150671,1.3833551321862665,5.703917958413411,0.2859039499277349,-3.902561995620213,8.583382526423476,1.4,1.3907000000000003
-3.9274600056820907,-4.056982845511826,3.749059373357177,1.6049958381863996,-2.1071287975508626,-1.6339359500940371,-0.19653954839128862,1.1427613187686976,-3.067897607775259,-0.4653340244656119,1.4,1.4
8.214505183682444,-1.8236376661993334,-0.12900679112064656,0.6324525935281818,-5.727248815230896,-2.903359238142902,-0.9648929835946478,1.2857138381236466,-0.22297301273786096,-1.5002888116245874,1.4,1.4
9.277206233384753,-3.8388253119271774,1.0890802334977028,-1.7987805215002655,-0.8951294386802662,1.9082739348507936,-1.883530707399073,0.4045127285718437,-2.9890767134551983,0.1863017194887783,1.4,1.4
-6.3366932146234465,-3.3464440524970627,1.2919578841160846,0.9009074032858575,0.2583994233662394,3.3567160200118127,-1.4328631854771035,1.4237527879733722,-1.0690353288230425,0.09694039094520496,1.4,1.313
-5.785805619709805,-3.5635846578726986,2.5337557797992147,3.160031781888772,-2.390305514608034,0.06561223106834124,-1.1119534920427456,0.32820877729942083,-3.9894611213777673,0.3978005368976595,3.6,1.4627500000000002
6.521609806529383,-2.5996297445402337,2.952176277699751,-3.170633827912912,0.5286124997508308,-0.05750353548162551,-1.1650185305796417,3.5673267334246503,-0.5276977466173665,0.16070085636525952,1.4,1.4
8.857951272411047,-4.111275267023628,1.5033459378860592,-2.5485376406934512,-0.19250565150372229,2.122984260179103,-2.072003524625084,0.45488626172478824,-2.596041937619432,0.24560371700958955,1.4,1.4
-2.602858836293614,-2.434565480222953,1.8392651955079902,2.6374944513181973,-3.4203009933581536,-2.395695069106748,-3.019655800869691,-0.998404870885857,-2.152324496051904,1.1406509256968103,1.58,0.12414999999999976
0.2546705508615758,-0.2815378031077857,4.000150532506315,0.3845932116602998,-5.259251350712426,-0.056752793048404,-0.7515568938462067,1.1686526602360625,-1.0618516282681545,0.5160360069979953,0.8999999999999999,0.5166500000000002
4.040046699597101,0.7146566410056583,3.0364653342124486,-0.7845291163938931,-6.766251750481348,-0.7041332104473991,-0.9404724541698857,0.6852146069365543,-0.2702325135838357,0.5922129023476626,0.7,0.4831999999999995
10.530420067754713,-1.7995532576638453,2.6994888297262887,0.644031922150649,-5.098350721748879,-2.231768189511322,-0.09123797026698671,0.581196821732333,0.37816511980663664,-1.5774767371190448,1.4,1.4
9.781375515030708,-1.8793885439146825,3.7393463910695504,0.11993441138195352,-4.892083646370063,-1.4594814859621588,-0.09448440757815006,0.5436831710247945,-0.2592888036371243,-1.4262080202582588,1.4,1.4
7.8953201332274405,-3.4194771433469464,3.2849430551929717,1.5612267220347413,-2.431945717011644,-2.9499169318245957,0.24663137646004665,1.8613274116789824,-0.5701930159863849,-1.000292735655551,1.4,1.4
3.66412495524396,3.8861168809334514,2.2991311019630647,-0.4079432136884555,-5.6141974114462165,-0.669922058073823,-0.7148695987479702,0.5439436279314106,0.42858517890821085,1.4506732679274423,1.4,1.4
6.304912411472498,-4.310235693464393,-1.09467098655524,2.4886752372850953,-3.044589328858313,-4.0287683781222885,-1.4070498926270814,0.3085940895462608,-1.3383151691465602,-0.6886573533164694,1.4,1.4
1.5212841077865682,-5.651831225625719,0.23823043722157103,3.3481499501973313,-1.9833193589862685,-5.238628743244493,-4.386864187317337,-2.0194642500018762,0.5745611151511094,1.1081286555830883,1.4,1.4
-5.3432861554258535,-3.8541957595712275,4.330884139361226,4.157772848270033,-0.0046892915127575,1.9119001744351323,0.3492557918455267,0.3794929600940132,-2.0109779686017255,-0.2537783389923406,1.4,1.2917499999999997
10.481141734843433,-4.339433395001756,-3.9105469625229845,3.3408158520937965,-2.352340691513103,-0.3829807539390837,-2.0367810364718153,-2.0313022317940415,-5.150385654679707,-0.7172023575920566,1.4,1.4
4.104801189396127,0.5363944911645685,3.0251640407691553,-0.7913174520165116,-6.813251717370612,-0.7212959611185935,-0.9557416203845815,0.6960230605343286,-0.30450464458364074,0.5499990664424526,0.8899999999999999,1.4
10.877358773846709,-3.0500013979398783,-3.817078031083305,2.318611168229065,-3.7361661971577975,0.07545966701486641,-2.1148041245109077,-2.37711812414442,-4.334367748970591,-0.7299873634868239,1.4,1.4
1.4385821482470864,-1.0677873754720482,-2.3521927485641507,3.15728257272099,-0.5488681920285804,-3.345511729753004,1.6210051388953215,3.0738979911748774,0.4089818166553744,0.6287614017794911,1.4,1.4
4.468425695813449,1.3590591690175315,0.11633460945195358,-2.1765936149293696,-2.239072337821341,0.3688975343233625,-1.2903880333341335,3.659357213662372,2.267971785040742,0.887541214921152,1.4,1.4
6.898247222344632,-5.072857306746102,-1.075856341362681,-1.192687619394576,-0.5219165017453649,-0.14657602478001588,-2.4163352668306937,0.7036252505482682,-4.173073240833588,0.23761150691687058,1.4,1.4
-5.378335910376672,-6.287377499579986,3.2086923937530134,6.06413512530647,-2.6766183674982984,2.340098664963472,-2.407650761726764,2.5128217501561787,-3.2868358857724167,0.5244072193032158,1.4,1.4
-0.7988904906366913,0.4927252324952327,4.642855090727542,-0.082418911390435,-5.306939863986411,0.3236155050862063,-1.4501532416048708,0.1365170036454923,-1.2734071944794405,1.244725917765642,1.4,1.4
-0.7924764550027881,0.4594975207678933,4.649354695479285,-0.08315522447506213,-5.31510134615362,0.3206855422545905,-1.4515637442692753,0.13833413259717892,-1.2748118974802713,1.2354622746956316,1.4,1.4
7.289736252923345,-2.3295245385445997,-0.9970683247188993,-4.444248303917003,-0.9579439440445731,0.2872712727103874,-2.4385396229956156,2.2762250159207236,-4.244785700033583,1.1342936698702293,1.4,1.4
2.9007016472063265,-3.493600552543914,-0.8386031243907776,-1.5098928717061488,1.737266940534933,-3.0342997461054844,-0.9146354853366692,4.901971656373131,-0.9101661389691214,-0.15448387416822498,1.4,1.4
3.9649741904968514,-2.2382627642535122,1.2372203811232667,0.7997337046658544,-3.8547868158432883,-3.0060648444863154,-0.13249491058726154,1.7990181965941596,-1.706786487237428,-0.7964199134947593,0.3699999999999999,1.4
3.2526078890019554,-0.9910437044081218,4.429967758908654,-1.157625933296207,-0.052533837761145966,0.3190803867286985,-0.45365323343987635,3.1244614361628282,0.4708378232357329,1.5150143490294188,1.4,1.4
10.124943407877554,-0.12028795416714358,3.4941748399496375,-5.130688141274441,0.23902334931342523,4.258818305701071,-2.2478189746359054,0.02356416257846162,-2.6549260976779907,3.0200632295156726,1.4,1.4
-0.817013154673982,-1.6733798368343709,-3.173170348324001,5.451115532189312,1.0819038611337435,-4.156525909964444,-1.6521830392170382,0.6689398987813606,-0.08168476110160214,1.432082868331708,2.1,1.4
3.2475144761520207,-2.6269782370279446,-0.7189945552346798,-1.8719048043909938,3.3681870528649323,-1.0850396193920833,-2.4015027847130823,4.382172744632441,0.16805917504120432,2.1563428640870357,1.4,1.4
-2.449285042413594,-1.2968027959709487,-3.731695823730379,5.833969533489628,2.3332439720699703,-3.3132411732881835,-4.090407515116142,-2.12318812788555,1.7523725827718406,3.690442444557127,1.4,1.4
8.465633841140425,-0.1870754059108326,5.143201352961435,-0.2797315263648356,-2.085866200833121,1.5677262510478789,0.44042034099943617,-0.9058076214368292,-3.419247167536899,1.5314460904507863,1.4,1.4
5.5954636263331325,-2.3526020167185306,-4.387198263981735,2.9945858511793695,-1.3667246794541636,0.6950519519122549,3.8164898265482816,0.6934147433813004,-4.569750550844639,6.719084517863841,1.4,1.4
2.069935523083466,-2.552955465829127,-4.269027012569018,4.726457397327597,0.5644835243584069,-1.8444600832095055,3.9253673249772634,2.1683456028647967,0.5810929888573,5.970588492184881,1.4,1.4
-1.7539453621685162,-3.8472703987814465,-3.117283654753299,6.110770883097738,1.739897623074789,-2.3846646124838733,-0.8498215152556915,-0.6901128891024302,2.801347495636665,5.668947590497305,1.4,1.3985499999999997
2.9341221728845905,-1.1692453537670695,-0.36595156053276534,-0.444237642452399,-0.7131580506827387,0.05373150554429359,-0.9627008523249998,2.9307411302639603,2.6174312357268676,0.910918275821176,1.4,1.4
-5.924017692654601,-2.0947050654937973,2.433206688735315,-0.5352768381727838,0.2425800402362665,1.6001149040967249,-0.7841221496765698,3.023052454116735,-2.2157218461337203,0.6924442905955154,1.4,1.3594
-0.48865413891714254,-0.059830153370830426,3.1223127557848356,-2.634369065033928,-2.269947339345187,1.6320917227759444,-1.5404957538176873,2.432427864000687,0.17230819849416618,1.661916703788815,0.7000000000000002,0.6244000000000001
-3.2505839483735692,-2.966936877840216,2.24446251666982,-1.9478270692933797,0.7454752533577991,0.12436221820632629,-1.0585198477247124,3.1994906747974743,-1.9897101635013443,-0.011004178619934754,1.2000000000000002,0.1135000000000006
2.34682371699558,-3.5150455544192467,-0.7020155979926208,-1.5780512275608491,1.6291810298963825,-2.6989216588402085,-1.48616995423637,4.063766686858705,-0.8669584909345507,0.40635776669989826,1.4,1.4
5.337764602637134,-3.7873059455993765,-0.4928744514439677,2.4474677466592882,1.3546267432372556,-3.090338561633006,-0.36056768446010606,-0.8592632739243784,-7.08832471588993,0.15646320742428796,1.4,1.4
9.57857218902893,0.8692921083832301,5.025474330949484,-1.0060190679251562,-3.770630504890644,2.4348417922131214,-0.07213473551610643,-1.8036842352164433,-3.4390685592759946,1.5558804107701911,1.4,1.4
7.1309918455165135,-2.460193414954379,2.870351638399507,-3.3298990403473714,1.2356912303626195,1.3936268184487615,-1.3120517986346514,2.0034732179331036,-3.657975904272608,0.6167812362700879,1.4,1.4
9.46581787713,-0.24595838493862057,4.674202176725166,-1.2033294251325353,-3.7059376811813842,2.463913411933759,0.1528737413302557,-2.0844644037446214,-3.1127933439728706,1.0802619898532073,1.4,1.4
5.265341345204715,-2.063068731092296,1.04100312549543,0.5634981428821637,-1.173505809474732,-0.7281317088794399,0.1607411202272653,0.5386825855628428,-4.640178161053191,1.1965872544278569,1.4,1.4
4.605257268746499,-0.09011334966136593,0.03518439839874707,-1.658307904833182,-2.2997740825506656,0.7261169347490936,-1.2078270425083413,3.1170657529583146,2.8164107936321723,0.4722256694488937,1.4,1.4
6.353862402052977,-1.8790430036055705,3.1359652089659287,-2.661960089290575,-0.14211981869635246,-0.4065306124613816,-0.7042527148817428,3.423883582700342,0.3158233937613922,-0.21799145853904373,1.4,1.4
10.044988672649872,-0.4917742167986621,3.6212047894608066,1.83500907448656,-4.9795711276953725,2.080692081182974,0.4716817248477701,-0.37813863543178877,3.986049376154747,-0.7460801594358127,1.4,1.4
4.330673627945364,-2.8172818231469616,-2.6460911375260885,1.6791151764964718,0.2531621665068831,-3.3941334149081084,-0.7895821825109712,-0.38573527990491624,-7.4633148129190285,0.36239161897678274,1.4,1.4
6.862386520331676,-2.502585959306282,5.802136359417311,0.9092398033581592,0.47989818953468816,0.10102169713128319,1.2167538962426547,-0.29902849506039514,-3.7742446565087797,0.8317182214747095,1.4,1.4
-1.0394244414396867,-3.2934878580114404,-2.492931843276403,4.579208016410979,2.0022343917660304,-2.956190196012106,-0.21939492833125224,0.9512097586038948,1.5841331534546077,2.331830202521007,1.4,1.4
3.0572382483738596,-2.2246645022729066,-0.3006293518123357,1.1833693385413844,-2.479301400556131,-1.4796935626273018,1.5017308365273037,1.97907199962282,-1.2257528290582687,0.8786596962239598,1.4,1.4
-1.7618136179970731,-3.829115862463368,-2.11999245069456,5.375308574877657,2.0151702226204344,-2.7293089225364797,-2.2177601659792936,-0.7504477183052841,2.6989030439435044,3.9238314653195414,1.4,1.4
-0.6065878949620233,-3.674213233358159,0.9465196591021294,2.5882487740894433,-3.0755504205096513,-3.1748419645189077,-1.9204230931609092,-0.10135581810729609,-2.5671698499848588,-0.7470458135202276,0.30999999999999983,1.4
7.910311071451852,-1.163063360972093,4.226006669538357,-3.71858188004433,-1.4294819108903023,1.0928235657214205,-0.9344651662239022,1.7811122109415307,0.4498612257908131,0.14713299396402263,1.4,1.4
-0.9189832070715201,-3.753762268772695,1.202025040593669,2.1767569489851484,-3.317046241894924,-3.169729966844724,-2.5924498109064684,-0.9199311757540066,-2.9332026101209574,-0.24294282188151226,0.8999999999999999,1.4
5.865517194989651,-0.9558327697163285,1.2224383604529323,-0.4364150821349892,-5.873734922508478,-2.4819958046595367,-0.42292447667811967,1.2117851458523563,-1.0503287238533952,-1.1796209003359448,0.8099999999999999,1.4
4.844122539370691,1.0576614002956533,2.094231325430193,-0.15386335851638333,-6.100550482651697,-1.1897673728927358,-0.4488586834593874,1.4254936736474353,0.0951015114355791,0.36239822394581866,1.4,1.4
1.4361882993389576,-1.9850858418670534,2.9921399856478645,0.10944085024481384,-4.910805331402978,-1.4777586000284244,-0.5275969411355198,1.0354994937019113,-2.1127288029744,-1.1945172551119885,0.94,1.4
6.221797989874467,-2.4045603472795274,4.175595224035269,-1.1175399134578212,4.738432968315826,0.8045948320560591,-1.2347298043742154,2.0520172507033694,1.7605250147592297,1.6809933419983336,1.4,1.4
4.986969388009748,-1.3612386071096965,0.2862948121420629,-3.8580819338857757,-1.458172654928631,-0.2262300243806887,-1.818722540167945,3.679305122664722,-0.3024441551734148,0.01800811842344687,1.4,1.4
5.196748268456807,-1.2053120799218942,-0.8170810389225558,-3.4581953114965085,-0.3149298929902488,1.7206238241564349,-2.2006403412014586,2.467538930562639,1.4048618845985918,0.7626194875841994,1.4,1.4
5.019823005677758,-0.9157571258742385,2.0035328175708784,-1.005116404489788,-6.379060999829896,-2.023086224106164,-0.7757370914229627,0.5535506348627074,-1.3435964385894994,-1.0213426961414294,1.0219999999999998,1.4
13.998967275206713,-3.1181557610921726,-3.3354016610764847,2.4309157816703313,-3.213182103880395,1.4603128810763095,-1.245632603070187,-3.8626259750254857,-2.869977629881835,-0.7717335264718027,1.4,1.4
5.37970907318833,-2.0657565313977506,1.4555320850201967,0.6920946523317762,-0.8078436871495859,-0.6402879040193769,0.3491036612959653,0.43156312485379583,-4.558710840689247,1.1672710174064935,1.4,1.4
-5.4497129814894825,7.048792791768179,0.39685511321432837,3.6650040906796595,0.3190206791922091,-1.8129600060818236,-1.2431300415803497,0.9530242657544364,-3.9383244699264135,-0.12963124679156335,1.4,1.0062166666666665
-0.1295968162861684,7.687848961574418,3.3739368511180996,1.6186672402130367,-2.0160941072072682,-2.5070593883604615,-1.564418471705785,0.06354952374314325,-0.0463059024492728,0.6316880362991283,0.10000000000000009,0.7753000000000001
-5.012081048802991,0.5746756570012861,3.6454560953872663,4.626415016590366,2.4744012815954557,2.0905256152926914,1.7215956545638074,0.5220509597791355,0.4131214860896759,-1.468703945263479,1.2000000000000002,1.0096000000000003
-5.334177940980073,6.767368578316776,0.8940930979320942,3.703536712516971,0.4396423154933288,-1.8780814027709078,-1.0160488124991576,1.1807778232520671,-3.8452398088514137,-0.304300669457657,1.4,1.4
4.195732083295773,7.293653875416113,-0.917165404380855,-2.3522585133383647,-1.8073519339232462,1.2178896728696378,-1.989072686213957,1.1936173611641558,1.991466521211335,0.4373827064094364,1.4,1.4
-4.9690216454380485,0.7058229859707822,3.6650369672660927,4.5039782378467335,2.3774415442963197,1.858890341177591,1.7469463785971961,0.6826991686305859,0.39721549207928564,-1.3537600526975795,1.0900000000000003,0.8044000000000002
4.967462720624207,0.9716232494426734,3.164074320515464,4.485764057742504,3.772998910925495,0.48365718558703663,1.1243690768414452,-1.5154869077720046,3.667897647552163,-0.43498893730299965,1.4,1.4
2.137638296450599,1.9174965491195206,-2.1782261640489726,-1.3909889573555536,4.269221786990268,-0.022375605094932895,-1.8645141350609844,1.8658771136313488,3.2603843003707027,-0.1827953240829246,1.4,1.4
3.00439976032392,10.075369129421281,-0.18217288420479189,2.7343160246374585,-2.298075706075452,-1.1340117894593396,-2.094749224730623,0.009852456171833167,-1.8984697438728015,0.4386057699608585,1.4,1.4
-0.7205412410669445,4.773249671688091,-0.7289103245694776,5.2842976767305565,2.7154126440972286,-3.9856408403764196,-1.0321977365517974,1.0011299846956216,-1.1975475431184457,-0.8515649626890152,1.4,1.4
-0.007882860186050014,10.14582891198895,2.363030713358869,1.663064059271654,-3.879320491955803,-0.8285145619446137,-2.8560448644294114,-0.4820731577976315,-0.7958650610495333,0.8673943207213128,2.0500000000000003,0.8106000000000004
-3.2629746443046463,7.166976006808166,1.9800647961024282,2.70350593092517,-1.05242318998978,-3.312562174765778,-2.269253134394508,0.2893373709806995,-1.5123077675908716,0.12340311196917482,2.5,1.6867500000000004
3.479389807767382,9.824758388521747,-0.514816620727138,2.9253151937838995,-1.881313186359822,-1.4679679666552907,-2.2666134427205322,-0.2635456682799712,-1.9580375707734377,0.46239447228997005,0.7333333333333333,1.1800000000000002
-1.9251480231139513,7.045581799162581,0.7643097689836891,2.7782368559789337,-0.2704420102092014,-3.2934633229118737,-1.7067296062204007,0.4610839056710016,-1.0807941436027508,-0.21875045028011905,0.8300000000000001,0.23500000000000032
-3.952303478846343,3.1389770173510763,5.929455383406149,4.083502284207182,2.8803885058574545,-0.939036949899732,1.8204401598871294,1.950851014146289,-2.5722102254939574,-0.7577485057361847,0.20000000000000018,1.3795999999999997
2.307111965401297,10.941826969013947,2.7248973071345652,0.29660508260451807,-5.783336281644712,-0.7281111313809135,-2.690061111109141,-1.0055521350285594,-0.160676603692468,0.8377750924262819,1.0,0.05545
2.360010315603231,11.211441460568608,2.7465423248069225,0.2907485184520841,-5.667204211869956,-0.593569465630133,-2.749171460837767,-1.137791109400976,-0.5048240165199539,1.0297877001680045,0.98,0.37335000000000007
-3.9267622292923043,5.7805427302376655,1.9991392822359924,3.5614343814523948,0.4155568945534701,-2.3213090531732736,-0.10234465814960311,1.9384036415733596,-3.692481453265661,-1.2406177068403337,1.6,0.7593000000000001
-4.8724079495220725,6.280745078114847,1.8205801811531026,3.715447559593239,0.45900220481270215,-1.668757971519572,-0.19662928109275765,1.903185354458538,-3.9651399547176256,-0.9044326223077126,2.2,0.4321999999999998
4.556835923073934,0.6685738708648072,3.64440418210045,0.5447749951710769,8.232573858156412,1.515989877144562,-2.712875937095161,-0.851461141405467,4.222579815231153,1.8258673696060617,1.4,1.4
4.298205722626341,5.1845937502706185,-2.205133277870642,-3.2333779583815403,0.13548962902102277,1.9920158248156106,-1.898564449891941,0.9484366828254739,2.4292125224121928,-0.5664438453074346,1.4,1.4
-0.8522968802604275,7.000826012083062,1.3019136808257314,3.03602701490727,-0.6064813505458905,-4.323638637480682,-1.602889025424064,0.9308660405660872,-2.1306245120150806,-0.8007423734882592,0.20272727272727264,0.4019555555555553
-1.6618543932301644,7.336313203949847,1.1776339389215797,3.169253272751704,-0.5946010331173015,-4.179168880819391,-2.1183051270471984,0.5163266753691084,-2.108390607214521,-0.1424392268581682,1.0300000000000002,0.13324999999999987
-5.370081048177415,6.615987557487756,1.0008496548743324,3.696887869010126,0.7531974573239093,-1.5461976363004708,-0.8892478186332783,1.029792133577918,-3.605418715360636,-0.2970902999759223,1.4,1.4
1.3243988436912728,9.961086367430319,1.5215389158160062,2.0224319147597742,-3.6053064561285724,-1.2043356967639915,-2.216744202393144,0.13254126767723498,-1.7439499845334903,0.03156871488378769,0.4077777777777777,0.8678999999999999
0.8311474213766066,10.368313143276897,1.7156216462481455,2.0953715227445406,-3.6360592690136344,-0.7999884543973995,-2.416101989795218,-0.01654399430228455,-1.7503770039506095,0.5061179198457232,0.2200000000000002,0.6981999999999999
4.545710138771953,10.761644202659074,0.8107524707232847,1.1100308621607107,-4.742640211877788,-1.4680126027826208,-2.382620437197551,-0.37432442803594457,-0.7847185756551376,0.0319934828673098,1.0699999999999998,1.3056333333333334
-2.8765168653889974,-6.7070062216283945,0.3129225795960374,2.852514019431425,-6.972924868761038,-0.05277893190807011,-4.56039283517333,1.3528903734297255,-1.1420089515635639,1.2065834907967454,1.4,1.3931
-0.04863074557287006,-4.7118435439269195,2.6807977395068483,0.6511466877900429,-8.587941468416023,2.1741170434828065,-2.173199093058637,3.363420264750004,-0.033902994187394266,0.4839259638871713,1.4,1.4
-2.6160615944137846,-0.4328412331056269,-3.152156356581369,-0.3845370064837306,-2.1501649533049094,-1.1853506920915027,4.5674860872554115,-0.9404049307563092,0.17073730700291687,2.3728044280379383,1.4,1.4
3.0549370628901316,-1.213692641227191,4.658040236292694,-3.310701413216543,2.7529152070982184,-0.4625562585044985,1.6774435533291514,1.9424415086406852,1.4310165031353457,-0.05852465623172301,1.4,1.4
3.13882731348181,1.9550762411099134,-1.0385305910494367,-3.6004128775592323,-2.0648467667764203,-0.009759072780672182,0.5964137000739014,1.265612811260953,3.5681633123681977,-0.14797348399287,1.4,1.4
-3.832530686583472,-3.396506432861669,0.007731786455505467,0.7996375077125084,-3.731242746438702,-1.0507030441155565,-0.951009303676373,-3.249221385747893,0.23438680700481243,-0.3149802615184853,1.4500000000000002,0.8357999999999999
-3.3046345013425564,-3.866913226442758,1.5107671867325276,1.0241340653950886,-4.486839397485717,-2.5832850380965584,-2.679659493565383,-0.8008499567336046,-1.9143533359114946,1.7250982759645879,1.0500000000000003,0.7032000000000003
-3.3018534189767683,-4.106302899914784,1.381799267373422,1.0445396197138226,-4.911572753811085,-2.6005313303803743,-2.9828179870121874,-0.41232796247578435,-2.063812425573131,1.8618570439030482,1.3000000000000003,0.6955
-7.448645820174909,-1.1033603876055518,0.06739985855717447,-2.1613825539162397,0.5780397136178177,2.3463111863451345,0.4375104218144254,-0.137250594656519,-0.45651316996914537,-0.44095938434770493,1.4,1.3849
2.5000845337512767,2.05892233315511,-0.01160466182524264,-4.436037407493915,-2.0522033624543523,1.2221321090571586,0.4920656001603658,-0.0698588582222523,3.2840821435522805,0.4455690740687338,1.4,1.4
-3.013144958535213,-1.7268249259722022,3.881638411931948,0.4984877999962146,-0.5869336904862285,-3.0980632479186383,0.6348943145062791,-4.011872860631622,-0.8679500995848682,0.4758443544003766,1.4,1.4
-1.7324594733068321,-3.0102952472049487,-1.8085489809647226,-1.7218972386870444,-2.7903764388230434,-4.97968559987386,0.9998567889436147,-2.7547256854104805,0.5418481290504031,-1.6555307632595713,1.4,1.4
-8.02038807227912,-0.5427890943850724,-1.0667964572636306,0.3524853744525703,-1.566283412335849,-0.6698630791661849,0.7667719550409399,-1.8950214485365557,-0.13818443057445134,-0.3745707070660039,6.6,2.679700000000001
-7.213672369770196,-0.9541852278783932,-0.9926512160504978,-0.16326915196177427,-2.032886190004808,0.8458283240960697,4.643897667666697,-1.0047664532442881,-1.3729727181362565,1.9649535052396652,1.4,1.2153285714285713
-6.432486016510466,-2.9865639125588124,2.7981860392412705,2.112234405053051,0.7273592314436763,2.0995887801856963,4.743331718394195,-1.4311792695770198,-0.38915905260041667,1.3207923591444104,1.4,1.4
-6.400057367438724,-1.7063439909191684,0.10457418569301477,-4.315830727080486,-0.05934942399467384,-1.855860868008008,0.37792793365570365,-1.3143137155594615,-0.9912107080603587,-0.5684204827066085,1.4,1.4
-7.111308816759577,-0.4138145843082441,-0.48055934391317956,0.24654354861222685,-1.8636931188156396,0.24280331806856298,4.714827112428763,0.5424200309267394,0.049658439016743584,1.4426492265530928,1.4,1.4
-3.528913742387485,-2.6581021233725663,-1.2347739357683853,-0.8191790472367579,-0.04618868713912449,-6.997628958757972,-0.9402566100921044,-3.1718714133039336,0.7655583366457641,0.6105286753186516,1.4,1.3733
-6.743327212059937,-3.288871562153696,2.930019119664911,-0.9668626177680109,1.0432080912182247,1.6551809158468156,1.0862802930184752,-0.4525193348355981,-0.9809232109169286,0.08378706458039414,1.4,1.4
-7.776024655545444,-2.929344319132414,-0.7674800023593058,-2.5090184620762863,-0.05591141019025229,2.8504080358581136,0.11369127485428156,-0.6032587305354686,-0.2128171704597349,-0.9415005864609166,1.4,1.4
-6.382451851464095,-2.6299197847936022,4.107872663090765,1.218475994841373,0.8940312686603421,0.7784154379475202,3.0264049230468126,-1.81294449689863,-1.2014984550668655,-0.6479893771016518,1.4,1.4
-6.539493643836925,-3.185259541012202,3.523871913466546,1.6662084438022946,0.6872801700044011,1.5553193997496566,2.609538208941988,-2.2315351190592208,-0.8105324194760507,-0.8321739380605273,1.4,1.4
-7.439148108153297,-2.720363574739737,-0.6716030192957386,0.03709306197410886,-2.909414314444325,1.3417789931896569,1.2405652202421826,-2.325599246215799,-1.405018269590074,-1.1913289088363384,2.0100000000000002,0.5142
-5.562094928708182,-3.560543371444167,5.652416975860965,2.1575939869216962,0.7657358442291027,0.9671881769504443,3.2613958345413177,-0.2763179100392807,-0.5167202808937347,-0.9849368514881914,1.4,1.3955000000000002
-6.381567714624503,-4.395857628862323,3.332220155184005,2.3155484866420455,0.15590512408499047,2.530467281589777,2.246142049911289,-2.0978549196171477,-0.2998666523010342,-1.218332006128563,1.4,1.4
-6.253918828836456,-2.8484845257831815,3.981064078999291,1.493959357393497,0.9161085197275415,1.5634868609031818,3.0216821320652025,-1.365043906217501,-0.5864845316785855,-0.8621987864396957,1.4,1.3997000000000002
2.4299150120455577,-1.7757270169154475,-0.5531908953928732,-2.3431680198905958,-2.4134553118834203,-5.963972466894496,2.738445983971482,-0.1156318113000794,0.6076843019013236,-2.3219124225876517,1.4,1.4
4.541898220460436,-1.3621552291676928,3.4791720221794766,-0.3489133843228009,-0.626315901748567,-0.19537166545247867,3.220851023234148,-1.7692870477061566,2.0248367544391237,-1.0643141689315245,1.4,1.4
-7.281295020598682,-0.9917483263150683,-0.9731176529173732,-0.21658695611251083,-1.9685830902712682,-0.07149023007908016,3.491026480877998,-1.8100174602147587,-0.8066250596574486,2.415026228841104,1.4,1.4
-7.264233147328096,-5.046629181781835,0.31754014449490336,-1.536372377321323,-0.8843088715157483,1.9908195834070772,0.19798507997888276,-0.7738387139583345,-1.0162496236199385,-0.6947620767895328,1.4,1.4
4.17872801498096,-0.45905309161521746,-0.14572424540202086,-4.654331368507035,-4.651882873963996,-5.110124442713594,2.895223308324102,-1.7579995286095842,-0.28967424186391977,-2.5431915628031874,1.4,1.4
-7.112566193239628,-2.5532692696310044,-0.45791897333230824,-0.11669650891369071,-2.7196250874951042,1.5002285047631543,2.586333833540526,-1.2742086834667792,-1.030010146038881,-0.5083192721215875,1.4,1.4
-7.454650366826694,-2.6136775663867065,-0.786873049910504,0.18154276757061152,-2.895644077953102,1.5140670225549413,1.1767548538095913,-2.233754726693332,-1.3473869895030857,-1.2404040195839774,1.8599999999999999,0.4405000000000001
4.931368434402258,-2.036463038726523,5.847741733231051,-2.7378981666679802,-1.8172493867249853,-4.253667436464929,4.354124381161677,-1.8153482440258266,-0.1410818301099292,-3.061532201442284,1.4,1.4
-1.8394009771912885,-1.8286089923684221,1.4057209971946893,-2.983567926071136,-2.316944463396791,-3.8093026654166184,2.352502441654726,-1.6541078534861904,0.08592445276092585,-1.3283585464050396,1.4,1.4
4.496062085980809,-0.5456100037764718,-0.602546117801313,-4.295917551192473,-4.57064997374563,-5.203085955885434,2.7685002926343354,-1.3152087399119181,0.049260749604029645,-2.8187346046930193,1.4,1.4
-8.483362246995764,-2.2656374863596693,-0.30215615552221053,0.05837683305347488,-2.6121020674166653,1.1959652184700886,0.7344010977776094,-2.7225163103419305,-0.7204852553754978,-0.7050438596820938,3.1,2.5987
-7.5937409956611,-2.6040837481481964,-0.5326821921217055,-1.9364026026499697,-0.37500176114904016,2.939677566454865,-0.0056741886396363605,-0.8404459135703181,-0.2422738641259241,-0.8045868013881122,1.4,1.4
-4.798805830465595,-1.3543016367114307,7.628122770212309,1.9430852048069152,2.3478914509647186,-1.0708490731241482,3.7863527248020032,0.15676611805447696,-1.7410059420957287,-0.11196456718823707,1.4,1.4
-5.488388316332009,-2.851405148631328,-1.970560593834699,0.6485333401599346,-0.6636830567077214,-4.921138334187756,-3.136252676303702,-5.1634053012367,1.7650893959740384,2.815159115717761,1.4,1.4
2.8100560211266696,-2.3271118972914024,-3.7225957386880273,-1.777161277298022,-2.789157324130989,-6.791912899059156,1.23521987327068,-1.8561074384993164,-0.597869783497159,-1.5642835908714288,1.4,1.4
-7.327218862462718,-0.7881968553255824,-0.97999322122869,-0.10675030366595346,-2.0025236074358257,0.8735116796336898,4.53571802936038,-0.9626716908179789,-1.4096266379600324,1.9111692351564713,1.4,1.4
-3.99394013883238,-3.4551570380007073,-3.9354188608097838,0.29980828101114537,-0.30523294002778967,-5.060008306124662,1.418181640653607,-3.921504247901968,0.7221132559962669,4.203867657100139,1.4,1.4
5.618019866281112,-0.9052392954631737,-2.863151770798773,-8.07884990119503,0.42953611142997644,-2.1796987901080622,0.7493111890768904,-1.141551527136314,-3.2646467716765457,-0.11201247732584182,1.4,1.3759499999999998
1.5295743815512512,-2.38865924391223,-4.179061288297799,-1.1237432691132034,-1.9920892369846996,-6.49943851958481,1.4258333338487081,-1.144476260068114,-1.213219819490765,-1.4428954415853992,1.4,1.4
-2.4356399101163633,-2.469087033007858,-4.212169077372975,1.6607417004199292,-0.0988591116852763,-4.702937022618315,-0.08739980142766278,-1.8996188078367868,0.9597424670523628,0.46668367652105214,1.4,1.4
-2.4172878374873368,-0.6682927005141482,-5.049508852833677,2.1542470036717014,0.29815641374892343,-4.204303601525512,-0.3122565705155567,-1.3199461563293997,0.6785089724502333,0.758900749013818,2.2800000000000002,0.8979500000000004
-5.944578524650652,-1.7885634000352904,6.766196401860204,1.195823781487242,1.3721133294361085,-1.8262660571455909,2.663658111879457,-1.0242768766605868,-0.5549206784494459,0.41718110686544274,2.12,1.9015
5.091685969275248,-0.19529193468134326,-1.9025347270108948,-4.728588520599528,-2.478961068638928,-3.6310677291223747,2.9981317433219457,-2.892541676387441,-3.8627367057544357,-1.1090927910647044,1.4,1.4
1.1525193975265924,-1.6996904234102694,-1.4734601709111976,-1.6970925591498094,-0.9147822540950267,-5.220656057722902,2.379018541654354,-0.5382271801261566,-0.5131595113918831,-1.5768672302775917,1.4,1.4
-7.725054866089665,-1.534307506077147,-0.6834377348085732,-2.3291995505076075,-0.6278548281526358,2.3306626467774345,0.29220636777413106,-0.5354088142094559,-0.709333359440043,-0.5401238124375873,1.0500000000000003,1.44305
2.3630196076070016,-2.362664682384062,5.149838166357484,-4.461562180037899,2.548369147373746,-1.5003662680845584,2.6694911659419263,0.8116835528403823,0.09236299320810465,-1.3350701331571941,1.4,1.4
2.3110961621499087,0.9782951239170717,-0.9430781767690316,-2.4293612637314514,-3.658005508809329,-3.7244622135503453,2.0399295159797406,-0.40154556086487353,1.456944788892774,-0.07763894936838098,0.4999999999999999,1.1894
3.689805245258387,1.31519649924108,-0.1335398545507035,-2.513116346890308,-4.698789412323544,-3.1721422232198644,2.335394615122568,0.36746563667472665,2.0492428715184743,-0.9592282683819382,1.4,1.4
4.465511314091311,-0.7070673944148564,3.0153067405823144,0.18793342103421815,-1.245520490827417,-0.7750647134999794,3.0483497852762533,-0.626851604730979,3.3150908106690933,-0.8618569061264436,1.4,1.4
3.116587599755187,0.647161983679532,-0.9893272118876726,-4.5034564833287485,-2.0365534689219116,-0.25568164270970856,0.8416069840621683,0.9787670490179484,3.577790022864027,-0.4012670230738996,1.4,1.4
4.266987181735881,0.1567899706491246,2.6368887974639894,0.2815905994090665,-1.5119115396501972,-0.7775409293692763,2.7889510876167756,-0.20886762677513657,3.3170247367603922,-0.6281407591679178,1.4,1.4
4.14597064165344,0.21292524598079055,2.957982235731897,-2.3687488609890623,-0.0052392834868978284,-0.4607975770323768,1.6356015456710398,1.206440346135408,3.419167290996038,0.12392173817952752,1.4,1.4
-7.0598689280904185,-3.7743081296163123,0.694929407041985,1.354461544214171,-2.327434671076593,1.7336440254656287,1.2028625030458462,-1.2919154680906697,-1.283516314768633,-1.0464660148874305,1.4,1.4
-7.09047550402388,-3.0068898323628175,0.38554140843277096,1.1203429378044403,-2.183420241912111,1.7551068317619134,1.3243057523621866,-1.089938614049365,-1.2656320252428757,-0.9119768761939243,1.4,1.3832
0.6948689243688564,-3.6906619812183954,-1.7377504730704036,-5.627041711939187,3.154856811576292,-4.53404088367824,1.152362076539016,1.9355212567720215,-1.0828992577603427,-1.7831793779375473,1.4,1.4
2.498448956074527,0.4069167287064086,0.08394172605486121,-1.1169379198112406,-2.5364737051737105,-3.79936987701507,2.506191312746324,1.1450388766844977,1.719160596925323,-1.0527112929914588,1.4,1.4
2.6053521445988115,-1.5409548747684767,-3.099172729902801,-1.9176860129414923,-2.2486459035622404,-3.4365756522000894,2.3651410403912707,-0.8157310298528304,0.24314659336734082,-1.740024601060524,1.4,1.3903999999999999
-6.425703817164586,-1.6528319977324943,-1.8305904726206548,0.6433980107289278,-0.6010219866361013,-6.252695067991297,-3.910787994445683,-5.716895090272775,0.8938121301360844,3.585403462660532,1.4,1.4
-7.523251561546967,0.7521477272795684,-0.5284360622303775,0.10026590667761127,-1.399637634326723,-0.0310653257262674,2.217231101007147,-0.8558341422260889,-0.964902888838577,0.8387156084732258,1.4,2.1283000000000003
1.7123072141050422,1.2445820299073478,-2.9569645660886974,-1.4800455584472962,-2.1309557579999456,-0.9721272214458007,4.015384112281613,-0.6607717981447224,0.5945546867707204,1.7625964552161966,1.4,1.4
-6.001771466739481,-3.0411933080493276,-0.5311309988000241,-2.034047087360283,-2.2989112774048044,-2.6482645944782663,1.9372368848573094,-3.190128480739249,-3.450759088792256,-1.718044555712453,4.334999999999999,1.4796750000000003
6.997622151781954,0.6265756850830316,6.977004328481619,-0.9062930777216603,-1.772668948080522,-1.2013249403944193,3.077412215138232,-1.6972010029337934,2.36437588954573,0.2994627946007516,1.4,1.4
-5.531222028550817,-1.9629220691584313,6.458110503192517,1.31951944900822,1.3970846699126507,-1.1758013537192222,3.7267067822642574,0.129141024240743,-1.1368580218867308,-0.3962647649318617,0.3800000000000001,0.6066999999999996
-9.330159565492062,-0.19130782378408773,0.9863229731990195,-2.3022473662736753,0.29376638495426566,1.639275805697117,-0.853239361932142,-1.839462943121849,-0.8138107039723461,1.4050741666035382,1.4,1.4
-2.9273061177076003,-1.8209100262039293,-1.2283566002102844,-2.5594544539054063,-3.320949522504164,-4.650594178785676,0.43669251758284855,-4.19766608174652,-1.888902147541672,-1.2781692223603784,3.3799999999999994,0.8638333333333339
4.298399350783852,-1.8545047701251314,3.866692828694364,-5.176908861076473,1.5721735522236706,-1.8917450233533188,2.0291233319237016,0.10602662080848045,0.27666241195527846,-0.8212558168760228,1.4,1.4
-0.5589427013623605,-0.1859690708877219,0.799168965903757,-4.668750804886843,-4.688255863023044,-3.1134205561426307,2.735531985012452,-2.199828656415457,-1.0187914754963114,-2.4021235555082288,3.02,0.831
-7.145173671601131,0.5849269238528833,1.315011633675625,-0.8499786959179535,-1.3168888461544839,-0.8887860685410405,2.190693026875939,-0.7791800777996987,-2.1282047906552504,-0.11019507407858044,3.35,2.112
1.5473635933560936,-2.2504322320221197,-2.487609452576347,-4.859174709741869,1.9364975309369925,-3.884559944524923,0.21898670313930685,1.3702921699767114,-0.01649351129303675,-0.6516112961516131,1.4,1.4
-6.821170468727596,-0.48129789142876767,2.0262535296856803,-0.4476221803275763,-1.376075733886306,-1.2959674321324053,2.5805451454136077,0.10350540809776122,-1.350227487284336,-0.4891091366706367,2.6999999999999997,0.06827500000000031
-1.3388763897599718,-1.0511677189506763,0.593086110489814,-1.9343691104467897,-2.317922493696173,-4.709132729456507,2.1508021819438268,-0.45373945046007136,-0.3319597425206946,-1.9914844624623196,1.4,1.4
-6.830763000129759,-4.341614012370999,3.2460050182675015,3.272741472207971,1.5266369428711815,0.03547862310021221,-0.5460649424244038,-4.246887636445914,1.733881132268414,0.7120162795322623,0.5900000000000001,0.4029555555555555
2.664606629813194,-0.06758023209493036,0.8823585886066269,-4.636346068289858,-4.6715528363578995,-4.2739375511599755,2.73742891844488,-2.1314147412269904,-0.5383738876276901,-2.3465494174553014,2.35,0.2812499999999998
-7.468899508258579,-2.4441265072514446,-0.9575927609338771,0.3872688951614976,-2.8682061169589446,1.755694315256717,1.087260736456551,-2.100408060418988,-1.2698978304145339,-1.3106591958809377,2.0124999999999997,0.3826500000000004
7.888746622606332,-0.20309936659194572,6.238125063372138,-0.537307563235696,-1.6240108233745512,-2.3813359424811633,3.318633736354227,-0.9168387663301956,3.0008728471065464,-0.31127682461266865,1.4,1.4
7.231141087867465,0.05536962711905622,6.320932047410519,-1.3533333704575705,-1.069267421343826,-1.1663479151476401,3.3203934872106644,-1.5247537714331414,1.276854872209722,0.11107738276570513,1.4,1.4
-2.5102224872739862,-7.53553787635374,2.4918834096627336,3.7111578335985236,-4.6089820088228945,-0.16476756035812962,-3.534937363495813,0.6470975038211313,-0.8711330415851937,1.477307355426395,1.4,1.4
-7.23839489019019,-1.904188639338781,-1.6000903964275324,0.9503440278870053,-2.451381763241791,2.6750361309405353,1.0132823401167375,-1.7201597853553279,-0.7273641479183253,-1.68427001073645,1.4,1.2728999999999995
1.96871640685776,1.3703880679764333,0.9877425466512479,-2.7130529292125587,-3.6351893564481568,-2.313713754623035,2.4122695623934423,-0.6371180310122246,0.9811817643837064,0.1402979498622499,1.4,1.2014999999999998
7.38945877306167,-2.4251426556014257,-7.1956968168537685,-3.1607957445981025,-1.01712124240578,2.3384533342828573,-1.0594477945854954,-3.428126370933617,-1.5103304229813699,-1.1898103094790011,1.4,1.4
-4.2950421294343295,-1.710773877488681,-1.2768055004387113,0.045546348187158144,-3.6433843783396487,-0.6967245448466364,-0.8119134520662946,-3.5672675059061922,0.6388458512649476,-0.4509704066596697,0.4999999999999999,0.5315999999999997
-2.079576334430026,-1.3406262759350174,3.0819678848942456,2.3775023276494345,2.7416571467608826,2.285687916825141,-0.9478217698781283,-1.5061303707035265,2.4093644751143177,-0.7895322385294309,1.4,1.4
-5.458264410681174,-1.0154318270189853,2.2345006828657876,4.419055814460479,1.5412797174576958,3.5644323408128016,1.3205033851862702,-0.9908444369485431,-0.526508699531446,-2.1649363236667867,0.49,0.9533000000000005
11.935968569528143,-0.44368619167814816,-1.48200969610172,0.9510706156417528,3.6657940398546893,5.39269593092707,-0.6633774426152177,-4.64304801067744,-1.1552300517037732,0.2631385275542628,1.4,1.4
3.1486876663055656,-3.8111507416544947,1.338945403740193,6.300795994862017,3.782355899489544,0.9135064066408766,-2.656832219209283,-6.88164522745405,4.458779445920685,-0.42041094579273364,1.4,1.4
-5.898152521457867,-1.3127880348535619,2.10869126401971,2.25321248580335,3.234955553540914,4.592209141691288,-0.11044577273249542,-0.016232719495098993,0.11021834875832301,-1.5953524568977853,1.4,1.4
-5.407681034611615,-1.3319447844266872,3.1367881759534373,5.237116946297535,2.222163780701295,3.674392241459663,1.1193044327967212,-1.4403951358160842,-0.5940916525331933,-2.1814973949623835,2.8000000000000003,1.1415666666666668
13.748448104970226,1.988493576512317,-2.716809711571524,2.342011481487209,-1.434681689191197,6.672701439733905,-0.7143691229045468,-7.669831671112781,-1.8012606210730662,0.4761697124196613,1.4,1.4
0.3545668942982016,2.148039906366915,4.22383389566769,0.795258143925797,0.3467510999674774,4.83002281025196,-0.6562986247589125,-0.6843909668119411,2.6140758779001265,-0.0827152285191356,1.4,1.4
-3.2892527442709643,-3.224044724195029,1.0831215950243558,6.811068787032496,3.915757357978957,-1.2618277316135242,-3.7385580997948957,-4.971855160460499,3.674103977581886,1.0182908494750795,1.4,1.4
-1.5488658854544204,0.2696653525698225,4.862741482217009,4.6709488807929604,2.216599466002965,-0.5673772935481042,0.5580381766582891,-0.514772988946257,2.8835865782320127,-1.0079098234614439,0.1399999999999999,0.12329999999999952
-4.8313771518402,-1.198397964203266,4.999619773897891,5.283051745826912,2.9382857613765907,2.5496925831432877,2.2349518157348953,0.29838873098002316,0.9822088393494967,-2.237980787719544,1.4,1.3672
1.417239451748773,-2.7988957624720725,-0.4163027368307392,7.601987273875413,4.9466414289000324,-1.9262219350905323,0.63762338574013,-0.82442231810183,2.6770495377530312,-1.1770658478677238,1.4,1.4
5.212677679032514,-2.296232840820929,1.4813789204440861,4.663887594442332,1.5138624757788495,3.1792600332767575,0.2249579770375508,-4.831591483771734,3.2075840836212937,-2.402057436807591,1.4,1.4
4.031210396277682,-3.7231824012947725,0.4146990781314712,6.902234976003693,4.593558250104194,-0.2539295495736541,-1.1897345705408882,-4.8806672566217815,5.063614580628855,-0.6900305575642914,1.4,1.4
-5.350960287053053,-1.2032065980026037,3.2152751879850747,2.306680408344922,3.578354035697449,4.484058610625104,0.6352929808999326,0.6176098355899138,0.20107748235510833,-1.7700264074150591,1.2500000000000004,0.1269
3.9847690616503804,-0.19215395570827828,0.9134011684578905,2.755111426915025,-0.5912976179792543,2.9582448631861533,3.742563617270153,-1.8300003779260314,2.576267735511563,1.4784098986242482,1.4,1.4
-3.226899572919604,-2.881485855316164,1.8105139265003671,7.167432552231901,4.493516595292963,-1.4151492177620888,-3.88426126512761,-5.150635334543127,3.6328205561999654,1.1663015055640937,1.4,1.4
-3.1653462222483593,-2.9267091853075953,1.8303253231311902,7.171945599556676,4.493374756689967,-1.3836592014634068,-3.865079943714254,-5.165997038703208,3.6421639663180043,1.1430458371118695,1.4,1.4
2.543995689181128,-3.0880720202259266,-1.2761780152635283,0.9466092625410144,7.227792655115743,1.1762860343663268,0.7994997044961526,0.5375249732903677,-2.834310614177546,-1.1349079789884398,1.4,1.4
4.780037141000874,0.6580123129753949,-1.3485047893551867,3.823557022746993,1.579125339777751,1.1342367356539513,2.7487132189866728,-0.3288768098030546,1.6431862665060752,1.2668592364008675,1.4,1.4
-5.362895091179565,-1.2289202775701584,3.2470196592445397,2.4198389092916566,3.5512795328414266,4.480175520543471,0.6583788085367247,0.5586905717239191,0.18881622496168396,-1.7927504266785763,1.0700000000000003,0.22049999999999947
2.802807335609371,-0.7979997849440311,-1.0065075655558515,6.004240376190307,2.9952153562751356,-1.6102938541029714,1.424604565953643,-0.019855819584794477,2.4294365507290774,-2.6499996962324204,1.4,1.4
4.771002290834376,-2.409636923462628,1.200014678591854,1.7972102016007485,6.451215423876003,0.5349373704749066,0.5613332775707854,1.7627306478310496,2.2871814214349286,-2.5067239300040223,1.4,1.4
4.528427879989524,-0.13713818772986072,1.3784744748619786,3.622716129475789,0.15594022040953584,2.1934479501266075,0.9386957417563044,-1.5187909006983207,2.106636980919213,-2.3457653076349207,1.4,1.4
3.3893998927219533,-3.6424951787715827,-1.5302171677200003,5.10553788318444,6.138933746879791,0.10378856498118602,1.3935243580887144,-2.0014365330826096,-4.482565768834573,-1.534983927448566,1.4,1.4
4.0124773509080045,1.2785493652071556,0.3800721452173719,3.4493091730362813,-0.6295407185118438,2.188766289630439,3.874496096542909,-0.29245937806288386,3.8370522723916896,1.9384577063922996,1.4,1.4
-2.2662433326330484,0.1816150222808166,1.9008281554062214,-0.24498322119399446,3.1087326864668725,2.006706944211597,-1.3697526153691937,-0.022786839893962216,2.226943476377455,0.15773493821578496,1.6,0.5231000000000006
-7.2934703043130265,-0.8584284634117584,3.6525445429157233,4.94665617147112,2.0831185423315035,3.698682395070717,-0.729969315363889,-2.997764930096569,-0.61141056038963,-0.4460346678482617,1.4,1.3849
4.831142794202364,-0.18007008550092632,2.0441094244917752,0.7573635659654703,3.6231408583700735,3.4762282976069465,-0.19906323612381252,1.1544877739604118,2.8787408341795224,-2.095424923343539,1.4,1.4
4.712987753108173,0.07857766276954081,-0.19297665177772402,3.894618192568083,1.2790779069182185,1.285790432452635,2.625633555047342,0.033284922774455654,2.225146812214206,-0.9726336275864351,1.4,1.4
-1.622228009274406,-3.7250374577252376,1.2682864554799655,6.657856250814002,4.6449566112045675,-1.4126129289055753,-2.6556079244665316,-4.721218524004528,2.5978767959339226,-0.6746858316545006,0.8999999999999999,1.4
-4.779771032320917,-2.664853076551353,2.1197272655727395,5.9053992166937395,3.713353345305821,0.02085765165641298,-2.0161281852204755,-3.838790618370881,1.748313994381823,-0.9041913793740102,1.1999999999999997,0.0017333333333333645
0.9848232906765128,-1.693876887970397,-1.2097467363794816,6.598217247901565,4.502465829371654,-1.6018472442610616,1.906697766722452,0.5971768830149174,2.5627211574077826,0.12641864509266873,1.4,1.4
8.290602449096095,0.8959767148087046,-1.107733020904265,-1.9730062944501874,4.074429061878815,4.365837786527038,-1.6921582334418535,0.16420507801938708,-1.5965563047532816,0.4970459713404369,1.4,1.4
12.102423560765232,2.668031628824346,-0.19925296149525923,-3.08454904152897,1.4678230451835803,8.164161767856955,-2.947082064122402,-3.7004827447863464,-0.48367974557600635,1.6705851415600859,1.4,1.4
8.90050156407688,0.39537532639438105,-2.2508015761167584,-1.3876864805941365,4.69766518941215,4.585284899444376,-1.8243479937919282,-1.3925137286722649,-1.6517024345971574,0.6583021796967454,1.4,1.4
7.345258371835739,-1.2776534091450216,-5.46712011076717,5.7016143106667885,3.018823458756798,3.4856669887203253,6.931159748750086,-2.263090695813891,-2.84847724585947,6.526404998389716,1.4,1.4
-0.8359473459662742,0.03461615547883482,5.513424479512209,4.82617848733701,2.351443616477318,-0.5975987691050185,0.7779220293883637,-0.31318978659177166,3.321526940268314,-1.205472077615459,1.0400000000000005,1.1325000000000003
-1.4308391430089251,-0.31111900239594054,4.822331763326172,4.79366826724879,2.189011220256164,-0.08829664137219534,0.5239752848721798,-0.9196295553314886,3.1118896822580138,-1.2675581095123563,0.6199999999999999,0.8012000000000001
14.400835522426023,2.5745264610119682,-3.5652648934931963,2.7551769996025515,-1.0596787274287782,7.029908802168594,-1.0124459843979015,-8.416253327123487,-2.4769469602278353,1.1679243511602677,1.4,1.4
1.6770072236214206,-0.5354488850345732,-4.157444462378001,4.126077321849977,0.17559117400191934,-2.425958129230789,5.202575299917896,2.3916210597767544,1.53640643637917,3.386414148761821,1.4,1.3860000000000006
-2.4040437531059564,-1.8938909755432918,-2.3148032134722727,5.244050055302712,2.7345731523209835,-3.3870738552465007,-2.1879247891702946,-2.2016968754254447,2.1950912714987654,1.4766634772519536,1.4,1.4
0.8634117757585448,-2.3874148217356397,-3.257516807218343,4.793470860522743,2.1013986887920564,-3.006280410640632,3.5826824867425926,1.6550112362383504,0.24422986691655565,3.5259898178536075,1.4,1.4
3.5137420517883937,-0.13779818256485105,-1.9651040549168648,2.235177938510042,-1.0140835611951042,-1.087885061569695,4.095737989462396,1.5020205582655437,0.6841567733595647,3.6410557641683186,1.4,1.4
-2.9421200608153795,0.4598702202909272,-1.396357036491412,3.0523498786677075,-1.3716419477801218,-0.2527244284089081,3.394028888029603,0.3555495101664021,0.6887397277422098,3.969003793956608,1.4,1.2872999999999997
4.23275688942614,0.15849583010619803,0.0667004728932097,-2.8775964656692046,1.4501346959261834,-0.5471576807608872,-1.403298041923042,3.28501702160486,0.414646626000157,1.22767485723216,1.4,1.4
3.9994787306124677,-0.45188257275305344,-0.5599310871181811,-2.0706666046648845,1.4032275286672062,0.062309783738986234,-1.0473477907451159,2.1212319959562893,1.5473426837917876,0.6574762528268113,1.4,1.4
3.530404323265117,-0.2722128453147126,-1.6461920056458619,1.604193510840585,-0.9581137267446389,-1.6465912259152407,1.3257753643007277,0.7115576607053542,1.0682922638459165,-0.6545520802302988,1.4,1.3983000000000003
0.5240594129410063,-0.4363917917683351,-0.83353120980958,1.8112028378302667,-0.33993071050234547,-0.4760149753334391,2.271944664774919,0.21937686033046813,0.07388263818170329,2.2541462989172443,1.4,1.4
-0.8677730970487897,-4.344488633460116,-1.355071298760753,5.412355645475635,3.144967775086227,-4.652667310844272,-2.0192011897847397,-2.32813979757315,1.1371903680506354,0.8776315709445642,1.4,1.4
-2.55316266342405,-1.6620623217037953,2.5249331041994774,2.482458376260177,-1.738461176623355,-2.201712941234187,-1.7803639078274236,-2.2672121115298514,-1.431141579798559,0.604338909516929,1.4,1.4
-6.448809915600765,-1.9798972254677034,1.482719282770632,0.9236372057437454,1.4251154317897545,3.4050161203329363,-0.628875587891964,0.7120815308825454,-0.757647605354233,-0.2267129020154509,0.10499999999999998,2.1663
3.962510058161017,-2.8501214703810738,-2.278624608852733,3.1364844626090758,0.4568967598332424,-2.4845703856849934,4.300393696495472,1.4245891207905705,-0.5952771160841889,2.6923494824265832,1.4,1.4
-1.6436009303441994,-3.990909410374679,-0.9873885654880208,6.066690644773263,3.2243693552847272,-4.096064526077531,-3.374903676223941,-3.4720583610386258,2.1605261240237343,2.8471089073920006,1.4,1.4
0.19093611635156538,-0.22157981771713647,4.332870738515835,0.07936788890855144,-4.299075454008583,0.30722899176418406,0.04439305903813371,0.36658983232566533,-0.4102261362998072,0.46527834493372106,0.6000000000000001,1.4
5.412984047161828,1.5022901652020213,2.97913590490953,-0.9857245259128066,0.3135977953583531,0.9103322719476309,-0.04011738872080475,2.1101244188763673,3.1956563623875143,0.3806883449008892,1.4,1.4
-5.766274933456067,-2.7456754475947696,3.2036385635660904,3.0071566649570594,-0.7023985607836807,0.25899166944015106,0.12550711385560256,-0.9344776780618262,-3.266903495589395,-0.12882188474831494,1.6,1.637725
4.734159943120771,2.3150098671774235,2.2627295057979935,-0.1934698742735746,-4.745727088895328,-0.8283630887090812,0.3693540385591126,0.2059403879694324,0.6708324220855661,0.14248918863501225,1.4,1.4
-3.194631960637568,-3.0847444643783826,3.3647231939167255,1.910565439172247,-0.2787687143361243,-1.4020968506913507,1.3452266340284973,0.6541218762607375,-2.439581814297953,-1.414215293810836,1.4,1.4
3.564882690890769,-1.6581113008258057,-0.3355498925190179,2.520082895265613,-1.7441104661563327,-0.6231493707320063,0.9022187427032564,0.9387300006736491,2.234854508806982,-0.6600306252952854,1.4,1.4
-1.608716173731041,-3.7655719623562556,-1.7954103548208324,5.860255858019925,3.094894220782013,-2.857771535859455,-2.7412684763187647,-2.82655861127008,3.155140533235235,2.242253405404765,1.4,1.4
-0.28228757658183445,-2.7990748474361635,-2.670669286575233,5.580245736219891,2.11513442013221,-3.4062779861029866,2.6233276625238826,1.0794760390660458,1.3664367048131407,3.519089351032977,1.4,1.4
3.9083455837320886,0.2568071585273553,1.2331190026078074,1.4709437035267645,-2.138921786897615,-2.494422068859339,0.5773608101687716,1.0430633028691152,0.9752758642470336,0.4912850895722258,1.4,1.4
2.8083567292952725,-1.4040622088589616,-2.4445030179129934,2.9442116965001865,1.628660587751067,-1.8643738538217585,2.4988987728974728,0.8957863778840002,-0.3277770708743042,3.110484854063353,1.4,1.3325999999999998
-5.454140634254536,-3.0978818320935355,4.235741705972917,4.083973504908937,0.9306219703547266,2.0739690631315084,1.0254343012385245,-0.8728195159019526,-1.5710381715184316,-0.8180636225965036,1.4,1.4
6.091833632996229,-3.127731821209723,0.03323675673782438,1.9750690551113677,-1.3278214107724988,-3.786050217638991,-0.5825035012037966,-1.8771268991010406,-1.0404234056534756,-0.36337825767845455,1.4,1.4
-6.087376721740384,-2.8372178295282864,1.441446726212551,3.5134378833228674,-1.1922403302052325,2.2394388909728074,0.19212172619024717,-0.6334186327839355,-1.915539337581586,-0.9542783997528109,1.4,1.4
10.741847160100177,-0.022677505385611873,2.6652186178652006,0.11429278290453711,-3.9404839502653717,-1.6749495859380334,0.7509559427922143,-1.1990579317701495,1.1832425365253096,-1.583109120640726,1.4,1.4
0.6278702460289011,0.4771565172342837,6.062614506957316,0.9708837583920676,-2.6317729493465776,0.011276605272302873,0.9758858170035524,0.4739086635896176,0.7653589314907309,0.1456280239957088,1.4,0.31149999999999967
3.5828024887360175,-2.5330508894805415,-1.4706876028589413,-1.234143395700609,4.72313924282738,-0.6536557408619984,-1.8446650748599862,2.079339792814175,1.2860701093170663,1.4771298127052719,1.4,1.3816000000000002
2.1874594104172895,-1.3657767392292413,-4.352816549454434,2.216593794806721,3.4122798051640455,-2.905071003430966,0.5137334929407152,-1.1679892982166713,-7.3197813792580595,0.9203098438920159,1.4,1.4
-2.310321928911754,-2.915084909545936,2.6858244266540963,1.4743677379011548,-2.0187752587871213,-1.9598683214175352,-1.6664109967295135,-2.958254209268881,-2.721998139746403,-0.5113863303540567,1.4,1.4
6.016557929067911,-1.3822975051340207,-3.9697588758795974,2.9665356297049845,0.04013980666494127,0.3262674599024344,4.769246906526923,-0.36164383622808993,-4.33581226254554,6.473322463610082,1.4,1.4
5.517017066397839,0.14765027772273048,-1.6525919454965603,-3.842186045324393,3.179544677056464,0.8422097816650213,-1.768507398107523,1.7046320675955777,-3.6197535744098985,2.3389709099761786,1.4,1.4
3.9007716950919638,-0.9854302270823597,1.0608806750362823,1.6704245179323514,-1.9849042222854796,-2.6070377560276343,1.1027820016304182,1.224617785907424,0.04420171954730916,-1.695252607945622,1.4,1.4
3.425745626688758,0.11883936146983115,-2.861107029311231,3.0943970693798963,-1.012711597229538,0.010743954435056836,5.407541407342585,1.8623356935952473,0.8660788815824225,4.588899044337777,1.4,1.4
2.743944184362115,1.4037584301163197,1.1768410523380717,2.0556071932596685,-2.352886452593178,-1.7181236035321195,0.9438284980486995,1.848499119192146,1.0592595340033926,-0.36219524250012824,1.4,1.4
-3.03909470153092,-5.417638545697332,-1.4631775411003174,0.7810116736001209,8.453426046017837,-4.687355813300772,-8.696798050068043,-4.078869661636427,-3.259365430527991,6.223424303693715,1.4,1.4
9.538379088864254,1.476521733501399,4.679038859664717,-1.4893615734565528,-3.3536906263650352,2.852065302290998,0.45521247152404715,-3.0459045787316166,-2.92202313951777,1.0730389572157895,1.4,1.4
4.039796479672919,0.5321042940307154,0.21480612355896372,1.7415043165745874,-2.18875101850348,-1.0039195676725896,1.9585164813150302,1.7309076534980863,1.9434199738549958,1.069511440404031,1.4,1.4
5.928583539056619,0.6073385616074386,-0.017616597473758412,-4.11494473740812,0.3769449148020379,0.27300432341557485,-1.542732062678562,2.866308056121051,0.9412466033451368,0.897358335945304,1.4,1.4
6.6193718936051305,-0.8386268105389943,2.0172599902154764,1.4234822435217613,-1.3464257743375048,-0.1496873407266527,1.488678718638776,-0.12323139147971789,1.3750488816062776,-1.473367413850389,1.4,1.4
4.106503724072686,-0.7715205306844269,-2.0157114015356234,1.8827819169239912,-0.800935678157882,-1.314739717082664,1.3208470628223172,0.16994243985283997,0.9870891033139033,-0.8488302792122281,1.4,1.4
5.428830309751818,-0.038352568552495414,-3.0695552823839725,1.5502337491446458,0.23538561673213368,0.0790661226953579,2.2619680290249975,-0.48145066028299627,-4.117479001049422,3.4861590376478824,1.4,1.39575
3.397316301526357,0.34819572978635155,0.02245083020132258,1.810640310880725,-1.5299317499674614,-1.5467612242817397,1.7200591096090458,1.3235191216936812,1.2421944849470639,1.9137470398036398,1.4,1.4
-5.845935409846595,-1.3478926902285857,2.051618137537258,2.565496515774175,-0.3959905822799759,1.2046856306763392,2.022842114131864,0.552622158231156,-2.1365234349502398,0.6771723675466935,1.4,1.4
-0.6091731035390375,-2.7659110649964824,1.6708172513365975,2.426274008047236,-1.2961152794814748,-2.932393273009167,-0.6212080111004761,-1.4439522459033978,-1.7970578766915963,-1.2449952801142954,1.4,1.4
10.344969793879676,-0.9767912308128004,1.4039334532421681,-4.354155560046395,0.35521977068470245,2.879423683768529,-1.4369806290968272,-1.4854436370505972,-2.7964946644342175,1.0841438698851547,1.4,1.4
7.551351940273439,-1.1158903272505514,-2.072726931350241,-3.601226701971081,2.0807957959009644,2.2791068118461424,-2.21138680041199,-0.008593657254363877,-2.7694000579314584,1.6530292642264668,1.4,1.3468999999999993
4.804554365529098,1.9758807218101127,2.334300619823988,-0.2211869688417087,-4.797466573036941,-0.8646484813823387,0.3940530602207086,0.19785923237470807,0.6676650326971209,0.033796433536497056,1.4,1.4
0.04365848788877835,1.1845575088650147,4.162246787788707,0.3396219690076038,-3.826644917039349,0.3308707499753486,0.11845536638547723,-0.08269942320727094,-0.44516403012027506,0.31553697756098087,1.4,1.4
5.931330287448175,-0.629136600235951,3.4697843934767927,-3.251218516927251,0.3041500679168023,0.1931631961525602,-0.19235465441485528,1.7417025252090403,0.5093998341867451,-0.25974651459991516,1.4,1.4
4.9498245457575445,0.14313908992600474,2.3742763114540963,-1.1352076223630745,-4.914324747739282,-1.5410901105536259,0.19680730766288138,-0.8806783127679226,-0.6358798820589158,-1.1604387315266993,1.4,1.4
10.082286314675658,0.5222740913735038,3.173363301276454,0.19336052386420313,-3.6116431982615147,-1.4632768480720388,1.1501658348939698,-0.9800303364341268,1.5393207260700144,-1.4870601243408017,1.4,1.4
8.290000130862607,-2.4735562284790844,4.24992471285046,0.5073617733249663,-1.7561748265168975,3.172736400923894,1.2018681120178967,-2.1012340540792076,-1.7121399952230758,-0.5077397114559673,1.4,1.4
9.464292551002568,1.1196749986274277,4.4722028900086785,-1.946898479264352,-3.2677570668569187,2.692726933584926,0.8184009312216959,-3.349184725653352,-2.782560105820884,0.9878437309949698,1.4,1.4
7.773220811806371,-1.7053311338331385,-0.2698731300825458,-3.539488781037693,2.6620834074623647,2.3385259870329134,-1.5992939615122344,-0.4250831732913694,-2.8615153833557554,1.34840681835469,1.4,1.4
4.940865168338514,-0.39750845180259325,0.2725564165361983,0.3158130793764172,-0.6386513270086558,-0.8041292917256383,0.4643051911130454,-0.05334400871049672,-4.472689092374797,1.1294714919646347,1.4,1.4
5.2786309877547914,-2.0833061332394567,-0.10729748963510721,0.9713797360162113,-3.3681071786479766,-0.38999223927500065,0.8273999553801837,-0.22716728918197818,0.550564705848438,-2.423574459629805,1.4,1.4
7.322703623390402,3.1957858991178494,-5.864228220089218,-1.5976533015409635,0.7815974976210294,3.316526566324575,-1.6844875121138105,-0.7583945447977026,-2.0265193244833917,-0.7381557559713017,1.4,1.4
1.0211782300885253,0.6149711727294164,-5.551510967043632,4.992306796302738,2.491043572681256,-3.1878278352294,-0.16639680053075762,0.2604383398941155,0.7663480958652139,-1.6727473039057668,1.4,1.4
-3.2759127645179484,2.7278688122619337,-1.7959308275824557,2.431032106148132,-1.2609570096006717,0.022658855693140353,-1.7173812969368496,-2.185743580801009,0.49374341417963646,-0.8153481622308907,0.3999999999999999,0.21149999999999958
4.540874059220427,6.8357665893892845,4.645174121194965,-1.8888925801437864,0.34116959444291967,2.2847501121976856,-1.7889231157476777,-0.626754674637094,1.2997514478256877,1.7159284203894705,1.4,1.4
2.7362041483629973,4.208975309958589,-0.14416189531121254,-2.9096129862608704,-1.6598276255234978,3.4233156471635255,-1.7072824481468105,-0.47352001316423875,3.574540508402381,-0.09092354174361086,0.2733333333333332,0.6840999999999999
-1.7219283750959113,0.015731610499098204,3.163083525426848,2.199851735776303,3.1051164609331257,2.070025178138459,-1.1069215698296582,-1.2187943691512955,2.804183885046055,-0.5273470173664417,1.4,1.3934285714285712
0.2532774948750427,2.335331815880592,3.052202386466007,-0.28338812463879154,0.6119336537760599,4.717721076976883,-0.9078064273475018,-0.5856909284937672,3.282121820821452,-0.2144027186544333,1.4,1.3918599999999999
-0.4042056170487309,3.7681910832573173,0.4927438401232191,-2.19232823937623,-0.9950157374387317,4.198684942017276,-1.661863727384967,-0.10060823171145379,2.9011636834805405,-0.34791274149636475,1.4,1.4
-1.1755454991499408,0.27658458527167745,2.816995108097978,1.2707648335923916,2.8538087813567294,2.251549239631492,-0.9019951894878044,-0.6305849119863333,2.8061815407685287,-0.7004391586293417,1.4,1.3151454545454544
4.568875931401835,5.044926503828703,3.451671458327252,2.0296435347112087,-1.699252081758706,2.9316593985649138,-0.2821415618363764,-2.6656747634598523,2.499048940452031,0.0879030141887799,1.0999999999999999,1.4
3.163880525679646,7.559329880227658,0.3797587626717518,-3.48643865189126,-1.6867157884156807,1.9745395420436684,-2.30286029781141,-0.18772279963845317,1.5368440357077862,1.2554496656225853,0.40000000000000013,1.4
4.18584336912993,6.386431096047345,-1.0511927450729686,-4.681429694887898,0.374950132684748,1.8639632968977236,-2.7234983618557123,0.5667063103142441,0.7600812719788246,0.8030337613504823,1.4,1.4
5.507162223575499,4.765307800445103,3.628033009128961,-1.9905744700342,2.7203950305324636,1.4005574593611148,-1.6450153547524196,1.2946499014312138,2.0524976190735904,0.7004942353786834,1.4,1.4
2.9460946387104996,5.797693728858288,-0.002131834519257589,-2.9080022250954265,-1.5292042786333524,2.8393746342441726,-2.070331121214329,-0.6387443213054936,2.790352511192799,0.47801825940302267,1.15,1.2028500000000002
1.2981192237079595,0.47572550010966946,3.34434425575861,3.150973185096305,1.1088377084969248,2.2828035833883646,0.4131916380890956,-2.2324640150751742,2.5087262307678366,-1.3737747489632959,1.4,1.4
3.350989634440003,10.484843699546767,1.2010307719733562,2.2954004969673374,-2.683875664348362,-1.208433690111174,-2.6412017969786636,-0.8071253224699387,-1.7839608371161877,1.0982256160146746,0.27375000000000016,1.05355
0.9229811196969333,1.0716484340787436,3.2630795248016553,0.39951986808973766,1.8514576346038103,3.1179383504858067,-0.9658341173405565,-0.982061065282636,3.9258482864104645,0.0657766310894747,1.4,1.3932636363636364
0.8269187027982365,0.9035532410980328,3.5202379132268993,0.8949099853947607,1.9456045708781498,3.0387832518934825,-0.8760972194135571,-1.2021097516103305,3.8702945556422854,-0.0188131758394105,1.4,1.4
-1.0157444403325058,0.20096823449325577,3.17158382688058,1.8425902435324846,2.783339529756848,2.2453373861390666,-0.6654207307236883,-0.9152361509785797,2.7878854098595616,-0.8057718340488026,1.4,1.3856249999999999
2.8360912654319987,10.278990902175138,0.781724300486643,2.561984034210935,-2.2325001689013484,-1.32275572388473,-2.4162356418294633,-0.4044995735520219,-2.17407131884866,0.8719360075884741,0.6599999999999999,1.4
2.9577776215658123,12.511881540942463,2.397158186583898,0.6809893678864338,-5.112523557764696,-0.4360965797703219,-3.4270462519484393,-1.855138756393826,-2.5092931364982234,0.9445078448930303,0.2999999999999998,0.6521999999999999
2.7916754378111786,12.881536322833552,2.7008329288477406,0.6762564757041802,-5.228934899730021,-0.3172503403877156,-3.6403664147597943,-2.0498098162164355,-2.5884960869558102,1.3164817168787262,0.2999999999999998,0.3672000000000002
0.44854079908547634,2.858041638356248,-0.3929394802440633,-2.6151472742567403,-0.13757242550979296,3.328405174957975,-1.6313139202410456,0.18777364076718733,2.0628475695150645,-1.4211319459865803,1.4,1.2279199999999997
-4.569487379706763,7.416562040308507,2.3392962594484836,4.035008845694611,1.4277310173757594,-1.4564036522070853,-0.7619185060804105,0.8099403250043822,-5.742578471694623,-0.2937294975584813,1.6,0.7886000000000002
6.138318766933464,8.907654714710251,5.97772758048583,2.851022306185581,-1.4759386662409335,-0.5966318898867063,-1.0604391618409845,-0.6950304474602261,-0.24979715603526098,0.6176558104173883,1.1205555555555555,0.7392999999999998
3.7522830800716513,6.572901574101814,-0.6186091784133533,-4.606213706103584,-0.0318263298896162,1.8507179783112375,-2.6446543806779106,0.6248362365089017,0.7136852300813676,0.6810427731616034,1.4,1.4
-3.8321758022253856,2.5591545791071,3.1041178035100914,3.388497936587231,1.2242203697798324,1.1938382770638543,-0.8282893483731626,-1.9833740903511383,0.7548471454010761,0.4535505729164556,1.4,1.4
1.532189244830515,-1.7384979344962301,-4.11882882238017,4.830012363205276,0.5697721870105621,-1.8779715557415824,5.285764019362307,2.119942641005795,2.362742204129867,3.3105451148736593,1.4,1.3852000000000007
1.3164610626609832,-1.439448790517151,-3.783679890043804,4.71476727365277,0.6057318466435893,-2.1941240717488233,4.308311330225104,1.9440766204344186,1.9902920193468017,2.526047322563453,1.4,1.4
3.5300168199510606,-2.056647599687734,-2.4483056477246885,3.6004934546535363,-0.15171086053149915,-0.42817000560051377,5.6181638277223085,1.1240917994579804,2.179683252012682,4.254409498159867,1.4,1.4
2.1019869816064864,-3.2666295312160423,-3.784027439337728,4.649814607708626,0.8724873870504377,-1.779762984710591,5.1547245028212085,0.9567342017526881,1.2737731707573157,4.240070280476334,1.4,1.4
4.106466434423594,-1.7961716404686554,0.06327440457468227,-1.7528157034015903,2.1083237283695744,0.6225242702554539,-0.9990908684712411,2.606658364145483,1.9877619466117211,0.5115847542407425,1.4,1.4
3.6238101913789613,-2.4757501218348494,-0.6321482829270887,2.696308712498317,0.027387159372911488,-1.3087547095943282,1.5080234118097633,0.19434116148592892,1.7530336398523652,-0.9333116910261146,1.4,1.3927999999999998
2.0304055018045783,-3.888094887200002,-1.6419872524800894,0.3711029941522135,3.565463162437047,-0.4730948727675855,-0.9270601881262402,1.5037413914063709,2.107227749355327,-0.3406400337397604,1.4,1.4
-4.549960457422399,-5.474611122717493,0.30103307856175865,3.199482948984121,3.5818808318287534,-1.876653227389753,-5.319477866512664,-3.109183104898976,3.644990223621968,3.00891634864883,1.4,1.3990000000000005
6.486354480663615,-2.6192076307841536,-6.0882676842214005,4.503038945949173,1.2101725023978782,1.731329616152749,6.7950532077583565,-1.6497097662043203,-3.7430900674678,8.595375310468349,1.4,1.4
8.694891911426389,-3.23944440814272,-0.43578908846316317,1.805705145992972,-2.9796142232381233,-0.030234215672113728,1.2282679377361454,-1.9806064185891938,3.9319661844026097,-3.1889577026889944,1.4,1.4
-0.45945657952448693,-0.8311395433202955,4.204892964755745,1.5482668655999188,-2.8974833086425322,1.9998252141282495,0.7305018029992784,-0.8162237010695109,1.5778622726499085,-0.6145180189847176,1.0299999999999998,0.6828999999999996
-0.9923357359125443,-6.625411833308784,-2.0805372011990753,6.535059551567993,3.396870347269483,-3.2118922594374166,-1.6692137600403079,-2.5780195403943194,2.849922539854207,0.09984750498641677,1.4,1.4
4.01481626880365,-3.800700165585014,-2.8652626697073917,2.6425363410144875,2.014537518850192,-1.7836648421413426,0.42325398716693735,-1.788777391460712,-5.249138397671553,-0.721089874101322,1.4,1.4
3.2693641671680305,-5.602322819122412,-1.733905603958581,4.799578979817769,0.847136128718754,-3.252985718570775,0.8490803434016616,-0.43033438936360857,1.2543441637621089,-2.3982823381855605,1.4,1.4
1.6099070408639566,-3.2728201762087594,-1.9262216432916264,5.007129921560652,0.619542242741016,-3.0494129794515064,0.7112467112641732,0.36094646609905395,1.6158801741435436,-1.257841606120526,1.4,1.4
0.7256593969009046,-2.588072673119495,2.8687672855449913,1.5667864773680318,-2.0753374321279168,0.16390670683185007,1.263948729868494,-0.501175034599516,1.247723573568098,-2.4141056692094063,1.4,1.4
7.136728141912599,1.041376450650584,7.245681311149698,-0.05875899615734685,-5.318117957811038,4.507964735182062,1.958953314882202,-2.8288477910892675,3.983733679275056,-1.487146044177357,1.4,1.4
-0.6412675914504329,-3.9681770656700874,-2.671390992715548,3.5352514511082616,3.9427788414709597,-2.05177572156166,-1.1026174079321938,1.328492612182999,2.875059434797961,0.7472657549012777,1.4,1.4
0.9576388498146627,-4.267654726189059,-4.619936637384266,6.216944594476235,2.406820167139384,-0.7154080330096,4.727013598166782,-1.1176729855684304,3.4039511654732455,7.5498513861066945,1.4,1.4
9.55878201603764,-0.5282976069555189,4.857676724085529,-0.5707045075790537,-2.6508389460521338,4.648352880224988,1.453733088922326,-4.02205284299922,-0.5932467498392758,-0.24613570046228042,1.4,1.4
11.81706420708345,-0.31518526136337044,1.1596206820636965,1.2247027408276725,-0.6037920956590686,4.862596014064775,0.994285856622269,-5.683769594403782,-1.3580836546741661,1.4342028699104656,1.4,1.4
-6.382355441108572,-2.190938608702708,1.8344984482416342,0.4987310580695168,1.5512496617285243,3.2738627839112757,0.4739601162661461,1.616094587676253,-0.2662412240941472,-0.42521872222750284,1.4,1.4
-6.466701734574377,-4.5646165635748375,2.61731346448386,4.199049471999544,-0.09853802408548262,2.1114086593294803,0.6133255833760155,-1.1745988727901233,-1.2541840130619226,-1.0577088188739672,2.0,3.0187000000000004
-1.4176357928450045,-3.721289202840962,2.947686307014238,2.5210810781728092,-0.6904022843017994,-0.7590016118671833,1.1430505805938715,-0.33481845236680813,0.8769761194729668,-2.612208667163146,1.4,1.4
7.21770831488908,-1.9338184184812648,-1.2066193400457985,-3.206099584554093,2.319805629765001,2.594590216469745,-1.5970995269382169,0.8602624180486048,-2.1375974016299204,1.4727908967292482,1.4,1.4
7.794117013648344,-3.026438089111637,-2.22363278612098,-2.435922533162977,2.839720474487847,3.0832042143679916,-1.8337707863204167,-0.92721378263827,-1.975750218248993,1.3839604773445124,1.4,1.4
2.5960348075874737,-4.558158735873748,-2.1968828998436996,0.3472261867465713,5.5479492390023015,0.5380486140875119,-3.274784465301081,-0.6118548334862056,3.678539777893681,1.9063182734502027,1.4,1.4
-1.2803054825892735,-5.459163609029837,1.3485721378306335,3.2743049397443893,-0.9830176226511419,-1.0224799233856163,-0.7313167438711576,-2.764653452920967,0.07313871933509156,-2.051541685340104,1.4,1.4
-4.951190228685025,-5.300927756434266,1.5587825229967605,3.851923156452082,0.32478639367028583,-0.1251641659499432,-0.41966876300743355,-2.1572242548705676,-0.8836381230868081,-1.3060212927191739,0.8200000000000003,0.2859999999999998
-3.850819470760414,-4.749494645371791,3.2151098300801433,2.9138515840721837,0.41956200283467926,0.49082136623254863,1.576889897556564,-0.30060197279721246,-0.5126883431580818,-2.2150044127447965,0.25,0.2749999999999999
2.758656974024816,-5.605095124141011,-1.397000415722242,4.418112256479773,0.4410006388085507,-3.2842668091990777,0.191797732865358,-1.1479830553437917,0.7874516928618235,-1.6663221041073637,1.4,1.4
3.6024605743801983,-3.4812153869503035,-1.742429883346117,-0.5597397322333858,3.810827155393747,0.5962736160120348,-1.4794594705626762,1.0788452637338513,2.7989268879802354,0.2850832894334154,1.4,1.4
-3.3454684924402893,-4.784534972431621,3.201268647766298,2.6042419035440365,0.16462695233025032,0.40024679308656474,1.74435822126558,-0.32227888506464547,-0.4304625821592369,-2.153489678519237,0.050000000000000044,1.1582000000000003
-5.363283654871149,-7.522701607611317,2.9233992594279843,6.557912841867447,-2.7063861304816585,3.198932162085957,-2.643248201916748,2.907891955219826,-2.5053551460447365,0.19907352061478742,1.4,1.4
-3.9244389362218257,0.048064064531603966,6.6770674543763056,4.829635912803589,3.237386561622384,0.9364594222352408,2.507820453733459,0.9607338127668325,-1.1963236845227363,-1.0461012507843452,1.69,1.0129000000000006
-6.400256871640013,0.10974873454876484,-3.3592011008973817,2.2190716468855207,-2.6202098406456606,3.229203872851101,-0.06506201377246974,-1.4625158001988139,-1.1227491292203369,-3.1052598921216554,1.4,1.4
-6.718948279664475,0.620696517071303,-3.2095764857147038,2.2369797687763207,-2.5316344100864976,3.147027976826225,-0.09636022443537463,-1.296878147788487,-1.2685149693063766,-2.924729885002046,1.4,1.4
-3.802171713778519,1.6111295073277756,-3.7722005267079397,1.4548332078193917,-3.4858610889972104,0.5562437764577487,-1.9070877182849317,-2.8402823832523088,0.6560049406506351,-1.5332751817861299,1.4,1.4
1.9653539442015195,-0.4442339512645703,-2.549941207037726,1.6241662387556066,-2.300186005339899,0.7847751165410302,0.986395832017719,-1.2093465319233256,2.001147796047131,-3.8557805467630053,1.4,1.4
3.6313628265965523,0.0039774155716963,-8.422271706511854,2.755004671361525,-1.3037146893347424,-0.5411151587158938,0.4021285440008983,-1.4100727092261094,1.682821101444341,-3.9075994305159214,1.4,1.4
2.064130331278646,-1.0460746483229786,-8.407984735432283,3.904101441826434,-0.43404968305150765,-1.497726980900773,-0.597481103093438,-1.9373944642393202,1.7254416454456027,-2.94983865259106,1.4,1.4
3.561343893004114,-0.5396428081896901,-4.880628449009303,-1.255497744026613,4.245275174144,1.060238409133861,-2.1142627661043423,1.734252808177109,1.6789723423545755,-0.25937521950219616,1.4,1.4
1.6518178662373677,0.6646820310764507,-8.678289395063352,1.6003571924932996,1.7027339883882948,-0.994100246704134,0.0568928943576758,-1.5279111257766085,-6.052130294951395,-1.336517130144288,1.4,1.4
0.5975744284760796,-1.7038881076288046,-8.409421715339317,4.322189147595075,0.1828035339435751,-0.8027055568954425,-2.520903925013503,-4.263918465613546,3.0411891826778072,-1.951056229831345,1.4,1.4
5.604250722089244,-0.47399606336812455,-5.2007737725337675,1.8633407092010048,-0.6503501678739891,1.2722691521178076,0.5058907128274347,-1.5902480039468805,-1.986305299014382,-3.296733951478124,1.4,1.4
3.868479563837881,0.7480519301675403,-7.150309845361562,2.0016429900948016,-1.9520184446841298,0.4238401463992034,3.591704976509877,-0.2209869889577519,1.9414245916869382,-0.4346479045397584,1.4,1.4
-3.5924382426405095,1.7323981656036678,-4.141977859301516,1.6791746176209077,-2.9861682598081916,0.961113229781917,0.9209868102137758,-1.6171213742865245,1.1246664299401026,1.0743946710824066,1.4,1.4
-3.6016887371335766,1.40051013699918,-2.7746924112010745,-1.3872818529130448,-1.1176628836933107,1.6022156106081187,-1.960448757026828,-0.4991703387782256,1.761707968142021,-0.9547952930984276,1.4,1.4
6.110035160403221,0.9952866987132806,-10.39957648472907,2.3939525486292665,-0.9654222799566351,2.3434438113567793,3.777608325611796,-2.6772361749671156,-3.324506686902544,2.0103575568887853,1.4,1.4
-0.20364097746151788,-2.8850980041685124,-7.30045858714606,0.5933006847541433,3.542547039919373,0.015990979510994704,-3.5981227298354925,-3.5262651530677274,0.7618885457431168,1.3438812582716506,1.4,1.4
-1.255939315516678,3.047339418833641,-1.1564004068303777,0.13594547088499567,-3.8504944303962305,2.918364729022054,1.387953534003987,-0.6712678762227694,1.8283608376178382,-0.740110881720865,1.4,1.4
7.761862470609094,-2.119481317791194,-2.661947229882742,2.131177583011255,5.03347388897414,3.461706112241983,-0.15860762405568,-2.247981155367564,-2.004908141760241,-1.6442938613155786,1.4,1.4
7.12843885325289,-2.267579702620144,-2.018704675714287,1.4758479627221353,4.599664986464482,3.3296801687581006,0.023589272933167198,-0.8340577205426544,-1.2185403063089155,-2.156800854904354,1.4,1.4
7.395646060811832,-2.2392868346295565,-2.61005092807982,1.760672026454726,4.9188187573369095,3.5538343751158954,-0.025727248761073414,-1.9102359970659781,-1.49249038330462,-1.783373978226085,1.4,1.4
7.842683340484804,-2.0716226093448245,-2.933782316919364,2.1717097908007195,5.044042598614505,3.511467660453203,-0.22045857714228223,-2.344978193005593,-1.9480065975021321,-1.6483123444584757,1.4,1.4
-6.477564457566986,1.8610380378940232,-0.46482248849692587,2.626106783929413,-0.5999816088237618,1.402842421899852,0.25914398593540805,0.06659936680814421,-0.8229906406835023,-0.9566760364665798,1.4,1.4
5.827620788125525,-0.15397083414596843,-7.3128981387103895,2.3518610795816426,-0.14130559959112668,1.833578969736019,1.4095732848612066,-2.3536523087569563,-2.7327304514569657,-1.0156416901295562,1.4,1.4
5.893879589629895,-0.5757722502615987,-6.12049435366739,-0.5624127235352667,1.6501166299708654,2.533253247865599,-0.9032302535330131,-0.3068900667305157,-1.9752509473395388,-2.112564667465034,1.4,1.4
-3.3569905072973065,1.8165914858688779,-2.412670803249562,0.9324309540024298,-2.713558444273163,0.43055964326295093,-0.9378501033002179,-1.4570808407468858,0.7800391046099197,-1.4661101718466008,1.4,1.4
4.250625255194477,-1.2053906798042782,-8.946208286470277,2.642350082497044,0.25830435202317864,0.44130133651803427,-0.4525946478649964,-2.796081347913377,-4.0228982367982695,-2.4252464737839543,1.4,1.4
-1.1857388401969335,-0.5877263673544658,-3.941867619068317,-2.8349339782563416,1.2357515631257228,2.918954805690921,-0.8396534264762312,1.3890441327672227,0.032793189232944386,-2.793294659676006,1.4,1.4
-1.120626300861825,-0.17613184513974114,-7.073886680191122,2.2211647940093973,-1.6681222091371084,2.5820019297953434,4.854443323427007,-0.6020086724708795,-0.3073626200776089,1.6761298305484043,1.4,1.3984999999999999
-7.037364593786551,1.3262411013956854,-3.1161470989688036,2.331257221489677,-2.2887303098450156,2.2441247579328505,-0.6189254073202543,-1.3505359461892958,-0.7243672393739753,-2.145340942321163,1.4,1.4
9.351412014313855,-1.2318590973224328,1.7163586577511207,-0.8535519860782603,5.849943158715379,4.644274728183998,-0.9246385030437242,-0.7588698661439738,-1.268601164596594,0.2586179684243035,1.4,1.4
0.21797316504457895,-2.2768085537165548,-4.677929143259726,4.394073380057729,1.2024266369820973,-0.717112221770478,-1.335332944993821,-2.982008060070272,4.272591535916432,-1.9671663079866262,1.4,1.3702
3.867320157444047,-2.0706557443986853,1.594170507269162,3.668915393893382,1.0698562209637428,1.3342750045369896,3.455195138053999,-0.7062309749640323,1.8353094795654896,-2.7004127304988264,1.4,1.4
-6.52178504546159,0.25277670158740767,-3.3003082196262943,2.2265390525631648,-2.5998106035288004,3.212225360781131,-0.07477687554818689,-1.4132634591230537,-1.1596110256254852,-3.059812097374574,1.4,1.4
-6.396053647766705,0.9478524533438636,-1.8982286063133278,1.778541037237654,-1.8959018306914617,2.9766209433609223,0.7312095555374437,-0.006419756827416561,-1.1974841267002343,-2.869905641281869,1.4,1.4
-7.2321532388294445,2.321622325716717,-3.6019277943672376,2.9375178416231735,-1.4932493077301965,1.6305640925563596,-0.6633940174982654,-0.5434628102556138,0.8210848051583024,-2.1635093505657825,1.4,1.4
-6.166277104302595,0.8010668034889049,0.45703563423903654,2.0970555321407724,-0.7148295147944844,2.048496888859046,1.0802871657365143,0.384780240797478,-1.1719308826542036,-1.690069035081488,1.4,1.4
-6.165349583680353,0.4668097169398935,-2.018921078952487,1.7803660874101221,-2.003816447309405,3.099484444677966,0.7395014190455915,-0.1670655348642461,-1.0359073120778886,-3.0622602196872117,1.4,1.4
-6.410457175251615,0.12017561709585806,-3.354202098321611,2.21971785605802,-2.61890506821115,3.228216070689361,-0.06580980134932136,-1.4588055262166313,-1.1252728618113355,-3.1021577633752178,1.4,1.4
-3.1189249586073196,-1.180072277599819,-4.960628304580835,2.166382447370435,-2.5208071925764974,2.503022023273822,-0.15941138638267735,-2.7823995897690788,-0.1470714089905549,-4.342064061231411,1.4,1.4
2.0387721308920104,0.33722200088236465,-7.771660197115136,2.6709418868749593,-1.563792795295483,-1.6888671933770394,0.2940003672572764,-0.2507807834857923,1.3221916369912756,-4.008074752274471,1.4,1.4
6.51122381405604,-1.3955929586309128,3.367532834424478,-0.14957332344339294,6.020626480249457,2.396318800255538,-0.04135032562928691,1.9816418922908139,2.394183362671233,-0.9214624429693903,1.4,1.4
2.405543838577083,0.3322018405266898,-3.490979199691431,-1.9466682222818148,0.8929348052156959,1.620928365326128,-0.6500041224121371,1.5029311702129757,1.6284401584957917,-2.3502949229118,1.4,1.4
-0.7938669972289727,-2.24089717981394,3.610805441370139,-0.28621109135309386,3.8898756192607844,2.0585095398631164,-0.7952694948813946,0.07001195522554274,0.6087525717253507,-1.8338975608578918,1.4,1.4
-2.0358074511373543,3.0092394476334627,0.3192934227259095,-0.3432883697349875,-4.261293890748119,2.8404902602216815,-0.3263630530002066,-1.9036030912641153,1.3453166320268157,-1.2032714600950551,1.4,1.4
-1.4063554889173986,-1.4123411330600673,-8.025583914781729,4.535357739469011,0.9057629331635375,-1.5171143850808624,-2.7842120616823,-3.3598792317413015,2.548391910389,-1.3515900279011166,1.4,1.4
2.945159193887203,1.5836925289103057,-6.456154183987135,1.5934433038544074,-1.7822266462306025,-0.049313083058723735,3.8894338625382585,0.778699973336615,1.4350622927379637,0.607053067709715,1.4,1.3855
2.506477695971,0.6508261457649761,-4.032957680443076,2.020036818832565,-1.5534347132205581,0.297906110238044,4.0405951368195785,0.5852439499658443,0.895409120101082,0.793595964908576,0.44999999999999996,0.3479999999999994
2.581071062118795,0.7044097769669286,-4.2894967922404605,2.2378639176234203,-1.4347316349566488,0.17098998993806208,4.086363395344081,0.8952565429417652,1.250762082268818,0.591802371996077,1.4,1.3799999999999994
-7.220401058145005,2.5679175866899335,-2.9367239791898596,0.04477436350825399,-0.1891583433068335,2.6869290742279577,-1.3929076804975287,0.23744265712092666,-0.3441044123193012,-0.8696686190363468,1.4,1.4
5.980936490486133,1.8080759945018618,-11.015651464177417,2.7401121817050664,-0.8442906760096619,2.771101194615222,6.288956810432313,-1.6592292613775705,-3.6907606916256563,6.590022622458231,1.4,1.3985500000000002
2.9226743731113034,1.8979455680947344,-7.523762103347224,2.080233319136984,-2.1056052194494854,1.6786901212887126,6.909917557970968,0.556254602943186,1.2539832057646112,4.875249151917827,1.4,1.4
3.2212435475275787,0.9697824778786872,-6.024248668595991,2.688132026610183,-1.415457935453676,1.384083214793011,6.997132031523188,0.657722054583844,1.3576497319372154,5.30443316864843,1.4,1.4
2.891884391117879,1.272425319485737,-9.303039611324886,3.0976468303471396,-1.2783455854734398,0.11162843782571281,6.226354986279482,0.5389060323142655,1.2074161940711954,5.272828859158479,0.9999999999999999,0.9975
-3.9067107941564267,-2.477214303267774,-8.219385899282306,0.3264047294284655,6.073676539666432,-1.047518276008682,-4.270556483140018,-2.9807765685734156,0.016282801696310287,7.150763787117903,1.4,1.4
6.599321693982789,-0.4502418972879705,2.426191277912018,4.13287797520807,2.1444794207551667,2.8303084282471254,1.8358404719132806,-1.3411022199960738,3.0119665333067345,-2.0534159335208035,1.4,1.4
-4.798027808885675,-0.9024940890751121,4.377291887850295,3.9497379476812133,1.8368794345125543,2.3305129098472483,2.141846295316043,0.454161852691561,-1.2531536811139499,-1.9245732149233081,1.4,0.7277
-0.24158519537659193,-0.057008163087496004,0.3014724318801649,0.07589254587728565,-3.031315901118777,1.0251358470574432,0.6717056965894798,-1.5785571815858446,0.4911280939429623,-2.877573483022089,1.4,1.4
3.4354657320168456,0.9164985875504197,-7.297474751934685,2.2625042763784826,-0.9027775343229738,-0.811397544294303,0.7765095353520843,-0.3364793967984138,1.310930368455174,-3.060656883974075,1.4,1.4
3.722386383704595,1.4767743737084271,-5.707095440412749,1.2007943328988409,-1.6069533418291106,-0.10618292683751034,1.0195623748459877,-0.5437559976045785,1.4934424189014377,-2.6277415149080525,1.4,1.4
2.3790163455819444,0.5435828349584695,-3.1125249383479634,1.3275392942083795,-1.3688987437783995,0.12175815149344212,2.388678566785951,0.34308829804938795,0.7800026640519581,-1.1803403326901873,0.98,1.4
-6.815879663913376,0.9406900628830088,-3.169898823353803,2.2403987027594163,-2.462200028236433,3.076425960372696,-0.11293223898191543,-1.2023105775030187,-1.3723256123611896,-2.7955086120632595,1.9,0.825470588235294
10.34282400125279,-0.5911847038312927,-0.020774548577949258,4.529025678192586,3.2883562926547882,4.5044679002804555,0.8317504555100638,-4.999408471057923,-2.0655856726981825,-0.2399094379887348,1.4,1.4
-7.069743423023461,2.224338901244087,-3.060999445624791,2.3111053645513158,-2.0241919707467315,1.8000041353795533,-0.7509008437207783,-1.2078801182067544,-1.0747301734776924,-1.5889510636221125,1.4,1.344175
5.539757489400468,-0.3489676989657135,-5.265176311557763,-2.5712750829092825,2.6725060611828186,2.112540595953702,-1.6256938296623573,1.6430331388590933,-2.941227941175816,-1.4995084106718823,1.4,1.4
-3.7407214881707285,-1.977269117822648,0.7096350919068614,6.6818448943171385,3.911738484136431,-1.6517138380069498,-3.903229698657474,-4.4174970153354876,3.544801863660508,1.2771974859126003,1.4,1.4
-3.8290649170294593,1.7231557370822725,-3.745641898951531,1.4532849514120514,-3.4612615544414047,0.5168311417263913,-1.9171163695818352,-2.814804339085168,0.6159010901069856,-1.4799061215830975,0.55,1.2512999999999999
-3.8989390164727307,2.322445287413404,-3.6474391082893103,1.4438535267030685,-3.310612229482802,0.3087848018388484,-1.9538908042356098,-2.67406976046538,0.37171686651588115,-1.1913045428641154,0.4999999999999999,1.2857500000000002
-0.4471740557141262,1.1954480918043202,-2.0642088034831647,0.15395803686941611,-3.4624658291978467,1.4957941843259075,0.8020497128445877,-0.9193253716777894,0.6575973988927611,-3.859110884072962,1.4,1.4
-1.0995824481419063,3.1383611034004977,-0.5165901231298605,0.19861554649155064,-4.118635077134234,2.581341511470634,0.3521239696182878,-0.8365627039236672,1.5669585938631796,-1.9656525340018784,0.15000000000000013,1.4
4.196225242594476,0.6479995142252953,-3.2466233966140323,1.6011538474834186,-1.4980362443674193,0.9148838223086806,0.9246541977511931,-1.1989978192587154,1.6947076378619899,-2.46185039797937,1.4,1.4
1.9680199592983096,2.048007965556496,0.477982531469133,0.6389968540942508,-3.288823682825532,1.110875858045549,0.44065003337120984,-0.8513670213460669,2.1299283663004824,-1.2045594822241472,0.3999999999999999,1.4
-2.416334418279684,1.0201539626590546,3.251694532230495,3.810164170318197,0.7143377837796088,-0.842729441209109,0.3380683504286332,-0.06709972675035253,1.9430548824837726,-0.8207626983282701,0.09999999999999987,0.2238
-6.7718536454743745,1.0501226620516804,-2.1815028235305283,-0.08187593354073495,-0.3932204742195563,4.055540652902037,-0.0600302056334264,0.8395463308964631,-0.30635447002577226,-2.3801872822785892,1.4,1.4
4.040408303949516,2.586051974370974,-4.723379659026006,-0.01455453870599904,-1.3162314059893505,1.4923779077432293,0.5207625416708075,-0.6509636712798238,-2.688231288733753,-1.4601274315090718,1.4,1.4
0.8232095425217637,2.483662167193425,2.4067467449934505,-1.9031382102711842,5.072828592627579,-0.46088106198635176,-1.4126085576404732,2.4532059721712285,1.8954986939148695,0.6309938397855079,1.4,1.4
1.3485261751958781,0.9617219390347636,2.762803437450732,-1.0041487971459258,2.290268231823633,3.053898637183669,-0.5581866328808921,1.0021138749066698,3.6407853188708548,-1.8213842324357274,1.4,1.4
-4.840784713276804,-0.4969802194752454,4.754010814070364,5.454450416906749,3.3871749199779915,2.701917091432637,2.1366883306766553,0.22984664511672648,1.1122152834498973,-2.2294320770571914,1.4,1.4
-5.3346752904565005,3.187623673745412,7.247130310934935,5.237665754938211,3.339383761032918,-1.6398291151395588,0.27322284485260234,1.2693504247571952,-1.257924969689187,0.004462421119383178,1.4,1.4
-1.149759190463238,4.765513626687885,5.854994534116652,4.571059003763643,2.2223912293921457,-3.643909285464948,-0.28142711686043503,0.724182813340722,-0.9728094868532573,-0.15321945559568087,0.40000000000000013,0.7261000000000006
4.869053643596975,6.867383956044307,5.158833029036942,1.6530375425738306,-2.057689474619588,-0.6952461091609445,-0.1573042429534204,-0.16536295622914995,1.632505153224092,0.7653920476277144,1.4,1.36185
-1.1024625647871704,2.6185606798229983,4.782248602167094,0.8547908569615356,3.9145597041953715,-1.5770224800435115,-0.7090983477695952,1.9682011677234956,2.025492575741576,0.4860354964181989,0.0,1.1777000000000002
4.415486097141406,7.1855685989458085,5.479307887217586,3.193189102019659,-0.824233636595921,-1.100606463023029,-0.6713384970888738,-0.19878072385117657,1.057183746415039,0.7010670104469929,1.035,0.9315000000000002
-5.492474721032009,0.12866309845457008,3.231010932340108,1.8718519925918795,4.033987827742741,3.160583969524275,0.6291404417679922,2.0181430308586563,1.2357486175263828,-1.362622967406439,1.4,1.4
-3.469596959325317,3.2162902441960264,7.179606852141858,5.447082755076097,3.412618290563048,-1.4726486632056135,1.6169446699473855,2.2629036837923775,-2.3029813941803132,-1.3049107978240337,0.8500000000000001,1.3073
-1.3590007351457982,2.629355916345552,5.979315236595693,1.8840443155167335,4.142492714930029,-1.6889403255344553,-0.4338050557255747,1.8156443619530154,1.604926075865988,-0.05102791410356007,0.8000000000000003,0.10709999999999953
4.190974453583516,4.824312480247462,7.706374724830225,4.329789104542127,1.299854777631218,-2.202115311309028,-0.195706148212573,-0.03362144008326279,1.467632928941861,-0.13717275281656585,0.3999999999999999,0.7222999999999999
5.617374162169144,8.225736256158296,5.706145989938057,2.607059792901134,-2.295466943515525,-0.9748663929885318,-0.9875023628844655,-0.4378134074673987,0.8107360099977555,0.6062893476958641,0.8839999999999999,0.8112500000000002
0.7772213852408675,7.702516162700076,6.389075066717449,3.0126496096154343,-1.3885058798126686,-0.31803131860162115,-1.4625808243018954,-0.4063982462161851,0.37602953337000883,1.183363994559563,0.6600000000000001,0.7666
3.039060891356351,8.563760450774533,6.558491040601742,1.497474220734773,-3.421319128451481,-0.12066235662826759,-1.3145646657548575,-1.015318870781999,1.0435158315588247,1.2507686550934793,0.08499999999999996,0.27970000000000006
-0.2426674888366371,4.489416540668366,6.347426732261146,4.564124562830084,2.056470148772628,-3.8228432447686314,-0.2818265509665044,0.8033667163059172,-0.32889840985237884,-0.26598500205811165,0.20000000000000018,0.1396999999999995
2.6856173073668725,6.931457221067378,6.199582720880972,3.9722556161427565,-0.35518407695075094,-0.6204975814002214,-0.5962139653169294,0.2573156227060736,-0.06507626649650558,-0.23951225061144596,0.09999999999999987,0.5204
7.914825744511961,2.303141007649154,4.1129579566728856,1.2093063881363022,2.9647829822571574,1.865855498895428,0.26419741989377976,0.514339264820751,4.95260521508607,-0.2234602723695938,1.4,1.4
10.282205226295376,6.867646106309709,2.8008071403243697,1.751187393625526,-3.5262710147579073,4.119246975669184,-0.6964292919745698,-3.114706735170985,3.922599887239281,0.3745862048901345,1.4,1.4
10.738044238255677,10.86386690666465,4.215052112702592,1.9161827591657428,-4.855003384555716,2.113676421456317,-2.399523544190194,-2.9220801301818997,0.03079175687562239,1.227167353911846,1.4,1.4
6.870281337130434,5.234341987221053,6.104045530450844,4.99504683439897,2.614386473463379,-1.7690071610748126,0.2121291020727337,-0.3150619461403394,0.6273495506816332,-0.04997009454825033,1.4,1.4
-1.020435321259531,0.49981322942875245,5.126201725326403,4.444875156973001,2.1509844757464385,-1.2541030888777864,0.913843388646309,0.2753457363309115,2.7936365032709016,-1.073955618023502,0.4099999999999999,0.5533000000000001
2.843502522235282,6.887692263895097,6.970412389760345,1.1521779704294308,-2.9882846008133606,-0.1580072449638205,-0.44463114289003547,-0.7249805571891484,2.182669088907504,1.0188783772985355,1.4,0.7721
7.615167489369697,8.095414275844966,6.221251442608888,2.7734837510964994,-2.4675768647520835,-0.18548897301151016,-1.0372074380659584,-1.1697994402924479,1.7319611019543268,0.5555827764505458,1.4,1.4
-4.237494607654988,0.5723158739157824,5.7447678183817015,5.517939956823577,3.799069188432816,1.5294877176357704,2.219544876868883,0.7939850178686036,0.46634456299528143,-2.1032943310069454,1.4,1.4
5.081422938325484,7.137265977460835,7.1229110411319745,3.722469034950418,-1.1704071950003894,0.14534831062620807,-0.9077641512290735,-0.8443953773327291,1.303224560280615,0.22286264263326155,1.4,1.0295
1.170328148672438,5.371014985703294,5.316195396538679,-0.20127751295772858,1.0828047648432113,1.611444123988741,-1.1433231662280035,1.3195799030431095,2.1229133129195135,0.8351288235842761,0.6799999999999999,1.4
4.476612228213032,5.928103868872434,4.601782649971342,-1.2072675156784418,0.08125349864750246,0.8599368900153047,-1.2092588782195273,0.7891341088746402,2.954374711593905,1.2331330282262838,1.2999999999999998,1.4
-0.46864971198413524,4.8928097213753325,5.345824837235442,4.581865967977129,2.212888003831399,-3.319681158098698,-0.38013482636123846,0.796687416643172,-0.3571670729166454,-0.26022110097995693,0.7850000000000001,0.3379000000000003
1.6825211014063703,7.657458901461896,5.684666470518597,3.7880651124888693,-0.6597586988988902,-0.0899360708537073,-0.8872828784033295,0.14554365858991092,-0.18095580314671264,0.4243894194828918,0.02499999999999991,0.256
5.175818421788551,8.439917980348032,6.67897356686371,2.598419798967561,-2.2653056448983597,-0.2436945852101572,-0.7479120241123388,-0.5180619619562603,0.48721555821736034,0.49356316952403667,1.2799999999999998,0.9316
2.2177883467844723,6.6616918254627375,6.883976478918118,3.367128252987132,-1.042198861584019,-0.9574350286717748,-1.013485483129261,-0.03919836703784092,0.6817990408495775,-0.0026643963766029405,1.59125,0.7506666666666666
-0.7036283441651563,3.3736063574365733,5.455322879487389,3.5549812135778995,1.9061847759985295,-3.264400786630849,0.3254979787773917,1.0661909070865827,0.3254490760270242,-0.2302059541026551,0.10000000000000009,1.4
-0.580511099067075,3.6252598401603517,7.173119041303568,4.3087675850998215,2.0180061259691087,-3.5023926679761774,0.12935390855002285,1.0357493852531492,0.06042209415832302,-1.282203905778068,2.019090909090909,1.011766666666667
3.7583459625530073,3.145585476524029,3.8903100053066533,4.154541730198948,0.9521527981661145,0.6132577615126972,4.7026670720151165,0.9247304914651057,1.8329050740050248,1.8748367974923414,1.4,1.4
6.597121089275371,-0.2186359927836259,-1.13088973888214,0.5320627359276857,5.349608415954235,2.54776723944084,2.0500870004705507,1.2821305451472114,3.652340581297848,1.6057496673218083,1.4,1.4
-2.311864608290187,0.6196595727862957,2.077648831107427,0.24140559645862886,2.94197900891062,0.8072883626320755,-1.1913831256753435,0.8059180147713847,3.3028416851116926,-0.3140228675979794,0.3899999999999999,1.3988999999999998
-0.18070260529171323,2.4375877850616856,3.3453778157817506,-0.8363754447576436,1.1733454981392633,3.18443415674161,-0.3679215886016591,1.1886931640566096,3.728485378136647,-0.3698988222038284,0.7299999999999999,1.3996
-3.153390495796298,2.949824675809366,5.283880956080511,0.6192684324666676,3.375015006258018,-0.6950724229262477,-1.1090689052921867,1.3536539287978029,1.912444741065078,0.6510179941982093,1.58,1.4
0.8155259958073228,5.126672928002132,5.232680269121227,0.00679181445339105,1.5716446404223656,1.6156688460741473,-1.032840663013719,1.391333790437403,2.1762204994399,0.9224767538273188,0.32999999999999985,1.4
0.889450721025883,4.294908621220039,4.33042680604,2.04538040360134,-1.8448623956244268,1.456824514503216,3.8658497459465004,-0.21165131402229562,3.598407671343642,4.301064850636907,1.4,1.2968000000000002
-0.6533154625597489,4.67784737254632,5.3888246631578705,4.455120799155411,1.8209195016667434,-3.7407266110846638,-0.309368862584059,1.178212490111224,-0.2538582445690034,-0.31975756647659875,2.0,0.38850000000000007
1.4920976636725987,7.313936190382254,5.78539292686339,3.67860418447041,-0.8499064844991998,-0.6348912635541692,-0.7148892139959931,0.5443114477060967,-0.019046375974293612,0.2944031056986142,0.25,0.19376666666666664
3.600230986292846,7.294257159394813,5.493669986429233,3.05987002444497,-1.3000614487125783,-1.1368553298167932,-0.642705202859925,0.1357605824055121,0.8195025613691205,0.5501386380551823,0.40000000000000013,0.8683000000000001
-0.3593916573214217,4.564160644526095,5.626557688051679,4.566492257502323,1.80052578228938,-3.9124602148771253,-0.3860746011293962,1.155987121816411,-0.30788728305574936,-0.4316256508270309,0.9175,0.5892666666666666
1.851507981940583,7.475059854986558,5.827216185314511,3.5058142971984574,-1.2269094351188625,-0.6309524899477423,-0.7832967088950498,0.4774359372696094,-0.009602815345043713,0.1961541928142569,0.1936363636363636,1.0324499999999999
5.04965636151656,8.025820868827969,5.154863636844548,2.4677446525011386,-2.2944777279555653,-1.1310988172623049,-0.863134936197898,-0.18147651851492294,0.9603417622706862,0.5207676825923407,0.7333333333333333,0.8791000000000007
-0.7749323037024558,2.7655834354278284,5.524237990318426,6.798764780074007,5.473093148717105,-6.385841128102483,-2.582643069056165,-0.8077278127195735,-0.2519015525101843,1.29085562661861,0.0,1.4
-2.700108417765459,3.733951292995629,4.11386724053629,6.776709753664912,5.24993662067536,-6.5227339999926786,-4.124615941404295,-1.6034361685790084,-0.027034467981788927,2.9598648416494706,2.18,0.3592000000000002
5.817815801867091,2.856400477329718,2.5282684315871466,4.2839032182233305,2.6363195387965943,-0.8845049267678856,2.6935352357574693,0.896602372728627,1.1864774134032787,0.6223354312887768,1.4,1.4
0.7585861810737593,3.981737703877814,6.547153018936251,4.824489106005702,2.4817265972291627,-4.13194249574636,0.20010207971521088,1.2098513321172475,-0.5618898409865896,-1.2970601168744498,0.0349999999999997,0.9700999999999997
-0.3225931629306196,4.696802940817772,5.783361886791226,4.533392434443233,2.0718541948408715,-3.6238345314718807,-0.3954343871569474,0.738633645457876,-0.49189271590065775,-0.2062719055223939,0.29000000000000004,0.060349999999999904
1.931871558721635,7.72459010900176,5.87738432375229,3.502798188891512,-1.0698901117999335,-0.28026893320404744,-0.9050488489249258,0.05322237507410958,-0.2362151401164009,0.4977466831262642,0.58,1.2258
2.9220899950906993,7.075733530814493,6.52936763286668,3.852874258099309,-0.7435512573426974,-0.8578418108564151,-0.647739694912526,0.3691198033532502,-0.2248521784038043,-0.2923691285850299,0.6361538461538461,1.268
7.234956408020878,8.383004070167487,4.971818274199497,3.5654303723929175,-1.2071076920195676,-1.5494537588552646,-0.7485228678518686,-0.24109378093000033,-0.9003878650647171,0.02828829008515791,1.4,1.4
6.193979686600198,7.887407940504453,5.575548128801373,2.6545965481733087,-2.0564837862679846,-1.185523756545085,-0.8164488914602679,-0.3272406858997955,0.722196349652252,0.20908746463748798,1.4,1.3584999999999998
5.32580726754116,2.068285433630285,2.0096183799177103,3.212681528261296,2.0507959702144483,-0.13628171517273605,1.539028241694536,0.48649311926047206,0.8859773476738358,-1.0568867378289244,1.4,1.4
2.1958903673937393,-0.9155674963838789,-2.0217753896221864,3.140120261536088,1.6679375515844077,-2.5300738717644373,4.8691044152196366,0.6813422145958516,0.1255313415828215,2.867193132741811,1.4,1.4
3.8696221288759474,0.8461825373586982,0.4205566691206508,-2.4026464121108666,2.710399448871284,-0.6675977808954529,-0.2951556512956928,2.0555750998085713,1.0066931035999962,0.9409773202511591,1.4,1.4
-1.2973531310687894,-0.2386031696488171,1.9826342006678392,-2.5264728924974795,3.4547566435673454,-0.4638072612001594,-0.5731789677361041,0.44745790259698714,-0.03694418535114797,0.3223221883982122,1.4,1.4
2.2666742935186335,1.3933119391138795,2.027082431905902,-3.5894080506468518,1.8507626016564245,0.4246378921000254,-0.2266777560017532,0.7927602433326895,0.6159228511753354,0.9813545154201471,1.2599999999999998,1.0158999999999998
2.347649063912571,-1.2499807449832514,-2.9011014823923897,3.5865258921459597,1.494892233938342,-2.2278707918096794,5.841877168102897,0.6646207539358325,0.39547420652300536,3.977237848649352,1.4,1.4
4.017832205323339,-0.3270571811891421,-0.12806427050376673,-1.8503779639235933,2.5697706676608996,0.5489606669490024,-0.3087767332502828,1.0974801672876044,2.0549635821573284,-0.22796045374227744,1.4,1.4
3.547792975772127,0.046356846077667886,-1.06636109484342,1.551660479427976,-0.10842594691385875,-1.4384946167525583,1.7802400503855655,0.22372126281751084,1.1095809851833915,-1.046118758986856,1.4,1.4
3.713375192952498,0.7320797148779848,-0.29513748557709585,1.646785822400271,0.30166440960343716,-1.4403558201970221,2.8322217234627582,0.418563069110403,0.5780994980355133,1.3101181138808833,1.4,1.4
3.2220704341984017,-2.4820504555890315,1.7552361017276186,4.088867777766761,3.5113586245245116,-1.5833509481842647,1.9507409699017424,-1.2353708457535022,1.1141680879395297,-1.5474041270460053,1.4,1.4
6.5111985513043065,-2.8083509833835807,2.276429183928086,2.622140044763736,2.145413196779979,-0.922633147437068,1.9382549870774421,-2.3068060226762834,1.3227058134176626,-1.7153429862877634,1.4,1.4
8.798455125170658,0.5462051248950907,3.3208933558124283,-0.8970484625635532,-0.14002562136828944,0.24637343719362675,1.9024561945996412,-3.801580845620949,-2.85467212481121,-0.7222340181896302,1.4,1.4
8.000897175805937,-1.90144482803025,0.3840286530606333,-1.9089151700511884,2.7619487836252987,1.6805245189815576,0.08964394026002223,-2.0150556140426614,-1.993088311180553,-0.05317476397099716,1.4,1.4
2.944920689533894,0.9626013903729586,2.6808286240591146,3.4079627229430276,0.2138654380866976,0.7405863665696658,1.7531759572493573,0.476864003647776,2.6310110349780116,-1.4081542760453443,1.4,1.4
8.270406117175652,0.6336565822696193,1.7051851947248327,0.02001130362685919,-2.079026993964165,-1.4196525740719805,1.2475805851085682,-1.5330784259714514,0.78364504169555,-1.6847208731585437,1.4,1.4
9.542123677794585,-0.64270398323096,1.5012053937009129,-2.681817460685511,2.1924333198046653,2.1336446986237743,0.3528591666283724,-2.508819751545,-2.1583733497589646,0.1919134245026042,1.4,1.4
7.140988664259405,-2.6308186191649137,0.740448668190796,-1.3792471132313506,4.234961998312663,0.6777107313767181,0.10976089210781664,-2.418051099036305,-2.9358085392714552,-0.2965818130718983,1.4,1.4
7.491427709819506,-1.7961762804630914,3.9648105268823857,1.5564074875737177,1.9688397827773396,-3.119736055940419,2.621446320373011,-0.832533850731894,0.3674628557104889,-1.8423656768468095,1.4,1.4
-5.6235928943922575,-1.694131483474202,4.221624772974905,2.9425747038102474,1.2243880685836448,0.31832058846261374,1.4579727990161409,-2.347058619040275,-2.758315513248862,-0.7947545049499698,3.1300000000000003,2.697833333333333
-5.894301532356604,-1.3573731137979537,3.0811795160450104,0.7295845308617344,2.835790836925771,2.66169920082859,0.40321983536834605,0.10759001336621758,-0.9230761985669761,-0.6705345669461812,1.4,1.4
7.393222826868511,-0.6095916955296683,1.4291491428739496,-3.123326443625765,2.588605132124126,0.4752399673500186,0.3634210161105672,-2.0478222167926963,-2.5637981595080666,0.26685320576357463,1.4,1.4
6.0267092249811025,-0.44064839134833755,2.401532701726829,0.8035628485220417,-0.3046932022104198,-1.4664134472571142,1.6201536664145455,-1.0036989349486891,0.15722810501493073,-1.4246287406355667,1.4,1.4
7.803563384910818,-0.4044629696384199,3.612902851969142,-0.028639860702206428,1.2707278443058994,-0.22469243095237149,2.05866134360316,-3.457826047339252,-3.0772737087146353,-0.5585513705691155,1.4,1.4
8.0446037764501,-1.458197936292178,2.047377732193505,1.0383669962691298,1.2311377106589827,1.39453753174828,1.3793525332270065,-3.9332498062094823,-2.204233569627105,-0.7419350282967733,1.4,1.4
4.487779445193399,0.5061418194694145,0.8777438841225639,-2.750362341001654,2.6321458908042334,-0.5673841054274087,-0.45067057534630783,2.171108754971241,0.6074245475983725,0.6412546120992364,1.4,1.4
2.804421039796588,-3.0391023446332457,2.6267480454674956,2.834204706071583,2.6093707093620506,-2.4271072808809815,-0.10419500312801479,-3.165150457648256,2.5542212064354444,-0.22614893467412459,1.4,1.4
3.8341115783529665,-0.34489417165008357,0.9264768950322109,1.5388126666020037,0.054234856703759174,-2.0418208243842924,2.663007698034238,0.2662397538237845,0.8940853402747856,-0.2148952361161686,1.4,1.4
3.4771957417822663,0.5922515863922895,1.1062442454048096,-0.9422558432319931,1.3076335375404649,-0.11943465532842021,0.1367294156609301,1.0446776347944255,2.437117143914024,0.5201522158937754,1.4,1.4
-5.92124081527969,-2.2686731508305225,2.2642397936791623,3.58819695153424,0.05305742002318793,2.342093179418015,1.0053163296269432,-1.3898134204069135,-1.6175964277739525,-1.4709283595046763,1.4,1.4
1.9094485128485552,-0.4073930542394817,-0.9678726549819502,3.3744871278999224,1.5928246225154472,-3.383116706272231,2.8907751205318277,1.5475942833800875,0.9015153359138631,-0.27219406911446764,1.4,1.4
3.321544984510221,-1.9408433008937864,0.34238849691473344,-1.200450515090964,4.72760752699028,-2.821745581423147,0.848546060753578,2.7132158433682956,0.10793654459475589,-1.0416038151541036,1.4,1.4
3.9703545304492893,0.1701478648754537,2.3434965854423417,0.6253081523142976,-0.9354817331893007,-2.011983687484713,1.6153286187766471,-0.9423509038926063,-0.7636067220433119,-1.2618551623727108,0.21999999999999997,1.4
10.038626369688119,1.3066593923136403,2.096179048114128,-5.589909080968536,0.8837176176168484,3.303213690074798,-0.4953317251076987,-3.277406198028544,-2.53632736986087,0.8264923439253717,1.4,1.4
10.315002694616707,2.4071664204745806,2.691187594835633,-6.03020659457565,1.261915687626753,4.7983967410046615,-1.1711559095186432,-3.0628555693227018,-1.8666567302590964,2.2415490645465748,1.4,1.4
-1.5935476555346109,-2.224046425940907,-0.724824161209037,5.820271649684716,4.112938854639866,-4.045876934203336,-1.3227211082258776,-2.3757392808151194,2.0170489529192643,1.2057232286938424,1.4,1.4
3.715591736350824,-1.119833500738816,0.25641650426458096,-1.7997756177167379,5.744877575472588,-1.287209743580674,-0.7336777089278244,2.64221541761467,0.728520765859541,1.4435041531177966,1.4,1.4
3.779992831157496,-1.9170234770270258,-0.6978345690577309,-1.2745725059826674,5.901556017230998,-0.6085660294743912,-1.0505255367100501,1.4066477996354323,1.4165270675646382,1.06732822712599,1.4,1.4
6.871662013572728,1.425818542838998,0.24656521728866357,-4.933434969338438,2.7287744289245244,1.5028333970643204,-0.7084511155400808,-0.2704557992082639,-2.3706106353437035,1.2647987875435918,1.4,1.4
1.6529820365464936,-0.8346288012306592,-1.0979345572017254,3.4908042672110917,1.4260709424161901,-2.868503875987498,4.125821823085229,0.5086844093694868,0.8446143478633905,2.624708162459399,1.4,1.4
5.6621240410301095,0.9699823472385581,-0.6905802668460447,-3.8121054491721926,4.789324831050416,0.7816127283049809,-0.6564590308981377,0.4338569968449355,-3.1360598041275103,1.749266540975175,1.4,1.4
2.7997418003847345,-1.7826040627630342,0.5159278881006826,-1.4163271162756503,4.620395008687707,-2.7576286936223866,0.4045818236399278,1.863868978608296,-0.013431932848165217,-0.4248697743696982,1.4,1.4
4.831923397130252,-0.17557786594560715,1.657653619122118,0.9940393133797545,-0.3609058598396869,-2.8480084292181815,1.5125765164459812,-0.42424538739356366,-0.041374112008579884,-1.1216901033445232,1.4,1.4
-2.8930523671499278,-4.259557772121618,-0.5488520137985982,0.727512280945673,10.423138452393653,-4.749723605854107,-7.278323659298596,-5.6270962579462385,-2.6807108811054148,5.57218169783512,1.4,1.4
5.494675840893196,2.790413915541324,1.6488491064938613,0.978789128934536,-2.785405960013428,-1.2725704873074963,1.077266330014155,0.5774394624319286,1.7989859732000335,-0.7223794112633307,1.4,1.4
8.254973626744302,-1.4379071828277774,-0.20717817628989643,-2.7646048519105526,2.325311923341133,3.4138971779568803,-1.0972133777306314,0.37608100736122996,-2.215090565100199,0.5656663560210834,1.4,1.4
5.102816802655377,-3.7173838890673077,-2.18634771677784,2.7514559150950433,1.9784954410923077,-1.1148995971297366,0.8388249005104443,-2.325258669497206,-5.097909716976387,-1.6730800068725775,1.4,1.4
5.451670525121941,-0.830613598129735,0.6042060311457828,-3.9623952487913368,5.298724733633268,-0.06143752106909021,0.1999039362656056,0.3553856274329685,-2.85797277341731,0.7896964142397975,1.4,1.4
5.123026622526643,0.005649297786686714,1.4363342908245929,0.008267299616455951,1.884762470584856,-1.6817052629342923,2.425903444764224,-1.4297146051381546,-3.627195081235622,-0.13919325322694395,1.4,1.4
4.124831519241445,-1.3618399390567104,0.22554776204004176,1.8132417779446883,0.6712329934204295,-1.950745347159358,1.9207444227437696,-0.18525421545816678,0.09754507742723557,-1.4334894994363108,1.4,1.3899499999999998
-5.7635636036953946,-1.457565158253361,2.774991541445656,2.8869059314579606,0.5424067628480436,1.688510780759325,1.5940980763444395,-1.0614448166387682,-1.7787702047448752,-1.1966551172084214,1.4,1.1897
8.009230048108252,0.01735116735388436,0.07064967706921227,-4.482871593330125,3.3032991459288468,0.3143664166055991,-0.2789229875076655,-0.3214272658323869,-3.8075483661261407,0.6655876594057393,1.4,1.4
5.814129775209739,1.3929687267975932,2.3317681784983417,-0.6478950258331699,-2.924654292425984,-1.4791527496932821,1.3538747670082074,-1.5629856379736535,-0.09277401171103304,-1.5255217018190819,1.4,1.4
7.394185521951695,-2.417539603745382,4.400124581241301,1.190804426533035,0.36201976493353777,2.894581718671557,1.975734533991666,-2.522965889532744,-1.5018844917232161,-0.9837374621805078,1.4,1.4
4.876765083307946,-0.03318389592949388,1.030308351569435,-3.107080511503128,1.1355257288510672,0.6017762069646564,0.13501369378358777,0.6045081975388249,1.2603156165729883,-0.9646951964321995,1.4,1.4
5.6275593904029595,-0.13127186890025155,-0.05581842777445251,-2.9887162366398576,2.166716398271565,1.8977422363456586,-0.7552128390012158,0.2691544005386772,2.0810836506730577,-0.42992309991055994,1.4,1.4
8.332595764591062,-3.8377720690380928,-0.46375754988514456,-1.8836419658691026,3.72776867101446,3.221368880645905,-1.1417070910939622,-1.1629020018435146,-1.714370471262312,0.6921390290281003,1.4,1.4
10.154058802428368,1.9590714793276076,3.2926965418273517,-0.5901875513588041,-3.3392927608093896,-0.2923502273490295,1.2889179205022347,-2.225077721900685,1.5404530945027082,-1.5831620692732364,1.4,1.4
-3.7168070025431024,-7.110729068789475,4.200717309850724,6.457641908555332,-1.9758823420761935,1.3652761273725318,-3.6894123181416725,0.9787993366106857,-1.2277024821115845,1.1322993773273209,1.4,1.4
1.5386986829760483,-3.462691091405597,-3.4831080348982995,6.326812413849373,-1.3186874479167037,-0.46423250417680273,3.295611074218349,5.293846895948102,1.4722412021599538,3.8161678873039446,1.4,1.3871999999999995
-5.116476667872521,-5.7547844293443084,-3.1523275108671784,2.777388674878932,5.91373385716936,-2.7482910588762457,-9.632088829522614,0.5505736891012273,2.0703624678695536,5.293237797791177,1.4,1.2931499999999998
3.5098110040469064,-4.044904781530023,-0.8971631762537458,5.132296362759236,-2.732619632890627,1.2618690489487754,1.7811499922009928,4.9891926591067275,0.6917051162538191,3.839580701049675,1.4,1.3989999999999996
-0.8658154137162252,-7.030755884596362,-2.8981372852485503,3.670258880684597,3.7412877525484096,0.9213426936876308,-5.6527548217333,2.542683659765269,2.904820745129872,1.6554835999403759,1.4,1.4
-0.462173660949413,-5.193702752892893,1.5093524334321178,1.05908785369518,0.3018642412165707,1.964191542295598,-3.6100550707494654,5.908788926082261,-0.0700151703479293,0.44888000848518833,1.4,1.4
2.1603908163210503,-5.904577491774717,-1.3045617526242408,5.73269439538149,-1.5920983265281143,-0.6876825158269477,-1.8024003596868794,3.751518866157848,-0.27273001707323924,-0.338251927540663,1.4,1.4
2.0114548079742414,-5.274237859104589,-0.8735384373899212,5.526496823411842,-1.2419664004882496,-0.43009579209453425,-0.24219157914250278,4.8438208056073675,-0.3053742090639107,1.4172351820869038,1.4,1.4
3.164685923348672,-10.296273638373107,1.5892110429890547,8.109304926955808,-6.009330756835363,3.0721199615254466,-5.432294027890279,1.0668896432860269,-1.9435375547362657,-2.088044559337978,1.4,1.4
2.499374710121572,-3.7918381448010914,-3.978657540977563,6.552706494474887,0.20463036236785628,0.4858984056617017,3.1953920360669374,4.071171651870651,0.457881050480377,6.519232437252543,1.4,1.3884000000000003
-2.2886108086635732,-6.953640334233093,-1.508515263431655,9.075275668546,0.9319221018671402,-0.5139779872553906,-5.632151254216203,0.7519649774475856,3.3252364483229213,2.329193292225072,1.4,1.4
3.93058840813576,-7.607481477099379,-1.5077042242100207,6.991403922368727,-2.1510323855441156,0.85339251854431,1.2188738046967147,5.530274486459168,-0.7027280772217159,2.364076145915681,1.4,1.4
4.042521912466387,-6.641324256019878,-2.165702672293986,7.0728034126168176,-1.8790538115863606,1.4562098077315648,2.503192955414291,5.549650800978279,-0.41772338960031274,5.052901422162184,1.4,1.4
-5.108477440873087,-4.752629042908913,3.097813520755437,6.503834132581704,-3.261426027138662,0.9835241757109993,-5.204263666162618,1.1422424529104338,-2.2200244656424624,1.8997721447041016,1.4,1.4
0.6907826244773173,-4.89600697452715,-2.1037962819888225,0.22672862687602924,1.2405952173149604,2.920319318945846,-4.030537307914715,2.859267650922908,1.9482908984307725,0.1946700977692651,1.4,1.3943000000000008
-0.790884646502338,-5.463553980982441,3.4340091043408822,2.01018175054545,-1.0879111917302469,3.4733153709824593,-2.7020096920375356,5.951638586227165,0.9460813861196659,0.925373478159712,1.4,1.4
-3.95427459432142,-7.62506257312468,1.2808925160442834,7.9385498476252,-1.088946931590184,-1.2805199689689857,-7.370372747941079,0.5929251968154619,1.1945015855788894,3.2894284153216207,1.4,1.4
0.2762236116069412,-8.427294999544907,1.9891846249886398,9.835660391228577,2.3053087415878823,0.05163069413345666,-4.58464434914732,0.7947618463234503,2.9557639849175907,1.9822359717584899,1.4,1.4
5.608161335450147,-6.452720371847509,0.72897688954843,0.6769124567963372,-2.373110594072507,3.7202628877226105,-3.9395439863554382,5.23190247426652,0.9171833006074235,-0.5376897852166418,1.4,1.4
-2.2201414456289665,-8.410767266061166,2.869905651096715,6.590336952264921,-1.8604719861673025,-1.6791889589746039,-5.458787011382601,2.084025569432668,0.4599600097210083,1.0627274353021734,1.4,1.4
11.859061346209861,-7.895485853655073,-3.075298363449129,7.881487490438515,-3.705123008893617,3.922317361576047,-4.638159677171319,-1.0070023359261282,-5.749931025639166,-0.044382980475167255,1.4,1.4
4.485626868199505,-1.9966551257178509,0.019304760660469256,2.650680393308312,-1.8962285834181825,1.8741925601205283,-1.1923782532876945,3.0253625478494413,-4.061416781687463,1.468045896086586,1.4,1.4
8.709646984111544,-2.2787402017547462,7.149770083146916,2.9656641288736516,-9.05555197747149,5.0931435167253944,-2.370731014251313,1.645009236699647,1.6487392482426364,-0.11024934951448988,1.4,1.3722000000000008
0.2060871370093359,-3.7841220532511284,4.070116616278831,1.2631676081617762,-3.242876651578901,4.0085150453829765,-3.330539333111173,4.665385690877266,0.8263540294739494,1.400201571277037,1.4,1.3718
12.34725473710481,-7.50172318834303,-3.4259737751899495,3.954304388999264,-3.4415261268735393,6.247492919807954,-6.025148246254361,0.220708885219241,-3.376176005349092,0.028239241732562648,1.4,1.4
3.9116021634147593,-4.528745992031316,1.884356385889962,4.453819468637079,-4.622700265265252,1.9426979259116923,-0.6567916415475841,4.624023970429494,1.5731458256791424,1.6514947433869498,1.4,1.4
1.6366973021908506,-4.733129408510172,4.8216786261966655,5.111788471403211,-6.2745268025624865,2.5762444922521817,-3.473066504147115,3.751469994484974,-0.7336651095033349,0.11325798051746014,1.4,1.4
-4.410069620391485,-7.734087912345834,1.4521436087051736,8.584780520364921,-1.334525892738756,-1.6821147966496224,-8.221691426122767,0.18130220445251355,0.7364826339050423,3.444237567228138,1.4,1.3987000000000012
6.491347070342355,-6.9098732723255525,2.8512308303192926,7.117114580136667,0.049789501302392764,2.9807125007899793,-1.513253821263682,0.7856070897428266,2.6379364894089377,-0.49791400610903985,1.4,1.3371999999999988
4.195439154900749,-9.294595050540641,1.2946282730984588,7.799360832845168,-6.404290739132724,1.3230314530420217,-6.585425428865166,0.3853348057410466,-0.7040618047153638,-1.394594088564867,1.4,1.385800000000001
8.103919818262618,-8.14145515900868,0.9548653435560283,6.1072420447375535,-6.438140079457198,1.7567669218701316,-3.4591055722066186,3.4895850015742984,1.3373615196845956,-2.283661766122697,1.4,1.4
10.863266253141203,-7.552049660811587,-2.9696113865355716,6.614295192767829,-5.5204449129349715,4.306226789140713,-2.183383980832993,1.0183785374655046,-3.7421064976966765,2.0045574057114,1.4,1.4
1.8125950061629021,-5.606976894284543,-0.9835773653278657,7.124101546800341,-2.1311165055164025,-1.357902544876442,-2.1140440654317225,4.661137031852518,0.13831500931822138,-0.7058622093001526,1.4,1.3900000000000001
1.66565739863676,-4.871531975235274,-1.2924262432074725,6.817489165594356,-1.9535016906684655,-1.4838505164981328,-1.9294845744622224,4.473865623855457,0.08191502546410413,-0.5401982569321405,1.4,1.4
3.6000281039800797,-4.517479490879548,-1.3810954246227116,5.212550718214181,-1.0376446783506605,0.7442179280917701,0.8534788340209852,4.814292412874414,-0.3233134709932029,2.3477486174682474,1.4,1.3961999999999999
10.755251672829933,-3.8081407588407914,3.762730922479661,-2.205894599782182,-2.168932288861204,7.865965435367039,-4.358767414641578,2.604914241999074,-1.8283561399490096,1.9834167159432283,1.4,1.4
3.9678588008318636,-3.8630314538146853,-1.91743473239221,5.382878620571401,-2.4758307204885606,2.0229155168004667,3.287148990616288,4.314806855274281,-0.06704278022567822,5.944755764395808,1.4,1.4
2.428029281927699,-7.113318524590589,-1.3943896303170233,6.709895495140647,-2.0410967748130164,0.09119679888481816,0.7952833515148564,5.24673406090333,-0.6993394750592569,2.6150934710000806,1.4,1.3992999999999998
-1.2901095187534977,-5.451534012388991,2.180360227035848,2.619894181669822,-1.0113221331840467,1.813020431080504,-3.92854341499362,5.347262181088627,0.6026823860379988,0.7776483042839795,1.4,1.4
3.0266879689378072,-4.185111820046403,-4.480174609017359,6.306244428022616,-1.5254897133329186,0.8325391529762218,4.705569788445857,4.280234821083537,0.7113483821042572,7.6763702227498385,1.4,1.4
2.446452787997243,-7.143098534096648,-2.184644589404471,7.131715073481622,-2.158385092401461,0.29254343462207477,1.7221313530026083,5.207321520857108,-0.4887250335228158,3.807603685999622,1.4,1.4
4.2301652025679,-3.9709198509439574,1.9971451053389502,6.697658106445913,-4.530177136340335,0.3418067174458697,-2.429774402434319,5.6355040917863235,0.7391804280742063,-0.8230406908357125,1.4,1.4
2.9055253241546066,-3.195569415895413,0.8874315108679315,5.246470586619986,-3.3574322091411135,1.3855358411621919,-0.2911306591703372,5.516804939667585,1.712822828583993,0.8954106566318871,1.4,1.3992499999999999
3.4627340833880385,-2.89727540071127,3.0947455358915468,5.686100202267284,-1.8344973155311508,1.862281428608431,-0.4759857421553696,4.334872897392746,2.283047215601527,-0.44788914008668806,1.4,1.4
3.775452830329277,-5.966521666258203,0.39244168244171324,5.440871514282224,-2.990290699156772,1.0199407424923521,-0.41892445408116247,5.5611000998228155,-0.11827150727774012,-0.10609611636495887,1.4,1.3977
4.220670774852938,-6.3377977218408095,0.6619593572399596,1.5981300871829658,-1.0965306112754705,2.5126832974493474,-3.640741384416601,5.874801723386927,0.873070799094585,-0.39834089030368164,1.4,1.4
-2.2121277427519437,-2.910131713644333,7.096967355513231,4.393788849623698,-1.1200226759431173,0.5197741132384989,-1.748854733359523,1.7248850399656501,-0.5824462689562603,1.4375695330880525,1.2000000000000002,1.2071
-1.993279350021015,-2.7795028457642523,7.0578371199045575,4.724874734451982,-0.7858865532169081,0.44342140113723627,-1.5984409646105378,2.1360505218708097,-0.10955660283747827,1.0660500317578196,0.5,1.0757999999999999
3.739300244684911,-5.944190567034862,0.873578705200975,4.60046113919261,-3.703923248039577,1.1524372391927895,-0.4259829607580761,4.868471915787714,-0.18848422495023023,0.4347897341286675,1.4,1.3955333333333335
-2.5000271520886344,-9.125313721817774,2.458916288118354,7.715452665548489,-3.5402563778719434,1.740334528315658,-4.012434176457954,3.1273140802998953,-4.211018172123971,-1.4243698368670596,0.10000000000000009,1.4
-4.749092895831732,-6.7093232000925385,2.9402069794340533,7.7114797709275145,-3.2285380014230003,2.6056158929184283,-3.6762445921023765,3.2211137156546448,-3.8138850833808444,-0.12485400778460755,0.7800000000000002,1.3968666666666667
11.309034780870835,-3.338362892946972,2.6343474849603923,-1.7412955014779872,-1.1071449481338782,8.098110019332823,-4.280059857663154,1.4467096131714747,-1.540459456062881,2.232568916006483,1.4,1.3987499999999993
2.2723413662477268,-5.027322482304394,3.404387594849126,3.888501247619263,-5.462383610186773,1.1565498320436074,-2.324786991267046,3.8932226110837216,-0.44817550931908845,-1.078825823170691,1.4,1.4
0.10841416039670847,-6.032409108346789,3.486152130878978,5.656856288968027,-3.7416776008619514,-0.10823441751265159,-3.358132616288021,3.5014558051926286,-1.8769135326098045,-0.9686038751954954,1.4,1.4
0.9930023597161666,-5.59045942496871,-0.525574836569729,6.876561428713431,-2.3057182857110434,-0.9184350901578365,-2.975327063800741,3.5581062981202063,0.02666996407259942,0.17573186312076383,1.4,1.4
-1.6212456922625706,-7.9639883938889895,-1.613953973436549,8.963535378477193,0.7045058878160236,-0.06168088112601811,-5.588445545804744,0.6016449278661264,3.01391252450697,2.3160805426736255,1.4,1.4
-0.09709833018708275,0.508996491186602,-6.225836132925883,1.8589646565005962,-2.2367475956886693,0.9771494713162009,-0.6361783783938216,-2.68359317911543,1.604587364690343,-3.3848437867470276,1.4,1.4
-8.142580307051606,2.075830547283871,-2.5987425934543595,2.055086854503731,-1.681096777619643,2.754713338462841,-1.0721570952900168,-1.7526047879511006,-0.9566516185391272,-1.7256658176721897,1.4,0.06092999999999993
-4.546508583673524,0.1264610685430617,5.327948550542066,4.422115577000673,2.8311554042345435,1.6446757050666259,2.402361429192669,0.662790956763133,-0.8432368564910405,-1.360049129563941,0.6000000000000001,1.0082500000000003
2.188042153579565,1.435110400710302,-2.323477046125795,1.750278733585358,-1.5020260320691092,-0.19793578862551856,1.3462367554427692,0.5255857984978607,2.5074631747182314,-3.1857828256852856,1.4,1.4
-3.726245804866162,-0.4658267704298698,-5.388237389981446,2.936797546056883,-0.7851472258699118,0.1276828620652394,-3.02617968440666,-4.328058733919534,2.438218028683482,-1.8917209496589131,1.4,1.4
-6.861162009100094,1.9039470117717365,-3.1275958733404017,2.18883523823505,-1.8415952753633487,3.159153789259987,0.028025141541759443,-0.8942977511235011,-1.3161681182307465,-2.6537671572418513,0.9916666666666667,0.66506
7.876080340927639,-1.1703377184621566,-2.7369103048191397,1.948529896025802,5.467716467859665,3.492342226055786,-0.14307575401298434,-2.0634546505895175,-2.079864915291546,-1.1308205716808106,1.4,1.4
-6.494525490884699,2.266718521999526,-0.4967351075217741,2.543912221457489,-0.24225359638438462,1.5253637195364398,0.3369063734481481,0.056794808678642124,-0.6663905780853882,-0.9332826247057897,1.4,1.4
-6.9848766976298045,2.3740241914513325,-3.0966044664942354,2.26627587714369,-1.628778057169141,2.1606554510336378,-0.14335259377144327,-0.6830804537174416,-0.302554522517194,-2.173252917095283,1.4,0.23489999999999966
6.618561959912765,0.5663931158760216,-7.38058664902644,-0.028780903364675238,2.4464269608365794,2.916597884316827,-1.2619883370373606,-1.7547730791220937,-2.690965177825855,-1.109950697826517,1.4,1.4
-6.24329145580667,1.549398002181858,0.3870206467633378,1.9266657735772041,-0.25920684381874887,2.079910887308381,1.2177865181211973,0.4866382249335024,-1.143755811656616,-1.5542648596704824,1.56,1.4511000000000003
-6.247386021015514,1.547002076870695,-1.7887082774855914,1.645689045815134,-1.3174566116933646,3.0209659729203677,0.9262737727769152,0.16566009982891666,-1.0618482846227166,-2.8414763149154143,1.4,0.1171928571428571
-9.148031319177266,0.2643359307615167,-3.6293181878995173,-0.1419165285274064,1.7636814357359623,1.175806891019564,-4.597973659092845,-2.367894652015511,1.6512279863786123,0.5977546301216148,1.4,0.9572499999999999
5.9451661949609,0.22946171354411476,-6.29904113297312,-0.77131705547947,1.9605189312959972,2.4413716266985315,-0.9486725861399463,-0.4650332719189902,-1.4796766261742198,-1.9208777840817683,1.4,1.4
-6.949664426174636,1.7886147130349055,-3.0476279652539504,0.17456862569025192,-0.4648104808617041,3.986498482802874,-0.7520116485736946,0.2763867341248939,-0.6756558768883638,-2.2624516543766866,1.4,1.4
5.663175927860316,1.0334542503122908,-7.719329769839995,-1.4723512816804687,1.2409574159934587,2.623118685901955,-0.9981133627952427,-0.6717423570529114,-1.476365336144926,-2.1575108347394147,1.4,1.4
-6.647905099587683,1.674354996560229,-2.1279323760292113,-0.16109726704885768,-0.01989877225281672,3.947457106542893,-0.17581524525934536,1.0227896009452182,-0.4607336319529167,-2.3653259038378347,1.4,0.9781500000000001
7.554820762659581,-1.407740932586185,-1.9319738390321768,1.3765094120287011,5.077209855149483,2.3358246947509143,0.15673618113009705,-0.8612836899170682,-2.0422612366736947,-1.3649785095763178,1.4,1.4
8.553504101815028,-0.8033410893305668,-3.5606242584863126,5.080407973762419,3.9742202431926628,2.383713716445795,1.0746987543649922,-4.1249284211099,-3.3140845109382573,-1.3909087803424907,1.4,1.4
3.317418488837106,0.5596541848879377,-8.07918197676348,2.376968075388152,-1.1520922893411734,-0.8709471967923074,-0.1190106193026155,-1.8583400838899349,1.17938359356724,-2.8121722943232608,1.4,1.4
3.522253958510481,0.8322062313652101,-7.372864657961876,2.0831874509018875,-0.7049398048035753,-0.3911168643808727,1.6292787288367234,-0.6422505726083105,1.0483824303408076,-1.4591772613370377,1.4,1.3906000000000005
-6.410952406418697,1.519364515547281,-1.9370653205041204,1.7303779429527955,-1.403521233993505,3.1388740221642912,0.8303771025813129,0.05787635491526081,-1.0378673311687534,-2.86912630015514,1.4,1.067875
1.5932065506467834,-0.2109976627983299,-7.691939803148833,3.29601659444257,-0.1944640913810153,-1.494271958703555,-0.27020610596844075,-1.4612660098916703,2.1508821259514894,-2.671842620116277,1.4,1.4
-6.578092007066909,0.964475709088379,-1.2159072633842698,0.604384824203636,0.3336893443123763,3.840931881805437,-0.07215785306818842,1.0319072563418272,-0.502399741240834,-2.008755721691312,1.4,1.4
-5.304743258529826,-0.5364809148343574,2.738200556038373,3.9967788313848196,1.354072039961006,2.5791015411726197,2.037882335779923,0.5133195349391415,0.32248108908492357,-2.2116704457243426,1.4,1.3895499999999998
-0.24891849759913912,0.05507347678250169,-6.368343687282722,1.8304961194008704,-1.3062141484432321,2.0552831398990716,0.03922350895076426,-2.5749398730828403,-0.46929288756438636,-3.339105841831906,1.4,1.4
-2.052565398072789,3.561358833166747,0.6501873109619638,-1.0866201586045654,-0.5794848143115034,2.2242080497923005,-0.6676168460750381,1.0210308429711765,2.1082424454589703,-0.27547404544526877,1.4,1.3964999999999996
-0.7099795043611659,1.0395202618036639,-7.4963075193694015,4.41602847823943,0.632417886343065,-2.3964566498072712,-0.7157779226381037,-0.13474268633795564,1.9080940412244598,-1.4964217997924611,1.4,1.4
5.40766121571854,2.023287960518286,-9.37097210549487,2.004484291116034,-0.5143463060617778,2.222554399892021,3.505503157893502,-1.7853363408197644,-3.5945575121245215,2.225502602832321,1.4,1.4
-6.860765830057041,3.06705525204506,-1.8423141603303375,-0.4476276644748307,0.6023783172291296,2.4541066715052895,-0.8297642636875715,1.180584091351378,-0.25024862705198364,-0.929858516088191,1.4,1.4
-3.25290559434332,2.502349263031541,-2.3147218935617024,-2.508741064407384,0.2868473002167446,1.4203951144503453,-2.0758010824990176,0.2513133980394156,1.6974498328578134,-0.4534407483911589,0.3999999999999999,0.21719999999999962
6.495210448017146,1.2021031712954302,-8.238063956868144,-1.00266889767449,3.449837872387342,4.422671370087742,1.195209042221563,-0.25953408639613595,-2.2056278462588796,4.110202058613533,1.4,1.4
2.6111998142475237,1.3163086675624986,-4.566623598193063,2.0727214546436876,-1.3378765269037254,0.711672500720704,5.1263645298763905,0.6104968844337147,1.2727016227647046,2.1841627325433186,0.94,1.312825
8.232493668674794,-1.0164433898519234,-0.8127118709792154,4.49980992629029,4.147078691829035,1.6789865331034732,1.4577927279566776,-2.793912320968398,-3.3687686006071536,-1.354726306941453,1.4,1.4
10.306437873498748,0.3887869368583095,0.5728723211245011,3.827962914818145,3.2907626147205864,3.773366034761566,0.9916215645743873,-4.106534657330756,-2.2178768631716435,0.1981843033638781,1.4,1.4
5.337132872772483,2.597991274003167,-7.777717190316902,1.2793809692166513,-0.4566191575685027,2.03901299327474,1.953301787707867,-1.5478492362000942,-3.2281184337070057,1.1785293192509918,1.4,1.4
-6.809658714166856,3.3462350355981885,-2.4771464577978977,2.084099158845233,-0.9850231228143388,1.7333056332994825,0.9012986185541318,-0.012089930419095857,-0.7467881532797608,-0.4315640397768811,1.4,1.4
-5.249549918788994,0.0315806663647431,-4.0245088022978335,1.8416817883343328,-1.7242350550728887,2.484616973549382,0.1914144664229118,-1.4001486323637105,-1.3352087497096423,-3.950939819853327,1.0999999999999999,0.26400000000000023
-6.799103519888588,1.5475813541880592,-3.143068764245063,2.1886494176420417,-1.9101316514584836,3.2575176337407283,0.05111618796005871,-0.9923205767591569,-1.1820463173013698,-2.8101437182256634,0.9016666666666666,0.5721622222222222
-2.1741803245095683,1.0781248202912055,-5.0795443798449895,1.5497401911340236,-2.4580817618032254,0.6016337191083039,-0.5984702303056462,-1.7897120320346758,0.645069213290052,-3.2869675407247696,1.4,1.4
-3.4338225829068416,3.2257722746563413,-4.107663992428229,1.8210200367978173,-2.6529285822414734,0.23130811142232996,-1.153566271186031,-1.4795900299174496,0.65155425797157,-1.7203112889855645,1.4,1.4
-7.066171934154743,2.681482795011751,-3.01151285512916,2.2059405598828854,-1.5899375524909978,1.9323941692956554,-0.5924523721882924,-1.088823999305948,-0.8766163494560936,-1.5597313240822075,1.4,0.19186666666666663
9.726651703684308,-0.25337458116244393,1.5257152338550277,-0.8662808407300804,6.212517502643019,4.563996176367891,-1.146804479768437,-0.9001080269322318,-1.3493290905436774,0.6848959916148312,1.4,1.4
2.741561989487078,0.9594122348556375,-2.223978024904468,1.2660693359825426,-1.4802402517310298,0.00682662335753951,1.230172137077034,-0.17875277958148422,1.4828220060389485,-2.8585503789137,1.4,1.4
7.015351960764235,1.1524404358986484,-7.685793914342929,2.751471612132958,0.6968292101578382,1.6959989551291492,-0.033805906339180354,-3.4585454188979843,-4.291987408512617,-1.1248230418583,1.4,1.4
1.877443781845898,2.66862111932553,0.3581887808661793,0.5155460805307785,-2.8752145465385714,1.376294960078894,0.4481476916088641,-1.023667226043919,2.334014256010442,-0.9118959619410589,1.4,1.3987999999999996
5.186215971282561,0.87892487752833,-4.938980730317989,-2.617763214722267,3.1258956726102474,3.8797383994505146,-2.106030521095893,0.028109268362318026,-1.1425958070643707,-0.8966318461063632,1.4,1.4
6.055439993156037,-2.0496632052093107,0.26860223053982696,7.021884681571122,5.181263117687776,-0.24116790070674268,-1.2580412456097367,-4.4661501364461085,3.8427706986834536,0.6214976783126288,1.4,1.4
3.2792680500077918,-2.3100365744765474,1.6309219694566386,6.860984342362839,4.822881178250578,1.3785770164400282,-2.8591632805050944,-6.471503392882292,4.728459487784112,-0.10084253249779523,1.4,1.4
-6.035618437764192,-0.1419371529511397,3.4711787118162793,5.660944628944917,2.978166703633743,3.5003732974356905,0.20178720337428144,-1.6763636031046971,0.17282035963386222,-1.7201521635959696,1.4,1.4
-3.697941944933218,1.0416800933829768,3.4030242388744334,4.370194619434993,1.5578765445811489,2.277750216400087,-1.344002361564024,-3.4177599533454184,0.8931531989651066,-0.37126257251752925,1.4,1.3961
-5.126217384282112,0.21541162521194648,2.9757216408623135,5.658333365026842,2.9867528618023598,3.6755616906485513,0.9112549591804469,-1.0293822428321262,-0.4654237953272068,-2.105650440295,1.4000000000000004,0.06621428571428556
0.7912174043335058,3.0053698083446014,3.7099253473740768,3.4555598077941068,-0.7072467107601795,4.4118822044838755,-0.19044283589654318,-1.9218337352626058,2.4441940192951286,-0.81141073336146,0.06500000000000017,0.012480000000000047
1.101991202322613,-0.10720409453496571,-4.189977316528887,-1.067368525099837,1.149764365190307,-1.2646740640257397,0.20621750536127506,3.380370758343957,2.47361733386086,-1.4774783798706366,1.4,1.4
0.7733043328947498,0.3084497968665145,-6.600506216286013,3.0266727825555475,-1.3475364456705143,-1.7714387295878622,4.154692542679739,1.5551467481978665,2.053874917795549,1.5118381097065514,1.4,1.4
-0.13526465265385815,-0.7205853701552322,-5.287937197055147,2.5867512762320692,-1.9405204349053775,-2.312384280801613,-0.012900686112860155,-0.617993954852798,1.796375601905767,-1.7500529400455256,1.4,1.4
1.539299364073476,-2.2939533395635108,-5.993519790704646,-1.5384142007383226,1.1716696250788787,-0.4060151950555124,-1.2181639624609348,0.8597811627367875,2.1120243590854617,-1.4325365082841235,1.4,1.4
1.223077749575817,-1.3688553240863472,-4.071808448972222,-2.430580536478143,1.5616808616363023,-0.5636742207205883,-0.5214870152557048,2.375607628312155,1.6844098224572086,-1.0888067021122068,1.4,1.4
1.38880850465772,-1.2584470936046876,-7.127639915418467,2.5950652163453944,-1.4217486816112794,-1.2348486670738026,5.0763639469728945,0.5940976803976538,1.4234225947192318,3.1753737863680396,1.4,1.4
-2.0629944590286233,-0.7453327283285341,-3.0696193142752417,1.0259508752452537,-2.1526311610867377,0.40411410143692317,1.93782349310233,-0.34828321577034016,0.7990853882558748,-0.7281004023970621,1.4,1.4
6.593016380865196,-3.493769007849069,1.2684231822587204,4.499708274841719,2.3719892025622915,1.6076595486439824,1.531937908207632,-3.4267626936708817,3.6640103778292947,-1.3725450867841993,1.4,1.4
3.271304756349745,-3.5713359829915188,1.6470961295615938,0.2449599139137603,5.039203752911518,-0.44481680942337753,0.5748137820373879,1.8162760441570607,1.9560781268911713,-1.0762482226668586,1.4,1.4
1.4825990391805555,-2.0929817430821185,-4.1999192673809365,-1.5488323009283451,1.837947233907164,-0.3553992063737068,-0.8647283078998083,1.5784812962433754,1.9668203901775427,-1.2039850011209952,1.4,1.4
1.4215273661940486,-2.297556632613427,-4.610491810635165,-1.2308865249021537,1.8024225034155374,-0.0376416437062043,-1.0269337411725934,1.1192182402847555,2.28467602672018,-1.3878040895702026,1.4,1.4
1.7571310272619953,0.4261109226934569,-2.7715987694482074,1.489791857842617,-3.400656713652994,0.4762023464482918,1.638160339631434,0.7791519152927752,3.4779317067687754,-2.885221012846568,1.4,1.4
4.289628604014776,-3.256725819675881,-4.823262461540567,1.0894038669896573,-2.1905523506163886,-1.3304041034706018,1.557487644247751,-0.8151436827944586,2.1157734460850013,-4.009270560332137,1.4,1.4
-2.6827028311683874,-3.8749272251582068,-5.908202098647632,5.091246894528578,0.7103834938146117,-1.8831712516887378,-3.3744216756899896,-4.394331084163837,4.081356749664589,0.9396423626488046,1.4,1.4
-6.672596537957212,-2.1525489668496256,-0.6871116991272515,-0.9797901325954977,-0.7118132467646132,3.5703041956581667,0.23507910061807982,0.6605878097800695,-0.02642818932558138,-1.7585923938727965,1.4,1.4
-0.23643760376119038,-3.267177427719626,-7.296446685858575,3.673124980628644,0.16989268435157714,-1.3445107719343248,3.069453821904288,-1.461887612274062,2.945853843110612,2.9530102424956817,1.4,1.4
-6.646137422307764,-0.6266459845961512,-0.25953582406980674,1.6878051381374135,-1.7242423930256137,1.743384813230435,1.4255863115915655,0.35281549154857755,0.19967496741690374,-1.882378180915905,1.4,2.1861250000000005
4.078303126660318,-1.2352302797287065,1.7677939926169437,2.961492554479103,0.08084593881522917,0.5499410462107673,1.901872311886057,-0.476718737867619,3.4684458840487546,-0.88139417633461,1.4,1.4
-7.11445001347494,-2.2740632269775354,-1.3634818276441856,-0.21633884750637858,-0.20328333609385885,4.328559790084258,-0.5263577547208551,-0.22981777172902842,0.3787713118474343,-1.6578290515037533,1.4,1.4
-6.864974609868181,-2.7949994299193293,-1.4368677813546884,2.047872741981363,-2.9385451788438166,2.589161215976905,0.3219005659260836,-1.953132998769213,-1.0996519494493502,-2.263688479633641,4.199999999999999,2.0267500000000003
0.04425273411296919,-3.763953410414976,-1.576939538914286,6.263549540785303,3.0736064116601973,-2.0765287187378125,0.7067502385279192,-0.6960697384250439,2.92137302274148,-0.7063041359419232,1.4,1.4
-6.88289785424344,-1.8438683390068706,-0.8672519880922294,-0.21179842551758044,-0.04606702272416119,3.900404959309369,-0.3585932648796798,0.2036084543918203,0.08228335685316551,-1.5758803024607853,1.4,1.4
-3.6820278264519923,-1.6659802522695832,-2.131358365645912,1.525335411410787,-3.9685406575939384,0.12785391580181818,-1.5858017429008615,-3.2797466469544894,0.7374846758765127,-1.5208380908344907,1.5,0.29495000000000005
-5.734768741057064,-6.529348330814257,2.260278865955626,5.852639576616993,-2.762905259571819,2.967684233372987,-2.177733421531648,2.294252366894782,-2.5076146144255045,0.0909582788127172,1.4,1.4
2.1845880854609177,-0.7516318042715548,-8.652141288352691,3.9147012762666633,0.19154969098101088,-0.19895663497524152,6.697843948235409,0.5521432158421254,1.5015509830661031,6.979811861951205,1.4,1.4
1.7659491099200952,-2.142425531313719,-4.329336336759692,1.4246153127788364,-1.5331373041874465,-2.2390272345596682,2.545941447220908,0.868066419731483,2.05049595064161,-2.498352043826144,1.4,1.4
5.7907498090414204,0.3706687882898865,-9.78502516424053,2.286952911050773,-0.9085275673630361,2.288954870738639,6.609116920627346,-1.8452791767115773,-3.669103651567566,7.66445497771754,1.4,1.3962999999999997
3.233966717963731,-1.7510758965628455,-5.880363914110348,1.2997562112893666,-2.584490390215975,0.26533476002419537,4.745751236833263,0.11486511942668853,1.1281156537825658,0.40066091596882464,1.4,1.4
2.9832618030467977,-0.30995744109215656,-2.8145309307594184,0.46974594171677525,-3.975461844269152,-0.3326499373316703,1.1765465483654047,-0.2489276767733255,3.2758999052633784,-1.9756478520032812,1.4,1.4
1.9842212923791307,-3.1262241567520594,-4.075478701420003,-1.3500742504089611,0.35232605908618153,-1.1989471826341298,-0.21863948652989765,1.5224047044459104,1.3359571939537174,-2.1813879235427365,1.4,1.4
11.073555958910582,-2.951647110377923,-4.18949300882633,2.442423664519773,-0.8377405226460783,0.2505750744579625,0.36270317590245255,-4.061514730708452,-3.6679103943758755,-2.6541627398939327,1.4,1.4
1.8965040109054783,-1.8759726732089141,-2.2154808436763185,-0.31518552019541723,-5.114651699230831,0.8859285294460181,1.0728322344486867,-2.2900979427072645,2.5633760119578053,-4.572896855942098,1.4,1.4
-2.769745160238309,-3.62445232787956,-5.946584621662069,5.119434231231945,0.7956471055731185,-1.9239909884235695,-3.412596801188225,-4.325533680655439,4.052832501425257,1.0436334952546356,1.4,1.4
1.6052845270413794,0.08730655189221216,0.2785477332564702,-2.5924887770938754,-3.189785016402621,2.3020334698092264,0.014044453665547125,-0.14741753773691943,3.0661657958843316,-0.693439455052256,1.4,1.4
-6.62313872737363,-1.7971052913999392,-0.02066405645825681,-0.9519563083272999,0.06550678119629141,3.408404703991729,0.2004420539554257,1.1454170003684772,-0.16541691232066033,-1.4294265301563225,1.4,1.3744
1.870215362386628,-1.9393423221893922,-3.8093130210040234,1.3876798541481012,-1.6208466611073777,-2.58183514663482,1.7551030981525675,0.6318076970191069,2.0917434921738725,-3.5163979318847205,1.4,1.4
2.551988960572587,-2.9577995513040674,-4.061106638000346,-2.229755061412584,1.6015521841552167,-0.8558509235814331,-0.23371452630303138,2.973312791946035,1.1531993610086344,-2.6308393174733697,1.4,1.4
2.789246545631586,-1.5931009179948996,-2.9131103181577576,-0.260007297951752,-4.145133229662432,-0.5537316910462078,1.4724471014703686,-0.8304208520468537,1.2922244095580788,-3.76000514594755,1.4,1.4
-2.6995444159084716,-2.5110594783793565,-6.013867696546758,4.933154134017825,0.5479695226459483,-2.1748488145361318,-2.1890774050199346,-2.6270527644789654,3.588252708165144,0.06384393101213266,1.4,1.4
-1.2261417440190963,-3.2162470823379454,-4.596069939670885,0.7003001976257399,4.122196178797476,-0.9367276434934598,-2.3196535431500713,0.5641392892493889,3.762862601602949,-0.030075948487639295,1.4,1.4
4.921782122500655,-2.6342750421124514,4.688759681915057,1.4053743674453523,-2.2268819128591093,0.6221816164272093,2.9569876035980474,-1.0600061475133205,1.8305863479802489,-4.772410051989138,1.4,1.4
7.767131954592877,-1.0368098192272548,4.256516674250473,0.5822910415922639,-0.47457116927903653,3.248436674292491,1.885672034158214,-2.7734506175308558,-1.3092545747979991,-0.570621946388819,1.4,1.4
5.544906071493026,-0.3738765656220436,-3.545055262089647,-4.946320177077637,0.14190035312365898,3.4586224256249607,-1.297384642780657,0.5124646991718268,-1.1995992115816143,-0.17022385185819444,1.4,1.4
8.421404062694783,-2.2179285587984663,2.4417659161225123,-3.0377439241519597,3.2860120740665155,5.094214933892321,-0.4693994057747441,-1.3938293209789352,-0.050125990906860984,0.3275848621369515,1.4,1.4
5.346063466657819,-0.9991829989309726,-7.951024060171004,1.692362550138348,-1.666436691490424,1.9552177559179702,5.1704620657254825,-1.8806144245421192,-3.4316690872748743,5.156328342689797,1.4,1.4
-6.734731378129665,-1.1552335864411114,-2.1037532951781164,2.1734623011757446,-2.322858229617444,2.897086318123499,3.4054907901393037,-0.16578862277574496,-0.7439673568296735,0.7560826791437446,1.4,1.38134
-5.662399596429313,-2.9253931391531096,3.2900559703847887,1.476777006165776,3.146434195095021,4.728868113401141,1.089017681599418,0.46002891159684284,0.9856023967685933,-1.475263701078308,1.4,1.4
-6.324632258210873,-1.9574332938164476,-0.661881528654269,-1.5457790866710017,-0.21704092151543794,3.6260390148968993,0.14165170353720108,1.079263351696217,0.0851509121750772,-1.639171605621828,2.1,1.2122000000000002
7.454271224193896,-2.9534924171592025,-2.096109071371616,-3.011062472485556,2.315560395197433,3.254006651375031,-1.193728732853756,-0.551264440020842,-1.6596156143757002,0.32912761333603824,1.4,1.4
-4.1287903730490685,-5.2830016111891815,-6.254171897453254,-0.10483013097338131,5.979730171749776,-2.3202982550504903,-8.863727182369697,-5.073581664526948,-1.327456716563548,4.380606440199808,1.4,1.4
8.096361525258907,-1.5325336174182775,4.524466448094955,0.6218102306428692,-0.8201846690609781,3.5024917235309565,1.8488087248722567,-3.0366169624553,-1.1352444663530499,-1.021672810309205,1.4,1.4
3.1554002573452973,0.22846184833162878,-2.4837502397360463,1.0778805151872564,-3.1879545626991304,0.3095492808852303,2.489561800598628,0.8404620582975407,3.562102456677554,-0.6886389348750278,1.4,1.4
2.502542700529988,-2.0228013919426164,-4.924580831511486,-2.5747009999205512,1.4894335389871904,-0.028972177531023765,0.3787958153099764,0.0766898274532267,-3.0984986165613995,-1.4326151009885708,1.4,1.4
1.652415481407745,-2.973851014864254,-5.835893217874545,1.3525662355434542,-1.675007051936124,-2.66130124975554,0.7655404042212413,-0.5354469646586453,-0.048483977349053735,-3.17433469834581,1.4,1.4
3.663798782797128,-1.2154570414472463,-4.261042172830292,-4.70444716035481,2.54388441721423,1.9537737834933826,-0.8495656764663185,1.161402565532114,-1.8491203765457473,0.025788489933184697,1.4,1.4
1.248579781867015,-2.26281144277866,-3.137292948490756,0.550633639680746,-1.8711626661015837,-1.7893719754365356,2.1298676164794927,0.9479260460434902,0.43879492183755037,-4.223862862577153,1.4,1.4
-7.8315695113973876,-1.583710126784289,-1.1189550014796315,-0.17640593760674345,-0.30883917374562575,3.474991497114922,-1.434940515034775,-0.8436609076464452,1.0381622491686486,-0.7402641058305782,2.42,1.3810000000000002
-8.310689278384658,-1.7163360112606711,-0.9878622896846999,-0.12009304257305219,-0.23973674694013142,3.8863928249548465,-1.258957003855631,-0.7581722905582735,0.7169510231765799,-0.9052941392768883,2.38,2.3457
-3.5844709632273037,-4.490042289529795,-4.375046605665144,3.08617689874645,-0.8656907641388588,-3.1732557897861833,-3.621129922013502,-4.846281326717952,1.5110495843632281,-0.7013667901753642,0.5,0.9502142857142855
1.926805802773473,-1.1541897197351998,-5.439232916933418,2.1773033763154963,0.07523150522257238,-0.7625121706132418,2.5844038132166935,0.2647906032086618,1.2366136595099126,1.55669988029684,1.4,1.4
2.5381907942534476,-1.551348015255896,-2.9852411349113135,0.222296533244467,-2.695104991114229,-0.15672311541454273,2.8268357411212164,-0.1305550989758284,0.9762343119120744,-1.439817645959986,1.165,1.1037999999999992
5.087109356668192,-2.819128775269627,1.7961591555271332,-2.128513500383454,1.1753055005431399,1.7149732285232357,0.6952477904753388,0.5042739777018461,2.179595117874554,-2.2017416057272152,1.24,1.2879999999999998
-6.490747097270785,-3.104533889892563,-1.9784335290226103,1.885383899061998,-3.1612814871997936,2.766520575675664,0.3774403555786814,-2.078855517667138,-0.917553750095527,-2.5077775306166226,1.4,1.4
0.29470439824111544,-1.67219731051252,-5.123265396415206,2.482592513334674,-2.423536877797586,-2.1975068540593123,-0.2165511590612467,-1.2361777932374325,1.5806011794358246,-1.5511018035975404,1.4,1.4
1.8418328673987805,-2.2841129261891897,-5.329878512274062,1.3219378961848451,-1.3952381707471126,-1.9941909149021408,2.292310946177422,0.11898698921935444,0.7174677104297041,-1.069273508860349,1.4,1.4
1.97775465165929,-3.22246136919205,-5.052968339554836,-1.321326908053375,1.3019353665160838,-0.3230596913129243,-0.8869237500788323,0.7121021673656431,2.043271440786611,-2.073316638155521,1.4,1.4
3.852758970638696,1.6589315434997658,-0.9016972200910038,0.04505155776758723,-5.2093142028551345,0.3075267709743114,1.0633405174620125,-0.1705393231025495,3.092206437221887,-2.219311924304633,1.4,1.4
-6.817599019283015,-1.155156455741123,-1.0587120183511782,-0.9151607614228255,-0.4112132124212891,3.8049388257711745,0.18264807132975883,0.9536035579072092,-0.003524961269054022,-1.6190641511402908,1.4,1.4
-6.890000164026758,-2.123165939533449,-1.7687263287606168,2.073899114874371,-2.760261324013514,2.845254947581699,0.35879710822234245,-1.660493239192943,-0.9667881165266555,-2.2343266801249575,1.4,1.4
5.854248276650587,-3.1263260354852234,-0.9719307267520537,-3.024454244932977,3.2958510073978116,2.3480089690749892,-0.5103169308594072,0.6007032313165256,-1.848412690561997,0.31124709169325077,1.4,1.4
-5.672851159664383,-3.9624963168647693,2.9425787876415384,4.239339255003666,1.0459553825364682,3.8968047327462436,1.678232944074401,-1.9001468575444376,0.3448960761298975,-2.166465736089921,1.4,0.7637
3.8248960803352623,0.8305716034318466,-3.5599819857413233,-0.7795801844243959,-1.96176019286303,1.0379876479054115,0.9780085866054671,-0.965470456654283,-2.6138915654671497,-0.4609000868052656,1.4,1.4
1.8431658192014435,-2.0561681596832515,-0.9343023013270765,1.1053352407376722,3.8061028461298188,-0.9996667340031385,0.33983917298801364,1.358911926892984,2.5083833458034177,-1.4483659264841526,1.4,1.4
1.052919717732198,0.5239303932551326,1.7712385749923258,2.2147360930189315,0.8811428750506579,-3.328001040144799,2.691628215960545,2.0024563129364124,0.22710410547584833,-1.738254849044608,1.4,1.4
2.075143434160164,0.2936795446329972,1.147393437703967,2.162288696914362,1.398549993725859,-4.414813925914476,2.291317613447263,1.4940938543524773,0.5315247680452749,-0.9596686209599107,1.4,1.4
1.044487921901127,-0.40682955075531857,-0.05458363205744985,3.2923400781578147,1.6702945744668183,-4.293846947402844,0.9820478327385029,-0.5468947987543182,0.2707712757410068,-0.6239549149250588,1.4,1.4
4.336671970881857,0.15102936131064185,-3.5762357939570832,3.0733722990405288,0.5149972894699192,-0.23670242527794078,7.845716882270784,0.5091143569047378,1.0554117579489193,6.735569495432352,1.4,1.4
2.1430343787442543,2.3591181336748743,-0.11283756274223151,2.340462894149693,-1.0278198100730536,-0.10145220750195098,4.185583868295284,1.8589338396031454,1.9852487275799908,1.945375933787523,1.4,1.4
-2.4598289142598624,1.495898247486213,3.208821228227529,1.758003537747046,-0.12567655585870663,-3.109222692309516,0.540762802235643,0.11021472419281989,1.0736545548090224,0.15466848481186507,0.8999999999999999,1.4668000000000005
-8.007349677067099,-2.2718074494647724,1.1816561695104428,-0.6161092812332775,5.976028732924301,-2.8154850652210404,-4.16324278871322,-3.0247934253464583,-0.31373256439110847,2.6212834002699696,1.4,1.4
-6.130577982159738,1.1995619938378919,4.52437140189545,1.8807582847589723,1.2442128993927202,-0.6882783842220163,1.833393794994167,-0.1457852937207733,-2.115902965220425,0.5517627460728706,1.4,1.4
2.8379992090962287,-0.42242750611055696,0.8002349544059246,1.109552565952712,-0.11139613050093365,-0.8245661934880048,2.2526780722747257,-0.29342865366539506,0.08582816662075728,-1.3396736472373818,1.4,1.4
3.778271735194113,4.6985790340604625,3.3615865582534052,-0.8448928509980026,-3.8470328106378906,-0.5640920255555223,0.7007002983629359,-1.1224782058010192,0.7669370839174138,0.7141715957712801,1.0599999999999998,0.8106999999999993
2.535091641118323,-0.7990796275547748,0.8438486847646511,-1.5871761616120719,4.748993297892774,-2.5755979373372133,0.22363879258069796,2.1236551090585585,0.41818251391172206,-0.05317568487321545,1.4,1.4
2.3375696106025483,-1.596702290816014,0.051545841291765766,-0.9631583632199581,4.871270349021149,-1.5759225098825538,-0.02308109692216193,1.2606022753999617,0.9757782960012243,-0.38696398202661575,1.4,1.4
1.8564313558245642,-0.8289013008046395,-1.5148741462410689,3.0688081678741046,3.5720111633172764,-1.1081113828974851,2.258404794861954,-1.829038561154542,0.8752366381472877,3.318076275901542,1.4,1.4
-5.950906179330676,-2.2827679679629047,2.8888016006478145,3.241212100259458,0.4679969051722699,2.161112658962553,1.4354238799437644,-1.5466464309769465,-1.6145373941046677,-1.3681349223145771,1.4,1.4
-2.609452499157158,-0.12516336607302117,3.870186644926663,1.8696459071219054,0.22071690567533808,-2.5892016121550605,-0.07315090926693842,-3.46580950444431,-1.2037594793137247,0.18520050515448827,1.4,1.4
3.655267041987672,1.371709635506324,1.6799740760118085,0.613598963124781,0.08499782747714515,-2.1714722164171287,1.7960710465302077,0.25679957567041206,-0.17022804579178547,0.1406069896383712,1.4,1.4
7.28525569244626,-1.450011333649697,2.1922816820349014,-2.830607403676041,4.231796651088953,-0.9912853908198643,1.3796465271062868,-2.3002341773006587,-3.1755023540679232,0.2645228811405103,1.4,1.4
-5.395074674902386,-7.148769466263545,2.88280697596908,4.963675644164212,-4.074287120958347,2.933805568984778,-2.3621632825195524,3.032346020218596,-3.082904957017096,0.29446871075753256,1.4,1.4
-2.289887207035783,-2.1416984703918382,4.001542850370521,2.1239880289558286,-1.2863293449480182,-2.379508128107195,-1.1658731215360811,-1.9884849031750118,-1.651242648462259,0.9396594591538941,0.20000000000000018,1.4
0.31124293619682636,0.09532152186709134,5.291855254954649,-0.09361629391151056,-3.608938933325216,0.07085317965832436,0.590462475418765,0.12732568876077993,-0.7681052558520384,0.5952719541339482,0.09999999999999987,1.4
5.189172334533934,-0.6148237366008543,2.505598523090563,1.5584733033882288,1.0455781609433406,-1.5125544446625256,1.9980358482712073,-1.1989955003064328,0.7802848104325864,-1.1246863861122705,1.4,1.4
9.12624177219408,2.2690863582400467,4.228246481342763,-2.2172804974058287,-3.601295188686002,0.4090177959747402,1.6692079030903662,-3.548666524200773,0.31410515417105067,-1.1250609051559848,1.4,1.4
6.206158033492972,0.25680327986822976,1.1975984523918495,-3.686007412819738,2.2462595037351325,-0.32689709211987406,0.053784628493415594,1.3945210972193065,0.4217972678570023,-0.627897942567777,1.4,1.4
-2.894955391669402,-0.4413869586344577,3.4010876194005997,1.6104952242067745,0.412428106034093,-2.736890961151204,0.2439701107002635,-3.3424505620498195,-1.1059785668190971,0.0922234049650409,1.4,1.4
-0.91495949894719,1.018448042012292,5.067148001905821,-0.04183715262394182,-0.7435880529340434,-0.8227940542037597,2.2966592558360235,-0.885480032997134,-0.3047736886744969,-0.3563080916191068,1.4,1.4
-5.627007815689253,-1.5011214654865597,4.733812833045442,2.360750567749039,1.2827342206793444,-0.13403219827971258,1.9053198828878881,-2.2400743756100536,-3.027388709219854,-0.6332469510194433,3.82,1.4
-2.251267055021714,-2.399792493135407,3.928699036405502,2.346666216263003,-1.4245224322810972,-2.1887914929679004,-1.4202686811892455,-1.7478179325684025,-1.6493446828063731,0.9552140898303357,1.4,1.4
7.750352394590117,1.2836763210324966,2.902643628596587,-1.196971671608959,-2.569920403125569,-1.606097306865633,1.7032071936681712,-2.1187016971883894,0.04723555065972931,-1.6450229343903775,1.4,1.4
7.01577002108339,-0.11759539869002461,4.725551817684616,-0.13083509925169315,0.3342286127001536,-1.9298677385214413,2.6216021447945566,-1.717892087099246,-0.002027252166795349,-0.9323529435848514,1.4,1.4
-6.205803880524748,0.04616597975845667,2.8262015370114524,2.7536007285666173,0.6312667466267455,-0.5673543102759719,1.5907784884688574,-0.24671016394008213,-1.290116288885161,-0.6735952913894839,1.4,1.4
3.935321119996195,2.306422572992811,1.896955115699575,-2.2813130114570934,-0.6638096570666173,1.0671090838466608,0.34853971809206924,0.6203305305905484,2.9020768444320195,0.11149928675676771,1.4,1.4
9.720665915187778,-0.5747674191173322,0.2876004599425937,0.11836239593463838,0.320344490454881,1.1101529232279848,1.0805751338192882,-5.010248825106358,-3.3287430951485852,-0.5294840297579919,1.4,1.4
-6.194787465239972,-1.659479145896911,2.3720331051144936,3.230159527644449,0.33156062212248205,2.264186263268158,1.2923788955373094,-1.3088496058465477,-1.6551637865488735,-1.215493319578765,1.4,1.4
9.660015761882423,-1.8175910833040296,-0.028108664153858313,1.5083922861991537,1.7097695339556325,0.6641569800526363,0.8915402765526105,-4.602932699295212,-3.783043828325607,-0.5688162648466719,1.4,1.4
7.169262709916163,1.5137611375179485,3.218181929380239,-1.5228591600182808,-2.915599000378716,-1.4970821456860297,1.7026718817449211,-2.394039784349922,-0.14915881783851043,-1.378591449645985,1.4,1.4
10.433472020623064,1.7344150963389042,2.3600893853860265,-5.964500663513355,0.06281111964803389,2.5863564030510027,-0.175869815945584,-4.043122449650272,-2.615986350758438,0.8418506090807156,1.4,1.4
-5.1753957618892645,-5.983576225101093,4.9772734825562415,5.433646658607709,-0.9561779339665981,2.411299072922397,-0.8639579361556544,1.7008261705809857,-2.8433948295420595,0.33201395949336093,1.4,1.4
5.970540040059176,0.6002303841560183,3.2659198220390886,-0.4314467482315755,-1.521191599487508,-2.193160825098616,1.6791408646176225,-1.6708277837702712,0.5039933780834162,-1.0732534122050643,1.4,1.4
7.690873607720366,1.2627875473125525,0.5791449903113515,-5.235967509156303,3.280210299273379,0.7312177992839061,-0.4562803180102773,-0.42109281697277745,-2.891203228257791,1.4778897774611857,1.4,1.4
4.895669791920476,0.12704618117299696,1.2082196530493576,-2.8807398135680766,2.5070147818574484,-1.8882959595311768,0.19372868446674593,1.3297458410118208,0.16532903806411817,-0.04311551751981486,1.4,1.4
-5.128700738735265,-0.9442981514471436,4.525458200290048,-0.9518483289709351,3.306085141895555,1.1750187223150996,1.2989558915709751,0.8131210936216913,-1.6143986321261259,-0.24713729212788546,1.4,1.4
2.1831239550134427,-0.6170275969816917,0.06973312863885019,3.3304826296971966,1.619528027810465,-4.853438564738746,1.55941889954009,0.1987006793063327,-0.29500917556452544,-0.9491869399033698,1.4,1.4
3.929690132010801,0.4183284806450464,2.9247690666391324,-0.028786431280774842,-0.8462713429847916,-2.4901173227713436,2.098653251696201,-0.8358558961283289,-1.0913317112231327,-1.0570880635180442,0.3799999999999999,1.4
2.889922927319649,-2.148765972982605,-0.09530784712805297,-0.7238491365195123,6.352606235535243,-0.8913385866295344,-0.9364238692120862,1.3656002432503485,2.0201479062111916,0.6755365465691637,1.4,1.4
-6.533275048589653,-0.6398341650588424,2.955070361769631,3.4495945185915207,1.7039968115051949,-0.2849074333412553,0.9458309084754634,-1.330548583790536,-0.3496947385439205,-0.3894970285794042,1.4,1.3449
8.212241363087216,2.632373579226462,4.91198179529775,-1.3583969364866162,-0.1497054152924808,1.2804458234686864,2.316817991210454,-3.4987948986003663,-2.688994672034013,0.8607422092097495,1.4,1.4
4.395036058795292,-0.2208199965055203,1.1281117902243056,-2.5032663689648884,3.141503883828277,-1.8719141534906252,0.28956297363851463,1.4610778251080294,0.08655047627227437,0.040283212384187,1.4,1.4
2.846805061278124,-1.6557650807501838,0.9151078465751856,-1.6486639272219665,4.949071355642225,-2.9752567194353285,0.6110032467887626,1.6230557033690067,-0.06499419624110345,-0.3925802135200147,1.4,1.4
7.677527740553415,-0.47802119356141176,0.6657295195811862,-4.250663989141872,2.444540714879456,1.3478704463331264,-1.0352078231580197,0.5360923907297094,-3.4538021441364712,1.668071773515086,1.4,1.4
2.71241607012594,1.1844364937156795,2.108759412265562,-1.0439440433505816,1.0764239409391683,0.16830414544083297,0.6224781963372914,2.3915041362395857,1.9612082806409608,-0.31240097214185647,1.4,1.4
4.522774759848916,-0.678922743995933,0.7740168470410834,-2.245388466267995,3.048482855205137,-0.6689071962002661,0.1757426984074795,0.7414596782943339,0.9305662932171106,-0.5040726204963047,1.4,1.4
-8.242307180121415,-2.412085446466596,1.9422094794454823,-0.5452122170017956,5.369506933806088,-2.717207490879253,-3.7302857798260476,-3.1478918069877215,-0.2526338546817762,2.421893351526018,1.4,1.4
4.05530700544303,1.9507719594291442,1.0048873572210422,1.5970759081459087,-1.1722908164567007,-0.9453757298177831,2.5555951807727992,1.0305368061597509,2.241563387569873,0.604126190343866,1.4,1.4
4.5644475171729075,2.0673515685127066,1.2594230597785088,-1.4473544216144056,-0.35268686958257245,0.6285064235252166,0.411913031947703,1.402687983942325,3.194823737467664,-0.23561162572318398,1.4,1.4
11.063107936750118,1.7667598574540415,0.7699407591616719,-0.5146301101929659,-1.5912652926019086,4.851844737274609,0.4584359946784049,-6.521037303985817,-1.6223519998537508,0.8419018467703596,1.4,1.4
4.559691323182988,-1.6549773754745727,0.4464715979030024,-2.9740011011464826,6.236026285618665,-1.610698562636831,1.1216036377688652,0.08564902037389309,-4.305698805073327,-0.5448011977415225,1.4,1.4
-5.94396241460811,-0.9163268483948588,2.561057486858802,2.5791564244075786,0.4728507450244279,1.6671799543379089,1.7495705584341656,-0.871406761254613,-1.843127851115887,-1.1395201968920154,1.4,1.4
12.924040031295808,-2.6433376900979177,-1.5059025709870606,0.6037425393346916,-5.365486413580419,-1.0620760812926573,-3.024961638908869,-1.337888653268935,-6.638946899647574,0.0884503477116196,1.4,1.4
7.874396065507902,-2.3495562730803177,0.8276680776729044,-4.449320294051082,0.37750268531517817,1.03950414341375,-2.3557157251258602,2.4752362593011488,-3.747332733305761,2.356394154663352,1.4,1.4
-6.352100723158457,0.43289530816216143,3.0552363027110148,2.627621784560988,1.0762818329902892,-0.6058062191444402,0.8465438179305043,-1.6153615744563428,-2.3777524955886316,0.29648206835477814,1.4,1.39495
10.481468884272319,-1.7904410402147883,2.539751437492159,-4.520554416434162,0.26475298346692455,4.329911820632858,-2.3604602348432753,-0.5197723055965264,-2.262817572545347,2.5071410907352,1.4,1.4
0.3905846783255042,-2.1604225990083132,4.878444008846038,0.3551673578554107,-5.654672247578441,0.13684564779740138,-0.9797896425885478,2.37055463341623,-1.2871848495423683,1.0046223142787953,1.4,1.4
7.659190159459614,-0.25637917699058554,-0.6250122573408797,-3.797013525066465,4.0618804510171085,2.385491627304984,-0.961627237863581,-1.4223535336996986,-2.31238525388671,0.9080507756616087,1.4,1.4
-0.8793645156088818,-1.4014259266336782,3.637018111741778,1.2381569239952477,0.6134095495443013,-3.296995410502607,0.6157391005748364,-3.6530730015996946,-1.9837839123186147,-1.1388821161695226,0.2633333333333332,1.0432000000000001
5.830233136503595,1.700758475182229,2.9099870459687978,-1.2649352180816176,-2.8652194496499797,-1.9660482829445651,1.8082236856053429,-1.4230889468701324,-0.43487394783909855,-1.4402890503592303,0.3999999999999999,1.4
1.4230393510625516,0.9021923866297021,4.477490572556601,-0.6612381657806886,-1.886160535920454,-0.9858330669932921,1.7446455797111586,-1.8672693556443558,-1.3618575647672693,-1.4009369497305029,0.10000000000000009,0.7093500000000001
1.690850663274628,-0.6809093422996045,0.18431582517385098,2.8975365637251764,1.9295542499548362,-3.310852621019358,2.723015041171464,0.048850751033525645,0.779654639626036,0.7386211616516227,1.4,1.4
7.634196787654643,-2.650583088477181,-0.21873568999700982,-3.343406918740337,1.7510069885750774,2.601468472394295,-2.248588969060274,0.5602015677494029,-3.096422062452835,1.610247369379419,1.4,1.4
4.422821542459358,2.1292755123689022,2.4109915277147196,-2.628747108187093,-0.505255668672023,0.4856432806703599,0.36132564383390714,1.0152658841467659,2.1920955631775834,0.21323962471826025,1.4,1.4
4.838799162938781,0.1327419821585426,1.437305798169926,-3.281349703582089,1.4165994972280633,0.5711139795925175,0.3678534159185351,0.47554805016007223,1.1814804521640416,-1.0243095965996847,1.4,1.3460000000000005
5.03505793726752,2.0013256689300376,3.487356597616447,-1.75726822484198,-3.369303978061628,-1.5355416400533568,1.4820175722625075,-2.3325173728139377,-0.5999126738564924,-1.2875296144573516,0.40000000000000013,0.0688000000000002
-1.115086254454657,-0.024201963775669647,6.404744608470728,2.4790962508308154,1.2551546470951223,-3.2985102596055174,1.3060379217066989,-0.36536114210090537,1.1387683005152944,-0.38355207271164377,1.4,1.4
1.1278208311900955,2.3289738579681845,6.769344695066388,1.0593462455522793,-1.5692262508892318,-0.48136708408984274,1.7034715825123643,0.0480275026370101,1.4781391793573369,-0.203726583240897,1.4,1.4
7.654591676691647,0.6768145206892298,4.095699687787068,-4.091003453856834,4.6939992570176985,2.6395962232608263,-0.09586736020592702,-1.4368424799245574,-2.119298636585899,1.9327747157065123,1.4,1.4
5.8853067936180645,-0.7187953444172624,2.5090726896077276,-2.6744628487074666,4.677134591994668,0.8309582091413202,0.6964370156452198,-0.8517199781788775,-2.897726082198784,0.14191180673757722,1.4,1.4
-5.9282853200925665,4.206072587154872,-2.4117056183195356,2.0665019634406008,-0.5414644542018472,2.105405086697378,3.7402701459983057,1.1511911862236928,-1.9532192850722188,0.711820842281869,1.4,1.240190909090909
-5.915140508858491,4.562415235757877,-0.7639138634902023,-1.8186252847940414,1.8259665288083535,1.9840789703800583,-0.27237497596248067,2.2417643741685835,-1.9145324802760733,-1.4611492394123526,1.4,1.3238124999999998
-3.1002161850767136,2.280928120354477,-5.778050228858393,3.2004228974360234,1.3742924121591675,-2.1633158165849142,1.6418928020147379,-1.1224981670028982,1.1000947425768417,4.498314289811321,1.4,1.4
-0.32937203537819687,8.973871977997879,-0.09829884201590597,0.29961664905746704,-3.9847761410936906,0.09420071531083025,-1.0671915459273034,0.5476628073317051,0.7091225003684758,-0.17242196518672678,0.32000000000000006,0.002500000000000391
-2.4018252209114217,5.180034496795299,0.4681583395946107,1.869133342460938,-0.805945160532186,-3.265841846375077,-0.8907828202561113,1.2160776759231058,0.28268915960868857,-0.26564095245012787,1.3530000000000002,0.916342857142857
-0.16971802591800236,7.901249694992579,1.1347857647480148,0.9369755925014446,-3.4452683388335594,-0.07998922308783973,-1.0443654449343904,0.6663831172943051,0.6374772317774726,0.2652391147147018,0.5550000000000002,0.7829333333333331
2.459515513049509,7.632361718735109,0.9513369336755839,0.5591326985320857,-3.5275203768707635,-1.0557948462286275,-1.0304868413300194,0.2558387429464007,1.4327976547664882,0.7264944920747236,0.4733333333333334,0.5709
3.283360227873415,0.46704038824846816,2.0364470123797807,4.744881849828878,5.35817373631987,-0.8964567129307235,1.3829798451204665,0.4452672674252228,0.5636904231626129,-1.0447093835926904,1.4,1.4
-2.4255309962123635,5.1975557289717855,0.3661009038961571,1.6662549151746628,-0.821577193814322,-3.1385177713915926,-0.8256378721517448,1.0792929197749666,0.17105068352895839,-0.22345448477867574,1.2960000000000003,1.4
-5.840297408276317,4.398226677888679,-1.653912771060846,1.494649012798724,-0.15407499935385768,1.7726138544894867,2.3482228618069523,0.7824285571213551,-1.9918378053452441,-1.0441649965512945,1.4,1.4
-5.419005658098654,4.527799252923421,1.5019472140186616,2.095544742621755,0.5908179008041329,-0.25165388145375855,1.0360238197416165,1.4820472119885548,-2.8269514788899426,-0.9260682962990475,1.4,1.4
-2.8323572878218592,3.448020495535017,-0.6608930250279579,2.493604516752188,2.0302888430066877,-5.233309061681208,-2.568098226279503,-0.5638292056749363,-0.1596296623266331,1.1725408985293357,1.4,1.4
-2.0012585823595828,-0.7859457133226568,1.0567432185383088,4.870455460513993,4.603198920201301,-1.5804950035368688,-1.8551522274322196,-2.3412866103361187,1.872745374701119,0.2561415057679394,1.4,1.4
-6.195737052305112,4.9797026445439085,-1.2027530056583071,2.2578074640533363,0.4135505137840454,0.07895517044869502,0.2232462090716154,1.3329715977115932,-0.6427668626832342,-1.9469647152844805,1.2000000000000002,1.3325333333333331
-2.439263130831063,5.2163311607133735,0.3016211191814759,1.5351607029680845,-0.823210034451852,-3.051038424005387,-0.7844663921441334,0.9800587852053545,0.07384472625880077,-0.19118345887568294,1.525,1.4
-3.234908342019717,6.638479050619302,-1.195960501731861,0.5940442885636372,-1.3795010945730057,-2.267352989051961,-0.914136223622081,-0.012134979416879816,-1.1176240662520538,-0.4804462125392173,1.67,1.0186000000000006
2.6684882302719815,7.9321372724663695,-2.5626712800477174,-0.16298777775589557,-2.1239684128720544,-0.5336917256864407,-0.3555236610965164,0.10189285498892302,-1.2441618588169425,-0.5286261301182185,0.4511111111111109,1.3205749999999998
4.868444390130859,7.1722216066590985,-2.8263544681126214,0.16503414542295175,-0.050995327140695275,-0.5331690230646491,-0.3987884732890402,-1.0330857914150653,-4.975993117192454,0.857216982944181,1.4,1.4
4.244259304976133,7.2170100648710935,-4.565640567427625,-3.260721598233598,1.3218730154791882,1.55705592341936,-1.655809620435042,-0.05728777194932201,-3.603079225878359,0.7063895165454356,1.4,1.4
-6.018786438547149,3.9120802718166265,1.1070513700654818,-0.7796019882829218,2.3187962485928093,1.333533669630649,-0.06952823616124788,1.9481004973475058,-1.8588323926025179,-0.4081120983815398,1.4,1.4
-1.4862636695127214,4.892338555186892,-2.2571225462708595,1.5300510850243656,1.4171170730675235,-4.141952793433569,-2.881640782715756,-1.2461577267165245,-0.19683484975217924,0.996945940086533,1.4,1.4
-0.13822017569468525,6.106642279251226,-1.6633792492753017,-0.05338101897195905,-0.8086704010991158,-1.8996219168763897,0.20582892264686312,0.9194690095579406,-1.2625557351793193,-1.1314699954296203,0.2250000000000001,0.89215
4.51767530217945,6.009852295028029,-3.032100853444036,-2.9182647484757562,2.2217679283176155,1.4149783550504675,-1.92515557148899,0.20945816092532268,-3.674981864860863,1.153215545299886,1.4,1.4
-7.84886593624593,4.434215773473186,0.9707519499265318,-0.7146952371924702,1.9926701097516655,1.5551610651088397,-1.7488741992928125,0.29506933419372877,-2.1212641877079346,0.6942121508274002,1.4,1.4
2.524827877991073,8.004595417368758,-2.4325687793368758,-0.07863841785453705,-2.226000330973296,-0.5076664463761517,-0.3890286583124829,0.16318105907895047,-1.116044434928911,-0.5563734103472382,0.4999999999999999,1.0941
2.2063575568447993,8.549906809518781,-2.0184635187164286,0.3658625121528169,-2.6942199723722093,-0.1286813815901188,-0.6046839220468513,0.15067456081226802,-0.335696837344006,-0.1720791196842388,0.3733333333333333,1.1751
-5.973284609850259,2.1407406017136417,-1.5800310679119183,-1.2924957128113295,0.9710521681845096,3.5953983671535457,-0.3007469951257369,1.703529718707223,-0.6502546842641818,-2.145109998778985,1.4,1.325825
-2.8433194777123876,5.233724114883076,-1.140035121154574,-2.128514165295914,0.8653667393889216,-0.8967575278078599,-1.841058415025796,1.3725140743597535,1.111365303292496,-0.0647438134416159,0.7000000000000002,1.0627
-0.6804394040207316,7.78174276914552,-0.439849938401727,-2.961338723472438,-1.5853287315568132,2.1216830396281248,-1.9613705019791565,0.8382794565224093,1.4151161598581479,0.46569881419786624,0.22999999999999998,1.4
-3.1543680341365925,5.034761398820504,-1.5671067523965119,-2.087900148871182,0.9752645148754895,-0.8101720490569668,-1.8647981332585621,1.2015678795358475,1.209276383968627,-0.18628251505710275,1.75,0.12190000000000079
0.9667486987762559,4.674014417719879,1.00297589398926,-2.1298662146551295,0.9489403298299386,-0.32882042233585806,-0.8725918249825562,1.5815273536099015,2.1025186171488404,0.7632433728597553,0.07000000000000006,1.2353999999999998
-0.5742475571928464,6.951791173771955,0.6939024012779395,-2.500732998048901,-1.1371129004215674,1.8699291121309316,-1.9202372220431283,0.9088303460844989,1.3711779419940433,1.0098028219265778,0.040000000000000036,1.37855
1.9539028157219864,6.483390008717506,0.7642428342796664,-2.4501440158622976,-0.8153520700307548,0.72213763014516,-1.9407954427553036,0.7095454575734594,1.9022293975832913,1.3136124397499043,0.010000000000000009,1.4
-6.474860967385325,5.0810467568699185,-1.0887720880923455,-0.9498947989130032,1.3971573971892122,1.0128097435733956,-0.8673620224325134,1.6786104562056925,-1.4743934653612751,-0.665056366236326,1.4,1.4
3.864734456903158,3.9922813735399023,-3.1672253960422,-2.5912707466870004,2.2463376096195313,2.302594942663802,-2.2770703072884246,1.7291649950503865,1.6003054271558168,-0.8653183071248781,1.4,1.4
2.1864408464452585,8.495035076336787,-2.1956541568207597,0.5223726848025684,-2.590161637874219,-0.31662284930651985,-0.7384253934581875,0.3973421615048109,0.4552891184927224,-0.034405825068054396,0.29666666666666663,1.3881000000000001
-4.050844344686757,4.757940982739261,-1.9225765751972432,2.89741709031318,1.941470258761674,-4.939106969835773,-4.034432901049858,-1.5069780260389471,1.368249005370898,2.016373488356063,1.65,0.20999999999999996
-2.0065080753993043,6.1465256801170325,-1.1888498387129915,1.1050774504420295,-0.789348173846468,-2.041125011050632,-0.037138698219720656,1.2623409359434807,-0.11945844541571421,-1.4251849695302863,0.7600000000000002,0.23329999999999984
0.06265964585333056,7.784504874049793,2.891510931493098,-0.8837992024299959,-3.6562956586957216,0.3976165521414026,-1.1106840525055695,-2.284090984498369,-0.8043282372836039,1.6070986596821368,3.1300000000000003,0.16933333333333356
-4.689730063836552,1.6100717838450598,4.122793607351534,3.9583053484346626,3.1961188585389455,2.1114685242242617,2.0598096673317055,0.42616178437841434,-1.523852133301082,-1.8213893179904217,1.4,1.4
-4.584420706489157,5.002834589479897,-0.8444457917825473,0.6362178203078045,0.026290254613730066,-0.45419809049520715,1.122078440727461,1.2134989953978554,-3.709750339811938,-2.372478832496774,2.0031818181818184,0.7892285714285713
-1.8871380531788995,5.827056208237345,-1.521382231485149,-0.1353904758202472,-0.7979099694218564,-2.398310892785374,-0.1859422460262404,-0.015969804285156465,-2.0523817689610553,-1.1383793600814696,2.304,0.5594423913043478
2.9198802421882513,6.66308066734802,-0.5567937716528646,0.47679331447459566,-1.711000600812222,-1.1733749066810601,-0.3092336843853834,0.18459228097781963,-1.1844304505201142,0.2114692634012196,0.31666666666666665,1.3590000000000004
3.3396382867053562,7.540714558982075,0.11189812774337374,0.6364231073070269,-2.682148091502228,-0.6986957757469298,-0.6983941114502579,-0.1237870747531859,-0.1279635756280164,0.6641784798693553,1.4,1.4
0.17065882889796802,8.334705774338182,-0.7264809356044198,-0.8435961724955455,-3.0943211198063922,0.3759582999834168,-0.47710753691496766,-0.6105847736348781,-1.7014382488877249,-0.4738078230637301,1.3743750000000001,0.044600000000000195
1.0133719513203083,6.366951653324597,-1.6462450964411164,0.9481135298372224,-0.5117632098953697,-1.5246546657724747,0.45685640040232584,1.3497620913237034,0.7120133543765974,-0.8372193268206153,0.7200000000000002,0.5133999999999999
-2.469270203312739,5.986548660585572,-1.9920791677247918,1.2042950318200212,-0.7668700822013725,-1.7711994066381422,-0.2168777832866605,0.8703348485543642,-0.0010934997305180108,-1.5479657288672215,0.6699999999999999,0.7181500000000001
3.6508727240982544,7.403970199263873,-0.30028407466810203,0.930823568908208,-2.8456428347971543,-1.269361448460897,-0.7377503793184534,0.5538060302964256,0.14902246057532822,0.3797144549812665,1.4,1.4
2.2004879032871654,7.413636151152174,-0.47922762875610214,1.1694439756961994,-2.2522529446679638,-0.5403941355213502,-0.6238998257459424,0.47484779671294314,0.13514604256665916,0.3909842385232156,0.6966666666666667,1.3912999999999998
-5.45382171027212,4.427091737179373,1.3440989987023073,2.020825447187795,0.21176300113050078,-0.6195639721992107,1.0329853183219735,1.8999060175491314,-2.399290332780091,-1.0149523715770092,2.5,0.31930000000000014
-1.7282878777447794,5.216546374936192,0.4004255124229208,1.6489931579397619,-0.5376550570489966,-2.8358442972726268,-0.08438254765511873,1.4029331087483663,-0.6032854340465942,-0.6551494482542609,0.22750000000000004,0.6957
3.20272281027784,7.454988116155615,0.15022159597208787,0.7865723824036891,-2.8128035041299757,-0.795347756251941,-0.712411857561282,0.22793215753076668,0.40552648158866467,0.5088938902617529,1.0499999999999998,1.39955
2.1639016797627093,6.784470416733726,0.22471002835650136,-0.029822843223322255,-1.9501913033399685,-1.1065518332898248,-0.4134327529897035,-0.5638077116495802,-1.4871814503457335,0.5534629226155368,0.8888888888888893,0.8599285714285713
-4.585725532800076,-0.4591408883611222,3.5051754794871517,4.350588811992745,2.658115574838484,3.6073900707479254,1.7914238141500483,-0.28648740412063306,-0.29948261529499276,-2.2095031227430946,1.4,1.4
2.8532372809010362,0.5261768396963294,-8.262088853597678,3.5080926568659256,-0.7775014269161512,-0.09223045080622408,6.510365198778025,0.5901621128351092,1.3926920172332182,6.015902472025268,1.4,1.4
0.008067952453838595,1.0669321644414327,-3.8900247717905208,1.5424657648153919,-1.1080042976490045,0.9484362164439397,2.0870769653722396,-0.3892489458102429,1.1551894619081111,0.6416339891550261,1.4,1.4
2.1985296222448887,0.5553352583994247,-7.25344343446798,4.050707008721458,0.7915669796288274,-0.6016064690482373,4.7664938827067544,0.8650629504284957,0.9983939819749931,4.796483509759689,1.4,1.3722999999999996
4.294674814962507,-1.515112539241708,-6.520383066639476,3.305428312130208,-1.316086546044431,-1.0064956315168871,0.22992625869263178,-1.7746720606287374,2.1935578028398592,-3.543076946466225,1.4,1.4
-0.1348428671033406,1.130790381190494,-5.438038687207952,2.6129968304708995,-1.4000367336155393,1.2377763178431018,4.525230607773174,-0.23339425235729086,1.2670002550826982,3.787283715761494,1.4,1.4
-3.5201414702353913,0.3043009564716783,-1.651390295856811,-0.7784469550464408,-0.5820718051933059,1.5511769852257569,-1.9324862626937584,-0.5164959992697131,1.7721516164611437,-0.6623294908147169,1.4,1.4
-4.461861325873565,-2.7496323238781177,-0.6732635283898306,-0.9295422660058587,1.3804566070834474,0.09417258283478784,-3.356363423803878,-2.625677625014251,2.4972585697850795,-0.20286203514870332,1.4,1.4
3.4810539192545646,2.0449173794658764,-2.500966424150162,1.7347881684030406,-2.606808622539541,0.5314227077632722,1.8095835038799337,0.9630681867627835,3.530730572812196,-1.0259556101170029,1.4,1.4
-0.25006611274402235,1.279095023120812,-3.760736124872587,1.5107766731875554,-1.0621936337038933,0.8357314770642149,2.1048107510389156,-0.3330994569807504,1.2353772003596086,0.6709681909718674,1.4,1.4
2.3927285739853077,-0.17441408139726639,-2.77009708444963,0.5669817600239867,-3.9521578062267366,1.923595023019292,0.4613101890473741,-2.5216837591235266,1.7902341752934807,-4.070082817724694,1.4,1.4
4.570613795932882,-0.14347250431376804,-2.6964598637134807,0.41808429214678416,-3.972259913092069,1.0739546871563777,0.6243035892412897,-2.520100275492807,2.069947877871777,-3.534354565661452,1.4,1.4
-2.827154460969822,-1.0145082829869583,-6.001072469506059,5.448473043193974,1.732530579809986,-1.7661550523056984,-3.3211458049554454,-3.285352347268435,4.343988935528737,0.7240531224188737,1.4,1.4
0.9326786925381848,0.2039996335431686,-4.025154340218154,-0.6678533004985255,1.428915115700175,-0.48905971165191914,-0.7917890602654255,2.0565476784484855,2.4257223537680903,-1.0597311412391994,1.4,1.4
7.249472508320647,-0.4003503952902134,-5.95071763437102,-2.077096297102329,-0.4538342725759908,2.9143534003308353,-0.9617204519016485,-1.489745182752201,-0.7994447281155895,-2.146498656154355,1.4,1.4
4.051131009624955,-1.520603589237905,-6.421255198815926,3.3923085565503484,-1.2934413128612519,-1.1255477956291744,0.23825010772810187,-1.646537924076617,2.349495543624919,-3.611404417869022,1.4,1.4
7.974238527627215,-1.890480031560343,-0.09999040646807851,2.565654321081049,0.3590449444852107,2.0943704899387092,1.4088598292627375,-2.9512209381401786,-1.2619704108977465,-3.11429932268521,1.4,1.4
9.281883357055998,-1.732464744952622,-2.1899992576899443,3.1618327798048815,1.2083129895782012,2.2254201909156013,1.31712851596113,-4.147193092935148,-2.355753117649856,-1.726317699918786,1.4,1.4
-0.28486691213509613,-2.2690821176611173,-3.7557552561734413,2.0193685887404254,-1.7059070847892874,2.234592859178239,1.5562382144235398,-2.1565732394746884,0.572907271208741,-2.3777700579928807,1.4,1.4
-0.6781748980801086,-2.6411264842927276,-3.866899787382425,2.421262773091749,-2.0710265689981195,2.088135697390295,-0.137444402153141,-3.392515983277803,0.11488532019571532,-3.5037715642347718,1.2,1.4
4.4867152861904405,-1.2870254604130125,-5.972758826678321,2.4638681691577933,-0.9456306027958922,-0.22728886766024553,1.9743585769581329,-0.7662127593859829,1.4935891703593132,-1.9636867058970244,1.4,1.4
2.7459353730687477,1.89376684129473,-4.409868460336182,1.8867788517545097,-2.419927649093318,0.5790505063663726,3.4136165982489453,0.6685228464487324,2.996514196214364,1.871888483052223,1.4,1.4
4.139089749407856,-1.5280644274655832,-6.455122092995605,3.3633683685967024,-1.3024005365348692,-1.0808400495305956,0.2359714539678158,-1.6937388052079008,2.2987786589124735,-3.591375720032734,1.4,1.4
1.3942689247729747,-2.72735339819022,-6.276206089148902,4.36725327559855,0.21966722918300025,-1.1269433554870543,-1.5361652460927389,-3.403433959990286,4.036444832782764,-2.179062405334858,1.4,1.4
5.269068745505373,0.07681945897770016,-3.281671493043526,0.7933334071691667,-3.7345686533546623,0.6975692885028867,0.9218653434031098,-1.8623422073736466,2.36932934235337,-3.7764758506965985,1.4,1.4
3.5387136229623777,-1.195795751899488,-3.092496238403878,1.8170818328447031,-1.8991368110157958,-0.41747110506472884,1.0545312756011282,-1.1777326868709814,2.9939459331935296,-3.4887326364837405,1.4,1.4
5.489076381315864,0.14992620499336995,-3.6888143309965047,1.1210663857377865,-3.5217037781404477,0.5062783236698306,0.986165790453912,-1.6419656609867934,2.9097820975909126,-3.954874307171536,1.4,1.4
5.349939868207554,0.2767060852199607,-3.4446083336556534,1.1074206043681378,-3.5847476139711882,0.45935324447681203,1.0017791442607393,-1.5227027764380527,3.06340641197825,-3.966262899159317,1.4,1.4
-4.645447375886072,-3.668306959643845,-5.78720403165244,0.7843601881180718,6.082393326482268,-2.9015381838809517,-5.735924587076149,-2.0211170179185602,3.1257090051967724,4.935544306977643,1.4,1.4
4.427320019751211,-1.4247535480566047,-6.061504157444205,2.6739873276662554,-0.9984366708164479,-0.42783910178737355,1.611846529691082,-0.910256651760947,1.8658717722066267,-2.4633310710308356,1.4,1.4
-5.297657438649625,0.8389968266600784,-1.1634420836409909,1.4065875289355099,-2.584629936773907,1.8054432010500205,-0.8696081669540638,-2.5321016471307227,0.4466213454332749,0.09844531953701058,1.4,1.4
5.99049153735218,-1.6917911321858345,-0.4732882477311164,-0.08231893299386188,0.2433857895245273,2.0890226994723275,0.743260867307405,-0.9578324873895256,2.6189207259243257,-2.686747545100508,1.4,1.4
0.9811524319038074,-1.4638568749984697,-4.494365315314628,2.6585985338777176,-2.6360306065046895,0.6138345361022715,-0.9376632286367605,-3.2363815874383763,1.632737917192076,-3.618597931797144,1.4,1.4
5.295457870233057,0.06303440038836276,-3.3272666729282396,0.7971972335629338,-3.722043929509239,0.7008316916216981,0.9178519477735777,-1.8801350847752198,2.340898164901868,-3.7707506644962443,1.4,1.4
1.2676660455184698,0.9479060831859403,-5.123251907138522,2.954047387020379,-0.35337814243068116,-1.8678016888989328,2.1615340184231546,1.7053402445214019,1.826208583625528,-1.2128205316712084,1.4,1.4
4.055268162151528,-2.800960023482314,0.7039426383369716,0.9786063126420089,5.325254134381396,-0.22471380722979778,0.7980564521167821,2.2816178777816822,1.7398276441889498,-2.527844599325836,1.4,1.4
3.9780932256477235,-0.7976582405022191,-5.030894254662904,-1.381375909489187,2.885019130581779,1.4411745300760734,-1.4829424494821903,1.3346341151390384,2.6531028854516965,-1.5597938791449286,1.4,1.4
3.822164440746021,-3.0934724319483555,-0.8212959882852736,5.292970422326904,2.949910336289897,-0.2761456060317263,1.8116620710152327,-1.2435326932430484,2.1036005408519243,-3.4405455274631613,1.4,1.4
9.293171911444151,0.37976270232886744,2.6111979461880166,-2.806384323080263,3.9138866975516073,5.468322412526678,-1.1055975449210715,-1.1384397320569095,-0.8273362203879105,1.023618859888389,1.4,1.4
-0.7202665805073329,-1.0000205290486306,-6.04641305174227,5.169166049758951,0.6933211744534211,-2.6704426519725906,-0.9057689166815495,-0.5339776531006919,1.7693426952188858,-0.8810034796549953,1.4,1.4
-1.0759403700113659,-2.9049777892351925,-6.328151209457662,5.139833747656487,1.5207897911281947,-2.0249295891086314,-2.6708417197683385,-3.418824429179297,2.4509273418323128,-0.6615360423997634,0.7999999999999999,1.279
6.011377247340935,0.549475210005831,-3.8859306761777344,-0.15929828499618703,-2.39499597507824,1.4325399208741392,0.426000481051162,-1.612814357569047,-2.257949893055365,-2.54105381437079,1.4,1.4
0.7859911814913739,-0.4117111619105238,-5.406247493561427,0.24347589273526066,0.7566916922242571,-0.43727368863818267,-1.356203018386971,0.7556916236049773,2.5716326748571015,-1.1188567046928797,1.4,1.4
4.08379245034433,-1.3182970680918467,1.6161995828369942,-0.0363873071899529,3.265242638820687,1.8923255876726737,0.540359897864506,1.8889872068290192,2.300641347132579,-2.615311963230398,1.4,1.4
3.122572658600255,2.053692900362313,-2.9154764412498553,1.43044283814119,-2.8747931092237353,0.006149790842029983,0.5914753810155118,0.07248997265126332,3.0519417169190803,-1.7555706410854157,1.4,1.4
3.675749305957732,0.025229694498872524,-4.250086573113059,-1.8475510939423938,0.6425261864746125,1.2505201176901615,-0.9382224287628665,0.9923179850492126,2.610168423114054,-2.0387249143488155,1.4,1.4
-7.248779273197136,-3.465726802999867,-3.215608231903873,-0.2674700829572588,2.809833967825263,-0.46119714731096345,-5.534295463444252,-3.3354331968590416,0.859178186385702,0.5682809332755046,1.4,1.4
3.8072381751799393,0.7635648576718478,-3.285986071065332,-2.9042651620928988,1.6991092020216494,1.7449107810759625,-1.2032520130595705,2.5860859140142454,2.257842880997882,-1.0003214626845014,1.4,1.4
5.019609184822115,1.4785489160813363,-3.225925170719612,-3.494693250191062,0.28354681594128317,2.451795988732465,-1.3850036131757966,2.436625852767323,2.3165825881952133,-1.1162265720416797,1.4,1.4
5.145142747166343,1.120481149598363,-3.98594918988701,-3.159564530665916,0.7222166954106645,2.7270344881358732,-1.4183388635835017,1.3292831315966227,3.1027772505332676,-1.3424878611825974,1.4,1.4
10.490599456505953,-0.5168737500570094,0.7009549815692698,2.816326674666241,1.5885813785137506,4.251617201068735,1.1896122551396011,-4.69014041253747,-1.8218885078175753,0.07433121089797379,1.4,1.3799000000000006
8.55182343054018,0.47029479112296885,-8.319093282824138,-2.4736369350762937,2.2085550115237225,4.416828776176945,-2.673370631973306,-2.8927248671826886,-2.4719538507560657,0.12164287565649058,1.4,1.4
3.180922062963947,0.6301995231489815,-4.566914019811091,1.2654887506449481,-1.6157172245908646,-0.32957974585559024,2.0770810402154884,0.2508919733531761,1.2677558424049682,-1.0276730728272854,1.4,1.4
2.644127656124909,0.3005264622339774,-3.013262421785941,0.9844374480948013,-1.9123477076536515,0.3438550885493005,2.3383808217937494,-0.06202252272879484,0.9745693257295736,-1.0446966017167587,0.8499999999999999,1.330999999999999
2.7205848725857513,0.3309240109856419,-3.247920105431726,1.206748588172248,-1.7849063650451948,0.209050663827091,2.3968986121369333,0.24853493888756095,1.3388056742023242,-1.276754860212186,1.4,1.2348666666666666
-6.758961849554684,-0.5246982573545301,-1.5638567115391466,2.8976085231893984,-1.7723877137710127,2.868757901294599,-0.018698534546214444,-1.3416142990229274,-1.333794061258548,-2.2240330611720984,3.5900000000000003,2.1591235294117648
6.683000475830045,1.0081688825988788,-4.661441959933413,-4.1835211842879705,1.0475624484531905,3.4739241280904647,-1.9522556777645697,0.8385005180054452,-2.0213784054971717,0.03532726891718038,1.4,1.4
6.67389666076987,1.4320559995924853,-4.61155243573311,-4.267363687524799,1.2130312099110827,3.362460646079049,-1.961805538360134,0.855676123785647,-2.1390337461689266,0.2742469044127483,1.4,1.4
11.642785041068876,-0.7075638411611411,-0.9956341239406904,3.9463516510409957,2.033761683575831,4.6451407817456545,0.7423531149774468,-6.182625797161492,-1.9662065660090313,-0.17254537076477142,1.4,1.4
7.065175069396895,-0.05610626436123413,-6.31082019725555,-3.0569552393188713,0.9269666608034282,3.1408527602427045,-1.6745718931870388,-1.0751673329211893,-2.301885510017089,-0.7526342797826615,1.4,1.4
2.375828484592604,-1.5412638099278164,-5.241952932817124,-0.36832146709676516,4.4809472405685185,0.8265737900027111,-3.858047980069995,-0.732871506706656,3.3217125470830027,0.7146745223631986,1.4,1.4
-3.6121557918965754,0.45305771685330487,-2.187655476475559,2.28277163797578,-2.810450966917524,0.3443335483630468,-1.9068987265277804,-2.7927607614924534,0.56041571846992,-1.304305765544473,1.35,0.3521999999999994
-3.7196151489631974,1.123750463046006,-2.1889413247658975,2.2187332339656556,-2.698125002466339,0.1481413535504665,-1.9332094465246419,-2.6413069644231073,0.3204122714350344,-0.9990905834206063,0.8249999999999997,0.037000000000000366
4.216196519604696,0.7436679308801041,-2.1512948831002534,0.24598941462434545,-3.8241604238756133,0.24395054363922142,0.9647529978219362,-0.9302752639006941,1.7901888895288762,-3.3347469607960507,1.4,1.4
4.020028282936923,0.4647524370107708,-2.932520518507014,-2.833948828046203,-0.6756226039068168,2.1550440084826077,-0.8483836454301625,0.413710272197619,2.3093255289834116,-2.129569564264683,1.4,1.4
0.2836169109112454,0.6793995346154136,-1.222999476859223,0.045976593655999105,-4.125355899698997,1.6908341672123024,0.5554383322989224,-1.404540829701849,0.8963140996981175,-3.7169459034545347,1.4,1.4
-0.7220566224362471,2.625782920537754,0.13553965371030005,0.2108716559854934,-4.578311057954688,2.7788742324939584,0.18426785740005588,-1.1428712784331787,1.642279181778923,-1.829765471017226,0.6000000000000001,1.069
-0.7677547877367169,3.2975632418209173,0.22685302942132757,0.21452497779193713,-4.467020876860913,2.6334296285844085,0.09747960784164601,-1.0176085971473074,1.4137990461626706,-1.4557297623321406,0.050000000000000044,1.0063
0.5987714351362885,0.01898864673684027,-5.251282555704665,3.3041300568143246,-1.3958492394381463,-1.8630057503533377,-0.5279928195269339,-0.808898395980704,1.4870951462437183,-1.7074993793076971,1.4,1.4
0.5128503752665499,-0.5608613735267627,-1.334614416725171,1.6406354679756552,-1.1754168482218414,-1.4950334784150738,1.1368980908659814,0.111018156735809,1.76933232599768,-2.923793363198035,1.4,1.4
3.272822753306829,0.6174218599971143,-1.2481773066823945,-0.23417269371474508,-4.135363170001308,0.6437725100493662,0.6697879832357071,-1.5621498465010653,1.4803064098310268,-3.065531445445047,1.4,1.4
-1.490770700705608,-2.398991699378763,-4.468546194245262,2.5192236202101714,-1.846161911097779,2.1164503150932954,0.0014835876914158694,-3.0004955281993975,-0.20612728027584695,-3.5708743114748116,1.4,1.4
-8.650443288800929,0.49927380331900933,-1.0443408560461198,2.521477704209399,-1.7381835031274113,2.861607841968563,-1.7342329634612883,-2.7401790291567245,-1.3930488859492924,-0.41223398354455304,1.4,1.4
11.687310286020049,-0.957164254847204,-1.6571506725342928,4.062386190752895,2.2860792736503956,5.306369245423622,0.7233247508317564,-6.981935441396069,-1.9990052719157385,-0.23870275959932039,1.4,1.4
