benchmark,model,seed,final_regret_vm,final_regret_slurm,auc_vm,auc_slurm,final_equal,auc_equal
Matbench-Gap,PseudoLabeling,42,0.1,0.1,0.6221238938053084,0.6221238938053084,True,True
Matbench-Gap,PseudoLabeling,43,0.1500000000000001,0.1500000000000001,0.1500000000000001,0.1500000000000001,True,True
Matbench-Gap,PseudoLabeling,44,0.1500000000000001,0.1500000000000001,0.3933628318584061,0.3933628318584061,True,True
Matbench-Gap,PseudoLabeling,45,0.07,0.07,0.6584955752212366,0.6584955752212366,True,True
Matbench-Gap,PseudoLabeling,46,0.1,0.1,0.2929203539822996,0.2929203539822996,True,True
Matbench-Gap,PseudoLabeling,52,0.0,0.0,0.5014749262536852,0.5014749262536852,True,True
Matbench-Gap,PseudoLabeling,53,0.1,0.1,0.4746312684365759,0.4746312684365759,True,True
Matbench-Gap,PseudoLabeling,54,0.01,0.01,0.2380235988200574,0.2380235988200574,True,True
Matbench-Gap,PseudoLabeling,55,0.1,0.1,0.3212389380530959,0.3212389380530959,True,True
Matbench-Gap,PseudoLabeling,56,0.1,0.1,0.2480825958702055,0.2480825958702055,True,True
Branin-Unfav,DNGOJoint,42,0.0681981043913921,0.0681981043913921,1.381802464226627,1.381802464226627,True,True
Branin-Unfav,DNGOJoint,43,0.00241426425751,0.00241426425751,0.97348072434579,0.97348072434579,True,True
Branin-Unfav,DNGOJoint,44,4.732798348360704,4.732798348360704,5.1236537602458405,5.1236537602458405,True,True
Branin-Unfav,DNGOJoint,45,0.00241426425751,0.00241426425751,6.276138541688206,6.276138541688206,True,True
Branin-Unfav,DNGOJoint,46,0.0457697300888585,0.0457697300888585,1.453216918688909,1.453216918688909,True,True
FreeSolv,DNGOGradient,47,0.0,0.0,0.3564977973568256,0.3564977973568256,True,True
FreeSolv,DNGOGradient,48,0.0,0.0,0.3578193832599093,0.3578193832599093,True,True
FreeSolv,DNGOGradient,49,0.0,0.0,0.2174008810572671,0.2174008810572671,True,True
FreeSolv,DNGOGradient,50,0.0,0.0,0.5200440528634322,0.5200440528634322,True,True
FreeSolv,DNGOGradient,51,0.0,0.0,0.2292951541850204,0.2292951541850204,True,True
Matbench-Gap,Adapter,47,0.24,0.24,0.498407079646016,0.498407079646016,True,True
Matbench-Gap,Adapter,48,0.07,0.07,0.5405014749262514,0.5405014749262514,True,True
Matbench-Gap,Adapter,49,0.1,0.1,0.1743362831858403,0.1743362831858403,True,True
Matbench-Gap,Adapter,50,0.1,0.1,0.2150442477876098,0.2150442477876098,True,True
Matbench-Gap,Adapter,51,0.1,0.1,0.1943952802359875,0.1943952802359875,True,True
Matbench-Gap,DNGOGradient,57,0.07,0.07,0.3835693215339213,0.3835693215339213,True,True
Matbench-Gap,DNGOGradient,58,0.01,0.01,0.1754867256637159,0.1754867256637159,True,True
Matbench-Gap,DNGOGradient,59,0.2999999999999998,0.2999999999999998,0.5176991150442473,0.5176991150442473,True,True
Matbench-Gap,DNGOGradient,60,0.02,0.02,0.1344542772861352,0.1344542772861352,True,True
Matbench-Gap,DNGOGradient,61,0.4000000000000001,0.4000000000000001,0.5873156342182885,0.5873156342182885,True,True
Park-Unfav,DNGOGradient,52,0.0,0.0,0.207885414672841,0.207885414672841,True,True
Park-Unfav,DNGOGradient,53,0.0,0.0,0.0298729046370556,0.0298729046370556,True,True
Park-Unfav,DNGOGradient,54,0.0,0.0,5.149418173699922e-09,5.149418173699922e-09,True,True
Park-Unfav,DNGOGradient,55,0.0,0.0,0.3584547438918968,0.3584547438918968,True,True
Park-Unfav,DNGOGradient,56,0.0,0.0,0.2078854199497589,0.2078854199497589,True,True
Matbench-Gap,KnowledgeDistillation,57,0.6000000000000001,0.6000000000000001,1.0106194690265475,1.0106194690265475,True,True
Matbench-Gap,KnowledgeDistillation,58,0.01,0.01,0.2380235988200574,0.2380235988200574,True,True
Matbench-Gap,KnowledgeDistillation,59,0.2999999999999998,0.2999999999999998,0.5672566371681399,0.5672566371681399,True,True
Matbench-Gap,KnowledgeDistillation,60,0.1,0.1,0.1601769911504421,0.1601769911504421,True,True
Matbench-Gap,KnowledgeDistillation,61,0.0,0.0,0.4044247787610615,0.4044247787610615,True,True
Branin-Fav,Curriculum,47,0.00241426425751,0.00241426425751,1.5903144126391435,1.5903144126391435,True,True
Branin-Fav,Curriculum,48,0.1534502254535983,0.1534502254535983,3.180881084896241,3.180881084896241,True,True
Branin-Fav,Curriculum,49,0.4078043888879996,0.4078043888879996,2.9863373459857465,2.9863373459857465,True,True
Branin-Fav,Curriculum,50,0.1388635850122277,0.1388635850122277,4.105516059251366,4.105516059251366,True,True
Branin-Fav,Curriculum,51,0.1388635850122277,0.1388635850122277,0.9949442120911468,0.9949442120911468,True,True
HOPV15,KnowledgeDistillation,52,3.499999999999999,3.499999999999999,3.4999999999999987,3.4999999999999987,True,True
HOPV15,KnowledgeDistillation,53,0.0,0.0,3.723295454545445,3.723295454545445,True,True
HOPV15,KnowledgeDistillation,54,0.0,0.0,4.114962121212118,4.114962121212118,True,True
HOPV15,KnowledgeDistillation,55,3.9,3.9,5.24488636363636,5.24488636363636,True,True
HOPV15,KnowledgeDistillation,56,0.0,0.0,0.3488636363636349,0.3488636363636349,True,True
Branin-Fav,Curriculum,57,0.1388635850122277,0.1388635850122277,0.3143375985296913,0.3143375985296913,True,True
Branin-Fav,Curriculum,58,1.0472265956176212,1.0472265956176212,3.3560810181460456,3.3560810181460456,True,True
Branin-Fav,Curriculum,59,0.4078043888879996,0.4078043888879996,4.835514456862752,4.835514456862752,True,True
Branin-Fav,Curriculum,60,0.0681981043913921,0.0681981043913921,2.6869272008653784,2.6869272008653784,True,True
Branin-Fav,Curriculum,61,0.1388635850122277,0.1388635850122277,1.7422784014964765,1.7422784014964765,True,True
Branin-Unfav,DNGOGradient,52,3.184115231995301,3.184115231995301,3.184115231995301,3.184115231995301,True,True
Branin-Unfav,DNGOGradient,53,5.396536248624538,5.396536248624538,5.708904161615584,5.708904161615584,True,True
Branin-Unfav,DNGOGradient,54,0.0681981043913921,0.0681981043913921,1.3740017887399785,1.3740017887399785,True,True
Branin-Unfav,DNGOGradient,55,4.142842528648427,4.142842528648427,6.027838678520424,6.027838678520424,True,True
Branin-Unfav,DNGOGradient,56,0.0681981043913921,0.0681981043913921,1.410209144797641,1.410209144797641,True,True
FreeSolv,DomainAdaptationMMD,47,0.0,0.0,0.3089207048458127,0.3089207048458127,True,True
FreeSolv,DomainAdaptationMMD,48,0.0,0.0,0.2970264317180595,0.2970264317180595,True,True
FreeSolv,DomainAdaptationMMD,49,0.0,0.0,0.2174008810572671,0.2174008810572671,True,True
FreeSolv,DomainAdaptationMMD,50,0.0,0.0,0.5081497797356791,0.5081497797356791,True,True
FreeSolv,DomainAdaptationMMD,51,0.0,0.0,0.2174008810572671,0.2174008810572671,True,True
Park-Unfav,Adapter,47,0.0,0.0,0.0,0.0,True,True
Park-Unfav,Adapter,48,0.0,0.0,0.2078854369920276,0.2078854369920276,True,True
Park-Unfav,Adapter,49,0.0,0.0,0.1792273714969068,0.1792273714969068,True,True
Park-Unfav,Adapter,50,0.0,0.0,0.0,0.0,True,True
Park-Unfav,Adapter,51,0.0,0.0,9.897682423898942e-09,9.897682423898942e-09,True,True
FreeSolv,PseudoLabeling,52,0.0,0.0,0.5408590308370005,0.5408590308370005,True,True
FreeSolv,PseudoLabeling,53,0.0,0.0,0.345925110132156,0.345925110132156,True,True
FreeSolv,PseudoLabeling,54,0.0,0.0,0.0165198237885461,0.0165198237885461,True,True
FreeSolv,PseudoLabeling,55,0.0,0.0,0.0165198237885461,0.0165198237885461,True,True
FreeSolv,PseudoLabeling,56,0.0,0.0,0.294713656387663,0.294713656387663,True,True
Matbench-Gap,DomainAdaptationMMD,47,0.1,0.1,0.5973451327433614,0.5973451327433614,True,True
Matbench-Gap,DomainAdaptationMMD,48,0.3999999999999999,0.3999999999999999,0.8188790560471966,0.8188790560471966,True,True
Matbench-Gap,DomainAdaptationMMD,49,0.7800000000000002,0.7800000000000002,0.7800000000000004,0.7800000000000004,True,True
Matbench-Gap,DomainAdaptationMMD,50,0.1,0.1,0.2386430678466067,0.2386430678466067,True,True
Matbench-Gap,DomainAdaptationMMD,51,0.1,0.1,0.3595870206489659,0.3595870206489659,True,True
Polarizability,Progressive,57,0.0,0.0,0.0277071767935957,0.0277071767935957,True,True
Polarizability,Progressive,58,0.0,0.0,0.0307803886214567,0.0307803886214567,True,True
Polarizability,Progressive,59,0.0,0.0,0.026387787422472,0.026387787422472,True,True
Polarizability,Progressive,60,0.0,0.0,0.006419955598516,0.006419955598516,True,True
Polarizability,Progressive,61,0.0,0.0,0.026387787422472,0.026387787422472,True,True
Branin-Unfav,Adapter,47,2.3273694998934467,2.3273694998934467,4.868939246067839,4.868939246067839,True,True
Branin-Unfav,Adapter,48,3.446942981778651,3.446942981778651,4.204809518155727,4.204809518155727,True,True
Branin-Unfav,Adapter,49,4.142842528648427,4.142842528648427,4.713030491544814,4.713030491544814,True,True
Branin-Unfav,Adapter,50,0.4927618041684987,0.4927618041684987,1.271289232568385,1.271289232568385,True,True
Branin-Unfav,Adapter,51,4.056300340445636,4.056300340445636,5.577652680914993,5.577652680914993,True,True
HOPV15,SoftParameterSharing,42,4.699999999999999,4.699999999999999,5.269507575757574,5.269507575757574,True,True
HOPV15,SoftParameterSharing,43,0.0,0.0,2.7149621212121104,2.7149621212121104,True,True
HOPV15,SoftParameterSharing,44,0.0,0.0,1.842613636363628,1.842613636363628,True,True
HOPV15,SoftParameterSharing,45,4.699999999999999,4.699999999999999,5.19337121212121,5.19337121212121,True,True
HOPV15,SoftParameterSharing,46,3.499999999999999,3.499999999999999,4.297727272727268,4.297727272727268,True,True
Park-Unfav,TwoStageJoint,42,0.0,0.0,3.8906202903259566e-08,3.8906202903259566e-08,True,True
Park-Unfav,TwoStageJoint,43,0.0,0.0,0.4381157486740898,0.4381157486740898,True,True
Park-Unfav,TwoStageJoint,44,0.0,0.0,0.3883298187766263,0.3883298187766263,True,True
Park-Unfav,TwoStageJoint,45,0.0,0.0,0.0896146570595293,0.0896146570595293,True,True
Park-Unfav,TwoStageJoint,46,0.0,0.0,0.3749382604384454,0.3749382604384454,True,True
Branin-Fav,DNGOJoint,52,0.0681981043913921,0.0681981043913921,3.3037581705208834,3.3037581705208834,True,True
Branin-Fav,DNGOJoint,53,0.00241426425751,0.00241426425751,1.9380343493712868,1.9380343493712868,True,True
Branin-Fav,DNGOJoint,54,0.00241426425751,0.00241426425751,2.2685044364362,2.2685044364362,True,True
Branin-Fav,DNGOJoint,55,0.1534502254535983,0.1534502254535983,3.476901220351864,3.476901220351864,True,True
Branin-Fav,DNGOJoint,56,0.230368583809307,0.230368583809307,2.683139148208246,2.683139148208246,True,True
COFs,DomainAdaptationMMD,52,0.0,0.0,1.1439653935431535,1.1439653935431535,True,True
COFs,DomainAdaptationMMD,53,0.0,0.0,1.097201847631688,1.097201847631688,True,True
COFs,DomainAdaptationMMD,54,0.0,0.0,0.8753151203283781,0.8753151203283781,True,True
COFs,DomainAdaptationMMD,55,0.0,0.0,1.3505041730279774,1.3505041730279774,True,True
COFs,DomainAdaptationMMD,56,0.0,0.0,0.5409837246724751,0.5409837246724751,True,True
HOPV15,DomainAdaptationMMD,42,0.0,0.0,3.594128787878779,3.594128787878779,True,True
HOPV15,DomainAdaptationMMD,43,3.499999999999999,3.499999999999999,4.838068181818177,4.838068181818177,True,True
HOPV15,DomainAdaptationMMD,44,3.9,3.9,4.667992424242422,4.667992424242422,True,True
HOPV15,DomainAdaptationMMD,45,3.499999999999999,3.499999999999999,5.022916666666662,5.022916666666662,True,True
HOPV15,DomainAdaptationMMD,46,0.0,0.0,3.3094696969696886,3.3094696969696886,True,True
Branin-Fav,DNGOGradient,52,0.0681981043913921,0.0681981043913921,1.0838565667247249,1.0838565667247249,True,True
Branin-Fav,DNGOGradient,53,0.00241426425751,0.00241426425751,1.9970594396638888,1.9970594396638888,True,True
Branin-Fav,DNGOGradient,54,0.0681981043913921,0.0681981043913921,2.5828532272986493,2.5828532272986493,True,True
Branin-Fav,DNGOGradient,55,0.1388635850122277,0.1388635850122277,2.8118778157240607,2.8118778157240607,True,True
Branin-Fav,DNGOGradient,56,0.00241426425751,0.00241426425751,0.6432490029838543,0.6432490029838543,True,True
COFs,Adapter,47,0.0,0.0,1.1479171809801008,1.1479171809801008,True,True
COFs,Adapter,48,0.0,0.0,1.26964368443862,1.26964368443862,True,True
COFs,Adapter,49,0.0,0.0,1.0493764900585518,1.0493764900585518,True,True
COFs,Adapter,50,0.0,0.0,0.4970460408041308,0.4970460408041308,True,True
COFs,Adapter,51,0.0,0.0,1.3447393932042504,1.3447393932042504,True,True
FreeSolv,SoftParameterSharing,47,0.0,0.0,0.3446035242290723,0.3446035242290723,True,True
FreeSolv,SoftParameterSharing,48,0.0,0.0,0.3564977973568256,0.3564977973568256,True,True
FreeSolv,SoftParameterSharing,49,0.0,0.0,0.26497797356828,0.26497797356828,True,True
FreeSolv,SoftParameterSharing,50,0.0,0.0,0.5200440528634322,0.5200440528634322,True,True
FreeSolv,SoftParameterSharing,51,0.0,0.0,0.2292951541850204,0.2292951541850204,True,True
Branin-Fav,SoftParameterSharing,52,1.1039132572873882,1.1039132572873882,3.239365523013875,3.239365523013875,True,True
Branin-Fav,SoftParameterSharing,53,0.0681981043913921,0.0681981043913921,4.461715143228587,4.461715143228587,True,True
Branin-Fav,SoftParameterSharing,54,0.0681981043913921,0.0681981043913921,3.033639534445132,3.033639534445132,True,True
Branin-Fav,SoftParameterSharing,55,0.0681981043913921,0.0681981043913921,2.0843156211416027,2.0843156211416027,True,True
Branin-Fav,SoftParameterSharing,56,0.0681981043913921,0.0681981043913921,1.142898541652436,1.142898541652436,True,True
Matbench-Gap,SoftParameterSharing,52,0.2000000000000001,0.2000000000000001,0.5893805309734489,0.5893805309734489,True,True
Matbench-Gap,SoftParameterSharing,53,0.02,0.02,0.36867256637168,0.36867256637168,True,True
Matbench-Gap,SoftParameterSharing,54,0.01,0.01,0.3430383480825937,0.3430383480825937,True,True
Matbench-Gap,SoftParameterSharing,55,0.1,0.1,0.3566371681415916,0.3566371681415916,True,True
Matbench-Gap,SoftParameterSharing,56,0.1,0.1,0.3141592920353974,0.3141592920353974,True,True
Park-Fav,DNGOGradient,57,0.0,0.0,0.083050690368565,0.083050690368565,True,True
Park-Fav,DNGOGradient,58,0.0,0.0,0.1551917375544811,0.1551917375544811,True,True
Park-Fav,DNGOGradient,59,0.0,0.0,0.2555072593771005,0.2555072593771005,True,True
Park-Fav,DNGOGradient,60,0.0,0.0,0.0830510534533552,0.0830510534533552,True,True
Park-Fav,DNGOGradient,61,0.0,0.0,0.2472837316402896,0.2472837316402896,True,True
HOPV15,KnowledgeDistillation,47,3.499999999999999,3.499999999999999,4.145454545454541,4.145454545454541,True,True
HOPV15,KnowledgeDistillation,48,0.0,0.0,3.62102272727272,3.62102272727272,True,True
HOPV15,KnowledgeDistillation,49,3.499999999999999,3.499999999999999,4.074053030303027,4.074053030303027,True,True
HOPV15,KnowledgeDistillation,50,0.0,0.0,4.096969696969691,4.096969696969691,True,True
HOPV15,KnowledgeDistillation,51,0.0,0.0,0.994318181818177,0.994318181818177,True,True
Branin-Fav,SoftParameterSharing,42,0.0681981043913921,0.0681981043913921,0.8643664215496435,0.8643664215496435,True,True
Branin-Fav,SoftParameterSharing,43,0.0681981043913921,0.0681981043913921,1.3908716212419885,1.3908716212419885,True,True
Branin-Fav,SoftParameterSharing,44,0.8424602688694769,0.8424602688694769,3.501121567312587,3.501121567312587,True,True
Branin-Fav,SoftParameterSharing,45,0.6621478693184315,0.6621478693184315,3.925323529995601,3.925323529995601,True,True
Branin-Fav,SoftParameterSharing,46,0.1388635850122277,0.1388635850122277,2.487620336876427,2.487620336876427,True,True
Park-Fav,TwoStageJoint,57,0.0,0.0,0.0830506893512077,0.0830506893512077,True,True
Park-Fav,TwoStageJoint,58,0.0,0.0,0.1551917278341743,0.1551917278341743,True,True
Park-Fav,TwoStageJoint,59,0.0,0.0,0.2555072432020133,0.2555072432020133,True,True
Park-Fav,TwoStageJoint,60,0.0,0.0,0.0830510448139631,0.0830510448139631,True,True
Park-Fav,TwoStageJoint,61,0.0,0.0,0.247283713070416,0.247283713070416,True,True
Matbench-Gap,DNGOGradient,47,0.1899999999999999,0.1899999999999999,0.3489970501474916,0.3489970501474916,True,True
Matbench-Gap,DNGOGradient,48,0.24,0.24,0.5574041297935083,0.5574041297935083,True,True
Matbench-Gap,DNGOGradient,49,0.7200000000000002,0.7200000000000002,0.76070796460177,0.76070796460177,True,True
Matbench-Gap,DNGOGradient,50,0.1,0.1,0.2150442477876098,0.2150442477876098,True,True
Matbench-Gap,DNGOGradient,51,0.1899999999999999,0.1899999999999999,0.3023893805309728,0.3023893805309728,True,True
COFs,Progressive,47,0.0,0.0,1.4578701884598562,1.4578701884598562,True,True
COFs,Progressive,48,0.0,0.0,1.6622447714897703,1.6622447714897703,True,True
COFs,Progressive,49,0.0,0.0,1.7719876161128514,1.7719876161128514,True,True
COFs,Progressive,50,0.0,0.0,0.7476604527341034,0.7476604527341034,True,True
COFs,Progressive,51,0.0,0.0,1.827934263640094,1.827934263640094,True,True
Park-Fav,TwoStageJoint,52,0.0,0.0,0.2555072424081389,0.2555072424081389,True,True
Park-Fav,TwoStageJoint,53,0.0,0.0,0.1551917272946391,0.1551917272946391,True,True
Park-Fav,TwoStageJoint,54,0.0,0.0,0.2472837122765415,0.2472837122765415,True,True
Park-Fav,TwoStageJoint,55,0.0,0.0,0.0830510446867934,0.0830510446867934,True,True
Park-Fav,TwoStageJoint,56,0.0,0.0,4.318939174287674e-09,4.318939174287674e-09,True,True
COFs,PseudoLabeling,52,0.0,0.0,1.1439653935431535,1.1439653935431535,True,True
COFs,PseudoLabeling,53,0.0,0.0,1.2101976424937195,1.2101976424937195,True,True
COFs,PseudoLabeling,54,0.0,0.0,1.0325764061641247,1.0325764061641247,True,True
COFs,PseudoLabeling,55,0.0,0.0,1.3776417730018946,1.3776417730018946,True,True
COFs,PseudoLabeling,56,0.0,0.0,0.5513212407519649,0.5513212407519649,True,True
Branin-Fav,Adapter,52,0.1534502254535983,0.1534502254535983,4.078910635271335,4.078910635271335,True,True
Branin-Fav,Adapter,53,0.0681981043913921,0.0681981043913921,3.186614070407219,3.186614070407219,True,True
Branin-Fav,Adapter,54,0.1388635850122277,0.1388635850122277,2.533649594903414,2.533649594903414,True,True
Branin-Fav,Adapter,55,0.00241426425751,0.00241426425751,1.99804316369934,1.99804316369934,True,True
Branin-Fav,Adapter,56,0.00241426425751,0.00241426425751,0.3414673682055339,0.3414673682055339,True,True
Branin-Unfav,SoftParameterSharing,52,1.8455384964431327,1.8455384964431327,2.5368913159041435,2.5368913159041435,True,True
Branin-Unfav,SoftParameterSharing,53,4.142842528648427,4.142842528648427,5.187331398540288,5.187331398540288,True,True
Branin-Unfav,SoftParameterSharing,54,0.946471023136306,0.946471023136306,2.766307696739396,2.766307696739396,True,True
Branin-Unfav,SoftParameterSharing,55,4.142842528648427,4.142842528648427,5.805829932722193,5.805829932722193,True,True
Branin-Unfav,SoftParameterSharing,56,0.230368583809307,0.230368583809307,4.064153616522785,4.064153616522785,True,True
Park-Fav,Progressive,42,0.0,0.0,0.1574726396445791,0.1574726396445791,True,True
Park-Fav,Progressive,43,0.0,0.0,0.1111219969613363,0.1111219969613363,True,True
Park-Fav,Progressive,44,0.0,0.0,0.1574726387762103,0.1574726387762103,True,True
Park-Fav,Progressive,45,0.0,0.0,0.0830501384360817,0.0830501384360817,True,True
Park-Fav,Progressive,46,0.0,0.0,0.1761528163192759,0.1761528163192759,True,True
Branin-Fav,Progressive,42,3.706445880437144,3.706445880437144,9.085177607920691,9.085177607920691,True,True
Branin-Fav,Progressive,43,3.706445880437144,3.706445880437144,7.41097339753143,7.41097339753143,True,True
Branin-Fav,Progressive,44,1.0543864232372633,1.0543864232372633,4.035217476217172,4.035217476217172,True,True
Branin-Fav,Progressive,45,2.549709755840878,2.549709755840878,6.117932546958475,6.117932546958475,True,True
Branin-Fav,Progressive,46,0.0681981043913921,0.0681981043913921,2.585257337189729,2.585257337189729,True,True
COFs,Progressive,52,0.0,0.0,1.366622698725124,1.366622698725124,True,True
COFs,Progressive,53,0.0,0.0,1.1507348777185629,1.1507348777185629,True,True
COFs,Progressive,54,0.0,0.0,1.6685871674693515,1.6685871674693515,True,True
COFs,Progressive,55,0.0,0.0,1.7522862435420703,1.7522862435420703,True,True
COFs,Progressive,56,0.0,0.0,0.6491197618125547,0.6491197618125547,True,True
Matbench-Gap,DomainAdaptationMMD,42,0.2999999999999998,0.2999999999999998,0.7513274336283176,0.7513274336283176,True,True
Matbench-Gap,DomainAdaptationMMD,43,0.01,0.01,0.071946902654867,0.071946902654867,True,True
Matbench-Gap,DomainAdaptationMMD,44,0.02,0.02,0.2441887905604706,0.2441887905604706,True,True
Matbench-Gap,DomainAdaptationMMD,45,0.0999999999999998,0.0999999999999998,0.7519174041297915,0.7519174041297915,True,True
Matbench-Gap,DomainAdaptationMMD,46,0.1,0.1,0.6138643067846584,0.6138643067846584,True,True
Matbench-Gap,TwoStageJoint,42,0.0,0.0,0.2418879056047186,0.2418879056047186,True,True
Matbench-Gap,TwoStageJoint,43,0.1500000000000001,0.1500000000000001,0.1500000000000001,0.1500000000000001,True,True
Matbench-Gap,TwoStageJoint,44,0.1,0.1,0.3005899705014738,0.3005899705014738,True,True
Matbench-Gap,TwoStageJoint,45,0.4000000000000001,0.4000000000000001,0.842477876106193,0.842477876106193,True,True
Matbench-Gap,TwoStageJoint,46,0.0,0.0,0.2064896755162232,0.2064896755162232,True,True
Branin-Fav,Sequential,47,0.00241426425751,0.00241426425751,1.7326446979025547,1.7326446979025547,True,True
Branin-Fav,Sequential,48,0.1534502254535983,0.1534502254535983,3.180881084896241,3.180881084896241,True,True
Branin-Fav,Sequential,49,0.4078043888879996,0.4078043888879996,2.9863373459857465,2.9863373459857465,True,True
Branin-Fav,Sequential,50,0.1534502254535983,0.1534502254535983,4.13509016712951,4.13509016712951,True,True
Branin-Fav,Sequential,51,0.1534502254535983,0.1534502254535983,0.9974824160446012,0.9974824160446012,True,True
Branin-Fav,DomainAdaptationMMD,57,0.1534502254535983,0.1534502254535983,0.3991027792549014,0.3991027792549014,True,True
Branin-Fav,DomainAdaptationMMD,58,0.4078043888879996,0.4078043888879996,3.239106483120449,3.239106483120449,True,True
Branin-Fav,DomainAdaptationMMD,59,0.4078043888879996,0.4078043888879996,4.497749929435499,4.497749929435499,True,True
Branin-Fav,DomainAdaptationMMD,60,0.1388635850122277,0.1388635850122277,2.937198239488807,2.937198239488807,True,True
Branin-Fav,DomainAdaptationMMD,61,0.2639537746364127,0.2639537746364127,1.8998989174887968,1.8998989174887968,True,True
Branin-Unfav,PseudoLabeling,52,3.184115231995301,3.184115231995301,3.184115231995301,3.184115231995301,True,True
Branin-Unfav,PseudoLabeling,53,5.396536248624538,5.396536248624538,5.526002301814821,5.526002301814821,True,True
Branin-Unfav,PseudoLabeling,54,0.230368583809307,0.230368583809307,2.5593471911348336,2.5593471911348336,True,True
Branin-Unfav,PseudoLabeling,55,4.142842528648427,4.142842528648427,6.182846128472632,6.182846128472632,True,True
Branin-Unfav,PseudoLabeling,56,0.1464807059646879,0.1464807059646879,1.2335676451376325,1.2335676451376325,True,True
Park-Unfav,PseudoLabeling,57,0.0,0.0,0.0896136914912742,0.0896136914912742,True,True
Park-Unfav,PseudoLabeling,58,0.0,0.0,2.3083722717335915e-08,2.3083722717335915e-08,True,True
Park-Unfav,PseudoLabeling,59,0.0,0.0,0.3584547430254365,0.3584547430254365,True,True
Park-Unfav,PseudoLabeling,60,0.0,0.0,0.4779436493574781,0.4779436493574781,True,True
Park-Unfav,PseudoLabeling,61,0.0,0.0,0.0,0.0,True,True
Matbench-Gap,SoftParameterSharing,57,0.2000000000000001,0.2000000000000001,0.7380530973451315,0.7380530973451315,True,True
Matbench-Gap,SoftParameterSharing,58,0.01,0.01,0.1861061946902646,0.1861061946902646,True,True
Matbench-Gap,SoftParameterSharing,59,0.0299999999999998,0.0299999999999998,0.3801474926253668,0.3801474926253668,True,True
Matbench-Gap,SoftParameterSharing,60,0.4000000000000001,0.4000000000000001,0.5233038348082589,0.5233038348082589,True,True
Matbench-Gap,SoftParameterSharing,61,0.6000000000000001,0.6000000000000001,0.769616519174041,0.769616519174041,True,True
Park-Fav,KnowledgeDistillation,57,0.0,0.0,0.0830507115365697,0.0830507115365697,True,True
Park-Fav,KnowledgeDistillation,58,0.0,0.0,0.1551917470545028,0.1551917470545028,True,True
Park-Fav,KnowledgeDistillation,59,0.0,0.0,0.2555072534419534,0.2555072534419534,True,True
Park-Fav,KnowledgeDistillation,60,0.0,0.0,0.0830510584684067,0.0830510584684067,True,True
Park-Fav,KnowledgeDistillation,61,0.0,0.0,0.2472837186303502,0.2472837186303502,True,True
Park-Unfav,Curriculum,42,0.0,0.0,3.90261157051304e-08,3.90261157051304e-08,True,True
Park-Unfav,Curriculum,43,0.0,0.0,0.3584547450306969,0.3584547450306969,True,True
Park-Unfav,Curriculum,44,0.0,0.0,0.2688427080592081,0.2688427080592081,True,True
Park-Unfav,Curriculum,45,0.0,0.0,0.0896146490269751,0.0896146490269751,True,True
Park-Unfav,Curriculum,46,0.0,0.0,0.3749382612831348,0.3749382612831348,True,True
Branin-Unfav,KnowledgeDistillation,52,3.184115231995301,3.184115231995301,3.184115231995301,3.184115231995301,True,True
Branin-Unfav,KnowledgeDistillation,53,5.396536248624538,5.396536248624538,5.526002301814821,5.526002301814821,True,True
Branin-Unfav,KnowledgeDistillation,54,0.230368583809307,0.230368583809307,2.5593471911348336,2.5593471911348336,True,True
Branin-Unfav,KnowledgeDistillation,55,4.142842528648427,4.142842528648427,6.182846128472632,6.182846128472632,True,True
Branin-Unfav,KnowledgeDistillation,56,0.1464807059646879,0.1464807059646879,1.2335676451376325,1.2335676451376325,True,True
Park-Unfav,DNGOJoint,47,0.0,0.0,0.0,0.0,True,True
Park-Unfav,DNGOJoint,48,0.0,0.0,0.2078854271443563,0.2078854271443563,True,True
Park-Unfav,DNGOJoint,49,0.0,0.0,0.179227371623797,0.179227371623797,True,True
Park-Unfav,DNGOJoint,50,0.0,0.0,0.0,0.0,True,True
Park-Unfav,DNGOJoint,51,0.0,0.0,9.956572356006936e-09,9.956572356006936e-09,True,True
Park-Fav,Sequential,57,0.0,0.0,0.0830507115365697,0.0830507115365697,True,True
Park-Fav,Sequential,58,0.0,0.0,0.1551917470545028,0.1551917470545028,True,True
Park-Fav,Sequential,59,0.0,0.0,0.2555072534419534,0.2555072534419534,True,True
Park-Fav,Sequential,60,0.0,0.0,0.0830510588371345,0.0830510588371345,True,True
Park-Fav,Sequential,61,0.0,0.0,0.2472837186303502,0.2472837186303502,True,True
Branin-Unfav,Adapter,42,0.3969509731715899,0.3969509731715899,1.4592255038652424,1.4592255038652424,True,True
Branin-Unfav,Adapter,43,1.9550003886074323,1.9550003886074323,6.191471931786864,6.191471931786864,True,True
Branin-Unfav,Adapter,44,2.845455061853058,2.845455061853058,3.547411015470225,3.547411015470225,True,True
Branin-Unfav,Adapter,45,0.00241426425751,0.00241426425751,4.1703072066688485,4.1703072066688485,True,True
Branin-Unfav,Adapter,46,0.2765471034587321,0.2765471034587321,1.125801359263625,1.125801359263625,True,True
Branin-Fav,DNGOGradient,57,0.0681981043913921,0.0681981043913921,0.2450348455544518,0.2450348455544518,True,True
Branin-Fav,DNGOGradient,58,0.1534502254535983,0.1534502254535983,3.324734384189498,3.324734384189498,True,True
Branin-Fav,DNGOGradient,59,0.3408828159960926,0.3408828159960926,4.554919453359803,4.554919453359803,True,True
Branin-Fav,DNGOGradient,60,0.0681981043913921,0.0681981043913921,2.5437726207421534,2.5437726207421534,True,True
Branin-Fav,DNGOGradient,61,0.00241426425751,0.00241426425751,0.8217552785658258,0.8217552785658258,True,True
Park-Unfav,TwoStageJoint,52,0.0,0.0,0.2078854193023247,0.2078854193023247,True,True
Park-Unfav,TwoStageJoint,53,0.0,0.0,0.0298729038780453,0.0298729038780453,True,True
Park-Unfav,TwoStageJoint,54,0.0,0.0,4.895637836863494e-09,4.895637836863494e-09,True,True
Park-Unfav,TwoStageJoint,55,0.0,0.0,0.3584547441302365,0.3584547441302365,True,True
Park-Unfav,TwoStageJoint,56,0.0,0.0,0.2078854374967998,0.2078854374967998,True,True
HOPV15,KnowledgeDistillation,57,0.0,0.0,2.615719696969685,2.615719696969685,True,True
HOPV15,KnowledgeDistillation,58,3.9,3.9,4.224810606060606,4.224810606060606,True,True
HOPV15,KnowledgeDistillation,59,0.0,0.0,1.880492424242416,1.880492424242416,True,True
HOPV15,KnowledgeDistillation,60,0.0,0.0,5.217992424242418,5.217992424242418,True,True
HOPV15,KnowledgeDistillation,61,3.499999999999999,3.499999999999999,4.460795454545451,4.460795454545451,True,True
Matbench-Gap,DNGOJoint,47,0.01,0.01,0.3194395280235968,0.3194395280235968,True,True
Matbench-Gap,DNGOJoint,48,0.24,0.24,0.4630088495575207,0.4630088495575207,True,True
Matbench-Gap,DNGOJoint,49,0.5399999999999999,0.5399999999999999,0.7594690265486727,0.7594690265486727,True,True
Matbench-Gap,DNGOJoint,50,0.0,0.0,0.1828908554572262,0.1828908554572262,True,True
Matbench-Gap,DNGOJoint,51,0.1,0.1,0.1943952802359875,0.1943952802359875,True,True
COFs,DomainAdaptationMMD,57,0.0,0.0,1.1608490922129029,1.1608490922129029,True,True
COFs,DomainAdaptationMMD,58,0.0,0.0,0.8067506168641069,0.8067506168641069,True,True
COFs,DomainAdaptationMMD,59,0.0,0.0,0.4431852036118852,0.4431852036118852,True,True
COFs,DomainAdaptationMMD,60,0.0,0.0,0.4328476875323954,0.4328476875323954,True,True
COFs,DomainAdaptationMMD,61,0.0,0.0,1.3110705879289737,1.3110705879289737,True,True
COFs,PseudoLabeling,47,0.0,0.0,1.1582546970595906,1.1582546970595906,True,True
COFs,PseudoLabeling,48,0.0,0.0,1.133627877463664,1.133627877463664,True,True
COFs,PseudoLabeling,49,0.0,0.0,1.0325764061641247,1.0325764061641247,True,True
COFs,PseudoLabeling,50,0.0,0.0,0.486708524724641,0.486708524724641,True,True
COFs,PseudoLabeling,51,0.0,0.0,1.219061102308784,1.219061102308784,True,True
Polarizability,Progressive,47,0.0,0.0,0.0246178748514526,0.0246178748514526,True,True
Polarizability,Progressive,48,0.0,0.0,0.0,0.0,True,True
Polarizability,Progressive,49,0.0,0.0,0.026387787422472,0.026387787422472,True,True
Polarizability,Progressive,50,0.0,0.0,0.0280289790792355,0.0280289790792355,True,True
Polarizability,Progressive,51,0.0,0.0,0.0,0.0,True,True
Park-Unfav,DomainAdaptationMMD,47,0.0,0.0,0.0,0.0,True,True
Park-Unfav,DomainAdaptationMMD,48,0.0,0.0,0.2078854195050731,0.2078854195050731,True,True
Park-Unfav,DomainAdaptationMMD,49,0.0,0.0,0.1792273722363845,0.1792273722363845,True,True
Park-Unfav,DomainAdaptationMMD,50,0.0,0.0,0.0,0.0,True,True
Park-Unfav,DomainAdaptationMMD,51,0.0,0.0,2.382144876106568e-08,2.382144876106568e-08,True,True
Park-Unfav,Adapter,57,0.0,0.0,0.0896137004183557,0.0896137004183557,True,True
Park-Unfav,Adapter,58,0.0,0.0,2.3124053138908387e-08,2.3124053138908387e-08,True,True
Park-Unfav,Adapter,59,0.0,0.0,0.3584547430254365,0.3584547430254365,True,True
Park-Unfav,Adapter,60,0.0,0.0,0.3982848424141645,0.3982848424141645,True,True
Park-Unfav,Adapter,61,0.0,0.0,0.0,0.0,True,True
Park-Unfav,Sequential,57,0.0,0.0,0.0896136914912742,0.0896136914912742,True,True
Park-Unfav,Sequential,58,0.0,0.0,2.3083722717335915e-08,2.3083722717335915e-08,True,True
Park-Unfav,Sequential,59,0.0,0.0,0.3584547430254365,0.3584547430254365,True,True
Park-Unfav,Sequential,60,0.0,0.0,0.4779436493574781,0.4779436493574781,True,True
Park-Unfav,Sequential,61,0.0,0.0,0.0,0.0,True,True
HOPV15,Curriculum,57,0.0,0.0,2.615719696969685,2.615719696969685,True,True
HOPV15,Curriculum,58,3.9,3.9,4.224810606060606,4.224810606060606,True,True
HOPV15,Curriculum,59,0.0,0.0,1.880492424242416,1.880492424242416,True,True
HOPV15,Curriculum,60,0.0,0.0,5.217992424242418,5.217992424242418,True,True
HOPV15,Curriculum,61,3.499999999999999,3.499999999999999,4.460795454545451,4.460795454545451,True,True
Branin-Fav,KnowledgeDistillation,52,0.1534502254535983,0.1534502254535983,2.658253564158563,2.658253564158563,True,True
Branin-Fav,KnowledgeDistillation,53,0.3801927577659061,0.3801927577659061,2.931083776675885,2.931083776675885,True,True
Branin-Fav,KnowledgeDistillation,54,0.0681981043913921,0.0681981043913921,2.5547634027645847,2.5547634027645847,True,True
Branin-Fav,KnowledgeDistillation,55,0.230368583809307,0.230368583809307,4.070164774621301,4.070164774621301,True,True
Branin-Fav,KnowledgeDistillation,56,0.00241426425751,0.00241426425751,0.3791615524942236,0.3791615524942236,True,True
Branin-Unfav,Progressive,52,3.184115231995301,3.184115231995301,3.184115231995301,3.184115231995301,True,True
Branin-Unfav,Progressive,53,4.142842528648427,4.142842528648427,5.260851252334025,5.260851252334025,True,True
Branin-Unfav,Progressive,54,4.722805902881438,4.722805902881438,4.722805902881438,4.722805902881438,True,True
Branin-Unfav,Progressive,55,2.2784190502359443,2.2784190502359443,5.417453168920927,5.417453168920927,True,True
Branin-Unfav,Progressive,56,5.396536248624538,5.396536248624538,6.499742082126609,6.499742082126609,True,True
Park-Unfav,SoftParameterSharing,42,0.0,0.0,2.6645546683833567e-08,2.6645546683833567e-08,True,True
Park-Unfav,SoftParameterSharing,43,0.0,0.0,0.3584547443436865,0.3584547443436865,True,True
Park-Unfav,SoftParameterSharing,44,0.0,0.0,0.2688427066140679,0.2688427066140679,True,True
Park-Unfav,SoftParameterSharing,45,0.0,0.0,0.0896146549017192,0.0896146549017192,True,True
Park-Unfav,SoftParameterSharing,46,0.0,0.0,0.3749382612215574,0.3749382612215574,True,True
HOPV15,DNGOJoint,52,0.0,0.0,1.5246212121212048,1.5246212121212048,True,True
HOPV15,DNGOJoint,53,0.0,0.0,2.452840909090898,2.452840909090898,True,True
HOPV15,DNGOJoint,54,3.499999999999999,3.499999999999999,4.2342803030303,4.2342803030303,True,True
HOPV15,DNGOJoint,55,3.9,3.9,4.867613636363632,4.867613636363632,True,True
HOPV15,DNGOJoint,56,0.0,0.0,0.3488636363636349,0.3488636363636349,True,True
FreeSolv,Sequential,42,0.0,0.0,0.0089207048458149,0.0089207048458149,True,True
FreeSolv,Sequential,43,0.0,0.0,0.3288546255506585,0.3288546255506585,True,True
FreeSolv,Sequential,44,0.0,0.0,0.3095814977973545,0.3095814977973545,True,True
FreeSolv,Sequential,45,0.0,0.0,0.3089207048458127,0.3089207048458127,True,True
FreeSolv,Sequential,46,0.0,0.0,0.5240088105726833,0.5240088105726833,True,True
Park-Unfav,KnowledgeDistillation,52,0.0,0.0,0.2078854231969906,0.2078854231969906,True,True
Park-Unfav,KnowledgeDistillation,53,0.0,0.0,0.029872897270092,0.029872897270092,True,True
Park-Unfav,KnowledgeDistillation,54,0.0,0.0,5.149418173699922e-09,5.149418173699922e-09,True,True
Park-Unfav,KnowledgeDistillation,55,0.0,0.0,0.3584547439136677,0.3584547439136677,True,True
Park-Unfav,KnowledgeDistillation,56,0.0,0.0,0.2078854214511458,0.2078854214511458,True,True
Park-Fav,KnowledgeDistillation,52,0.0,0.0,0.2555072594986917,0.2555072594986917,True,True
Park-Fav,KnowledgeDistillation,53,0.0,0.0,0.1551917314183173,0.1551917314183173,True,True
Park-Fav,KnowledgeDistillation,54,0.0,0.0,0.2472837409091079,0.2472837409091079,True,True
Park-Fav,KnowledgeDistillation,55,0.0,0.0,0.0830510629835863,0.0830510629835863,True,True
Park-Fav,KnowledgeDistillation,56,0.0,0.0,1.5029633781751984e-08,1.5029633781751984e-08,True,True
Polarizability,DNGOJoint,47,0.0,0.0,0.0246178748514526,0.0246178748514526,True,True
Polarizability,DNGOJoint,48,0.0,0.0,0.0,0.0,True,True
Polarizability,DNGOJoint,49,0.0,0.0,0.026387787422472,0.026387787422472,True,True
Polarizability,DNGOJoint,50,0.0,0.0,0.0280289790792355,0.0280289790792355,True,True
Polarizability,DNGOJoint,51,0.0,0.0,0.0,0.0,True,True
Branin-Unfav,Progressive,42,6.016610503377997,6.016610503377997,6.016610503378,6.016610503378,True,True
Branin-Unfav,Progressive,43,5.396536248624538,5.396536248624538,6.262658802900472,6.262658802900472,True,True
Branin-Unfav,Progressive,44,5.396536248624538,5.396536248624538,5.853422601726815,5.853422601726815,True,True
Branin-Unfav,Progressive,45,4.056300340445636,4.056300340445636,10.503698044357025,10.503698044357025,True,True
Branin-Unfav,Progressive,46,4.056300340445636,4.056300340445636,4.059966905151445,4.059966905151445,True,True
HOPV15,Adapter,47,0.0,0.0,4.765530303030299,4.765530303030299,True,True
HOPV15,Adapter,48,3.9,3.9,4.730492424242421,4.730492424242421,True,True
HOPV15,Adapter,49,2.619999999999999,2.619999999999999,2.759204545454544,2.759204545454544,True,True
HOPV15,Adapter,50,3.9,3.9,4.692045454545452,4.692045454545452,True,True
HOPV15,Adapter,51,0.0,0.0,0.7291666666666632,0.7291666666666632,True,True
Branin-Fav,TwoStageJoint,47,0.4078043888879996,0.4078043888879996,3.236540688986865,3.236540688986865,True,True
Branin-Fav,TwoStageJoint,48,0.1388635850122277,0.1388635850122277,1.967983768576872,1.967983768576872,True,True
Branin-Fav,TwoStageJoint,49,1.1039132572873882,1.1039132572873882,6.224193884426137,6.224193884426137,True,True
Branin-Fav,TwoStageJoint,50,1.1039132572873882,1.1039132572873882,6.566492509725043,6.566492509725043,True,True
Branin-Fav,TwoStageJoint,51,0.1388635850122277,0.1388635850122277,1.395095826701502,1.395095826701502,True,True
FreeSolv,DNGOJoint,47,0.0,0.0,0.3683920704845789,0.3683920704845789,True,True
FreeSolv,DNGOJoint,48,0.0,0.0,0.36883259911894,0.36883259911894,True,True
FreeSolv,DNGOJoint,49,0.0,0.0,0.2174008810572671,0.2174008810572671,True,True
FreeSolv,DNGOJoint,50,0.0,0.0,0.567621145374445,0.567621145374445,True,True
FreeSolv,DNGOJoint,51,0.0,0.0,0.2292951541850204,0.2292951541850204,True,True
Park-Unfav,Curriculum,52,0.0,0.0,0.2078854231969906,0.2078854231969906,True,True
Park-Unfav,Curriculum,53,0.0,0.0,0.029872897270092,0.029872897270092,True,True
Park-Unfav,Curriculum,54,0.0,0.0,5.149418173699922e-09,5.149418173699922e-09,True,True
Park-Unfav,Curriculum,55,0.0,0.0,0.3584547439136677,0.3584547439136677,True,True
Park-Unfav,Curriculum,56,0.0,0.0,0.2078854214511458,0.2078854214511458,True,True
Matbench-Gap,Sequential,52,0.0,0.0,0.1828908554572262,0.1828908554572262,True,True
Matbench-Gap,Sequential,53,0.2299999999999999,0.2299999999999999,0.4479941002949837,0.4479941002949837,True,True
Matbench-Gap,Sequential,54,0.01,0.01,0.2380235988200574,0.2380235988200574,True,True
Matbench-Gap,Sequential,55,0.1,0.1,0.3330383480825944,0.3330383480825944,True,True
Matbench-Gap,Sequential,56,0.24,0.24,0.3426548672566365,0.3426548672566365,True,True
HOPV15,Progressive,52,3.499999999999999,3.499999999999999,3.4999999999999987,3.4999999999999987,True,True
HOPV15,Progressive,53,0.0,0.0,3.8475378787878727,3.8475378787878727,True,True
HOPV15,Progressive,54,3.2,3.2,3.858143939393937,3.858143939393937,True,True
HOPV15,Progressive,55,4.699999999999999,4.699999999999999,5.4032196969696935,5.4032196969696935,True,True
HOPV15,Progressive,56,4.699999999999999,4.699999999999999,5.337878787878786,5.337878787878786,True,True
Park-Unfav,Progressive,52,0.0,0.0,0.2078854191322569,0.2078854191322569,True,True
Park-Unfav,Progressive,53,0.0,0.0,0.0298728990923825,0.0298728990923825,True,True
Park-Unfav,Progressive,54,0.0,0.0,5.149418173699922e-09,5.149418173699922e-09,True,True
Park-Unfav,Progressive,55,0.0,0.0,0.3584547441456772,0.3584547441456772,True,True
Park-Unfav,Progressive,56,0.0,0.0,0.2078854261189043,0.2078854261189043,True,True
COFs,Adapter,52,0.0,0.0,1.1439653935431535,1.1439653935431535,True,True
COFs,Adapter,53,0.0,0.0,0.8833203818941623,0.8833203818941623,True,True
COFs,Adapter,54,0.0,0.0,0.94671821127601,0.94671821127601,True,True
COFs,Adapter,55,0.0,0.0,1.3505041730279774,1.3505041730279774,True,True
COFs,Adapter,56,0.0,0.0,0.5681213246463922,0.5681213246463922,True,True
HOPV15,TwoStageJoint,52,3.2,3.2,3.398863636363636,3.398863636363636,True,True
HOPV15,TwoStageJoint,53,3.499999999999999,3.499999999999999,4.203977272727268,4.203977272727268,True,True
HOPV15,TwoStageJoint,54,0.0,0.0,1.980113636363628,1.980113636363628,True,True
HOPV15,TwoStageJoint,55,4.299999999999999,4.299999999999999,5.052462121212117,5.052462121212117,True,True
HOPV15,TwoStageJoint,56,2.4099999999999997,2.4099999999999997,2.9045075757575733,2.9045075757575733,True,True
Park-Fav,DNGOGradient,47,0.0,0.0,0.2555072430439871,0.2555072430439871,True,True
Park-Fav,DNGOGradient,48,0.0,0.0,0.0830506955811227,0.0830506955811227,True,True
Park-Fav,DNGOGradient,49,0.0,0.0,0.2176776316326406,0.2176776316326406,True,True
Park-Fav,DNGOGradient,50,0.0,0.0,0.1551917482693663,0.1551917482693663,True,True
Park-Fav,DNGOGradient,51,0.0,0.0,0.2108032331083501,0.2108032331083501,True,True
Branin-Fav,Progressive,57,0.3969509731715899,0.3969509731715899,0.4246255868431071,0.4246255868431071,True,True
Branin-Fav,Progressive,58,2.549709755840878,2.549709755840878,7.38663317885472,7.38663317885472,True,True
Branin-Fav,Progressive,59,1.7331005527948706,1.7331005527948706,6.1379531200553386,6.1379531200553386,True,True
Branin-Fav,Progressive,60,0.1849545313090832,0.1849545313090832,3.161105427024612,3.161105427024612,True,True
Branin-Fav,Progressive,61,0.1534502254535983,0.1534502254535983,1.1814653141451736,1.1814653141451736,True,True
Matbench-Gap,DNGOGradient,42,0.1,0.1,0.2386430678466067,0.2386430678466067,True,True
Matbench-Gap,DNGOGradient,43,0.01,0.01,0.1203244837758111,0.1203244837758111,True,True
Matbench-Gap,DNGOGradient,44,0.0,0.0,0.2920353982300867,0.2920353982300867,True,True
Matbench-Gap,DNGOGradient,45,0.1,0.1,0.5454277286135667,0.5454277286135667,True,True
Matbench-Gap,DNGOGradient,46,0.1,0.1,0.625663716814157,0.625663716814157,True,True
HOPV15,TwoStageJoint,42,3.2,3.2,4.467613636363631,4.467613636363631,True,True
HOPV15,TwoStageJoint,43,4.109999999999999,4.109999999999999,4.920984848484843,4.920984848484843,True,True
HOPV15,TwoStageJoint,44,4.109999999999999,4.109999999999999,5.084242424242422,5.084242424242422,True,True
HOPV15,TwoStageJoint,45,0.0,0.0,2.569507575757563,2.569507575757563,True,True
HOPV15,TwoStageJoint,46,4.02,4.02,5.151060606060603,5.151060606060603,True,True
Branin-Fav,Sequential,57,0.1388635850122277,0.1388635850122277,0.3143375985296913,0.3143375985296913,True,True
Branin-Fav,Sequential,58,1.0472265956176212,1.0472265956176212,3.3560810181460456,3.3560810181460456,True,True
Branin-Fav,Sequential,59,0.4078043888879996,0.4078043888879996,4.806307155475869,4.806307155475869,True,True
Branin-Fav,Sequential,60,0.0681981043913921,0.0681981043913921,2.7601763212293617,2.7601763212293617,True,True
Branin-Fav,Sequential,61,0.1388635850122277,0.1388635850122277,1.8945769331544888,1.8945769331544888,True,True
Branin-Unfav,Sequential,57,3.5800652789754164,3.5800652789754164,3.5800652789754177,3.5800652789754177,True,True
Branin-Unfav,Sequential,58,2.07151463205623,2.07151463205623,6.707494458961638,6.707494458961638,True,True
Branin-Unfav,Sequential,59,1.4870517848377072,1.4870517848377072,4.48187723435741,4.48187723435741,True,True
Branin-Unfav,Sequential,60,0.0681981043913921,0.0681981043913921,3.663915789178473,3.663915789178473,True,True
Branin-Unfav,Sequential,61,3.3551091224877183,3.3551091224877183,5.795063586325305,5.795063586325305,True,True
Park-Unfav,SoftParameterSharing,57,0.0,0.0,0.0896136905950957,0.0896136905950957,True,True
Park-Unfav,SoftParameterSharing,58,0.0,0.0,1.9385927123650656e-08,1.9385927123650656e-08,True,True
Park-Unfav,SoftParameterSharing,59,0.0,0.0,0.3584547430254365,0.3584547430254365,True,True
Park-Unfav,SoftParameterSharing,60,0.0,0.0,0.358454743997016,0.358454743997016,True,True
Park-Unfav,SoftParameterSharing,61,0.0,0.0,0.0,0.0,True,True
Matbench-Gap,Curriculum,52,0.0,0.0,0.5014749262536852,0.5014749262536852,True,True
Matbench-Gap,Curriculum,53,0.1,0.1,0.4746312684365759,0.4746312684365759,True,True
Matbench-Gap,Curriculum,54,0.01,0.01,0.2380235988200574,0.2380235988200574,True,True
Matbench-Gap,Curriculum,55,0.1,0.1,0.3212389380530959,0.3212389380530959,True,True
Matbench-Gap,Curriculum,56,0.1,0.1,0.2480825958702055,0.2480825958702055,True,True
HOPV15,Curriculum,52,3.499999999999999,3.499999999999999,3.4999999999999987,3.4999999999999987,True,True
HOPV15,Curriculum,53,0.0,0.0,3.723295454545445,3.723295454545445,True,True
HOPV15,Curriculum,54,0.0,0.0,4.114962121212118,4.114962121212118,True,True
HOPV15,Curriculum,55,3.9,3.9,5.24488636363636,5.24488636363636,True,True
HOPV15,Curriculum,56,0.0,0.0,0.3488636363636349,0.3488636363636349,True,True
Polarizability,PseudoLabeling,42,0.0,0.0,0.023330665708893,0.023330665708893,True,True
Polarizability,PseudoLabeling,43,0.0,0.0,0.0368785419343329,0.0368785419343329,True,True
Polarizability,PseudoLabeling,44,0.0,0.0,0.026387787422472,0.026387787422472,True,True
Polarizability,PseudoLabeling,45,0.0,0.0,0.023330665708893,0.023330665708893,True,True
Polarizability,PseudoLabeling,46,0.0,0.0,0.0,0.0,True,True
HOPV15,DNGOGradient,57,0.0,0.0,2.811931818181806,2.811931818181806,True,True
HOPV15,DNGOGradient,58,3.9,3.9,4.25587121212121,4.25587121212121,True,True
HOPV15,DNGOGradient,59,0.0,0.0,2.7948863636363543,2.7948863636363543,True,True
HOPV15,DNGOGradient,60,0.0,0.0,3.874810606060597,3.874810606060597,True,True
HOPV15,DNGOGradient,61,3.499999999999999,3.499999999999999,4.138068181818178,4.138068181818178,True,True
Park-Fav,DNGOJoint,42,0.0,0.0,0.1574726396227602,0.1574726396227602,True,True
Park-Fav,DNGOJoint,43,0.0,0.0,0.1111220386770734,0.1111220386770734,True,True
Park-Fav,DNGOJoint,44,0.0,0.0,0.1574726390305497,0.1574726390305497,True,True
Park-Fav,DNGOJoint,45,0.0,0.0,0.0830501492900512,0.0830501492900512,True,True
Park-Fav,DNGOJoint,46,0.0,0.0,0.1761528162447816,0.1761528162447816,True,True
Park-Fav,PseudoLabeling,52,0.0,0.0,0.2555072594986917,0.2555072594986917,True,True
Park-Fav,PseudoLabeling,53,0.0,0.0,0.1551917314183173,0.1551917314183173,True,True
Park-Fav,PseudoLabeling,54,0.0,0.0,0.2472837409091079,0.2472837409091079,True,True
Park-Fav,PseudoLabeling,55,0.0,0.0,0.0830510629835863,0.0830510629835863,True,True
Park-Fav,PseudoLabeling,56,0.0,0.0,1.5029633781751984e-08,1.5029633781751984e-08,True,True
Park-Fav,Adapter,52,0.0,0.0,0.2555072424081389,0.2555072424081389,True,True
Park-Fav,Adapter,53,0.0,0.0,0.1551917296499518,0.1551917296499518,True,True
Park-Fav,Adapter,54,0.0,0.0,0.2472837340660228,0.2472837340660228,True,True
Park-Fav,Adapter,55,0.0,0.0,0.0830510696687868,0.0830510696687868,True,True
Park-Fav,Adapter,56,0.0,0.0,2.8289911445919164e-08,2.8289911445919164e-08,True,True
Park-Fav,SoftParameterSharing,47,0.0,0.0,0.2555072430966625,0.2555072430966625,True,True
Park-Fav,SoftParameterSharing,48,0.0,0.0,0.0830506897327167,0.0830506897327167,True,True
Park-Fav,SoftParameterSharing,49,0.0,0.0,0.2176776102721757,0.2176776102721757,True,True
Park-Fav,SoftParameterSharing,50,0.0,0.0,0.1551917274744842,0.1551917274744842,True,True
Park-Fav,SoftParameterSharing,51,0.0,0.0,0.2108032074185935,0.2108032074185935,True,True
Park-Unfav,DNGOGradient,42,0.0,0.0,2.6552656633570466e-08,2.6552656633570466e-08,True,True
Park-Unfav,DNGOGradient,43,0.0,0.0,0.3982852456998045,0.3982852456998045,True,True
Park-Unfav,DNGOGradient,44,0.0,0.0,0.2688427076291894,0.2688427076291894,True,True
Park-Unfav,DNGOGradient,45,0.0,0.0,0.0896146469870196,0.0896146469870196,True,True
Park-Unfav,DNGOGradient,46,0.0,0.0,0.3749382617997132,0.3749382617997132,True,True
FreeSolv,SoftParameterSharing,52,0.0,0.0,0.4932819383259875,0.4932819383259875,True,True
FreeSolv,SoftParameterSharing,53,0.0,0.0,0.3476872246696009,0.3476872246696009,True,True
FreeSolv,SoftParameterSharing,54,0.0,0.0,0.0301762114537442,0.0301762114537442,True,True
FreeSolv,SoftParameterSharing,55,0.0,0.0,0.0284140969162993,0.0284140969162993,True,True
FreeSolv,SoftParameterSharing,56,0.0,0.0,0.294713656387663,0.294713656387663,True,True
FreeSolv,Curriculum,47,0.0,0.0,0.3327092511013191,0.3327092511013191,True,True
FreeSolv,Curriculum,48,0.0,0.0,0.3564977973568256,0.3564977973568256,True,True
FreeSolv,Curriculum,49,0.0,0.0,0.2174008810572671,0.2174008810572671,True,True
FreeSolv,Curriculum,50,0.0,0.0,0.5557268722466918,0.5557268722466918,True,True
FreeSolv,Curriculum,51,0.0,0.0,0.2292951541850204,0.2292951541850204,True,True
Branin-Unfav,DNGOJoint,57,3.5800652789754164,3.5800652789754164,3.5800652789754177,3.5800652789754177,True,True
Branin-Unfav,DNGOJoint,58,0.00241426425751,0.00241426425751,1.255022997411136,1.255022997411136,True,True
Branin-Unfav,DNGOJoint,59,3.07657071621084,3.07657071621084,4.689790403776137,4.689790403776137,True,True
Branin-Unfav,DNGOJoint,60,0.00241426425751,0.00241426425751,2.43782318949088,2.43782318949088,True,True
Branin-Unfav,DNGOJoint,61,3.07657071621084,3.07657071621084,5.658292452903375,5.658292452903375,True,True
Polarizability,KnowledgeDistillation,47,0.0,0.0,0.0246178748514526,0.0246178748514526,True,True
Polarizability,KnowledgeDistillation,48,0.0,0.0,0.0,0.0,True,True
Polarizability,KnowledgeDistillation,49,0.0,0.0,0.026387787422472,0.026387787422472,True,True
Polarizability,KnowledgeDistillation,50,0.0,0.0,0.0280289790792355,0.0280289790792355,True,True
Polarizability,KnowledgeDistillation,51,0.0,0.0,0.0,0.0,True,True
Branin-Unfav,Progressive,47,4.142842528648427,4.142842528648427,4.978564912587318,4.978564912587318,True,True
Branin-Unfav,Progressive,48,5.396536248624538,5.396536248624538,5.62848206228554,5.62848206228554,True,True
Branin-Unfav,Progressive,49,5.396536248624538,5.396536248624538,5.514231616526261,5.514231616526261,True,True
Branin-Unfav,Progressive,50,5.396536248624538,5.396536248624538,6.180288264121502,6.180288264121502,True,True
Branin-Unfav,Progressive,51,5.396536248624538,5.396536248624538,7.131248192922155,7.131248192922155,True,True
COFs,Progressive,42,0.0,0.0,1.914242712520943,1.914242712520943,True,True
COFs,Progressive,43,0.0,0.0,0.6219821618386377,0.6219821618386377,True,True
COFs,Progressive,44,0.0,0.0,1.3478162595616603,1.3478162595616603,True,True
COFs,Progressive,45,0.0,0.0,0.6491197618125547,0.6491197618125547,True,True
COFs,Progressive,46,0.0,0.0,0.5948445618647207,0.5948445618647207,True,True
FreeSolv,DNGOGradient,57,0.0,0.0,0.2190528634361217,0.2190528634361217,True,True
FreeSolv,DNGOGradient,58,0.0,0.0,0.029735682819383,0.029735682819383,True,True
FreeSolv,DNGOGradient,59,0.0,0.0,0.3825991189427284,0.3825991189427284,True,True
FreeSolv,DNGOGradient,60,0.0,0.0,0.064096916299559,0.064096916299559,True,True
FreeSolv,DNGOGradient,61,0.0,0.0,0.3026431718061652,0.3026431718061652,True,True
Branin-Fav,TwoStageJoint,42,0.0681981043913921,0.0681981043913921,1.2887239354148767,1.2887239354148767,True,True
Branin-Fav,TwoStageJoint,43,0.0681981043913921,0.0681981043913921,1.98955228782686,1.98955228782686,True,True
Branin-Fav,TwoStageJoint,44,0.0681981043913921,0.0681981043913921,2.854448210344993,2.854448210344993,True,True
Branin-Fav,TwoStageJoint,45,2.2784190502359443,2.2784190502359443,4.979420811578278,4.979420811578278,True,True
Branin-Fav,TwoStageJoint,46,0.0681981043913921,0.0681981043913921,2.8246795296801483,2.8246795296801483,True,True
HOPV15,DomainAdaptationMMD,57,3.9,3.9,4.772916666666663,4.772916666666663,True,True
HOPV15,DomainAdaptationMMD,58,3.499999999999999,3.499999999999999,4.101325757575755,4.101325757575755,True,True
HOPV15,DomainAdaptationMMD,59,3.9,3.9,4.678598484848482,4.678598484848482,True,True
HOPV15,DomainAdaptationMMD,60,4.299999999999999,4.299999999999999,5.408522727272721,5.408522727272721,True,True
HOPV15,DomainAdaptationMMD,61,0.0,0.0,2.939962121212112,2.939962121212112,True,True
Park-Fav,Sequential,47,0.0,0.0,0.2555072484866812,0.2555072484866812,True,True
Park-Fav,Sequential,48,0.0,0.0,0.0830507155378914,0.0830507155378914,True,True
Park-Fav,Sequential,49,0.0,0.0,0.2176776237260549,0.2176776237260549,True,True
Park-Fav,Sequential,50,0.0,0.0,0.1551917369042075,0.1551917369042075,True,True
Park-Fav,Sequential,51,0.0,0.0,0.2108032316778559,0.2108032316778559,True,True
Polarizability,DNGOGradient,47,0.0,0.0,0.0246178748514526,0.0246178748514526,True,True
Polarizability,DNGOGradient,48,0.0,0.0,0.0,0.0,True,True
Polarizability,DNGOGradient,49,0.0,0.0,0.026387787422472,0.026387787422472,True,True
Polarizability,DNGOGradient,50,0.0,0.0,0.0280289790792355,0.0280289790792355,True,True
Polarizability,DNGOGradient,51,0.0,0.0,0.0,0.0,True,True
Park-Unfav,Sequential,52,0.0,0.0,0.2078854231969906,0.2078854231969906,True,True
Park-Unfav,Sequential,53,0.0,0.0,0.029872897270092,0.029872897270092,True,True
Park-Unfav,Sequential,54,0.0,0.0,5.149418173699922e-09,5.149418173699922e-09,True,True
Park-Unfav,Sequential,55,0.0,0.0,0.3584547440405579,0.3584547440405579,True,True
Park-Unfav,Sequential,56,0.0,0.0,0.2078854214511458,0.2078854214511458,True,True
Park-Fav,DomainAdaptationMMD,47,0.0,0.0,0.2555072578703102,0.2555072578703102,True,True
Park-Fav,DomainAdaptationMMD,48,0.0,0.0,0.083050705807317,0.083050705807317,True,True
Park-Fav,DomainAdaptationMMD,49,0.0,0.0,0.2176776223631691,0.2176776223631691,True,True
Park-Fav,DomainAdaptationMMD,50,0.0,0.0,0.1551917440567576,0.1551917440567576,True,True
Park-Fav,DomainAdaptationMMD,51,0.0,0.0,0.2108032310073767,0.2108032310073767,True,True
FreeSolv,Adapter,52,0.0,0.0,0.4694933920704811,0.4694933920704811,True,True
FreeSolv,Adapter,53,0.0,0.0,0.3582599118942706,0.3582599118942706,True,True
FreeSolv,Adapter,54,0.0,0.0,0.0165198237885461,0.0165198237885461,True,True
FreeSolv,Adapter,55,0.0,0.0,0.0165198237885461,0.0165198237885461,True,True
FreeSolv,Adapter,56,0.0,0.0,0.294713656387663,0.294713656387663,True,True
Polarizability,Adapter,47,0.0,0.0,0.0246178748514526,0.0246178748514526,True,True
Polarizability,Adapter,48,0.0,0.0,0.0,0.0,True,True
Polarizability,Adapter,49,0.0,0.0,0.026387787422472,0.026387787422472,True,True
Polarizability,Adapter,50,0.0,0.0,0.0280289790792355,0.0280289790792355,True,True
Polarizability,Adapter,51,0.0,0.0,0.0,0.0,True,True
FreeSolv,Adapter,42,0.0,0.0,0.0089207048458149,0.0089207048458149,True,True
FreeSolv,Adapter,43,0.0,0.0,0.2451541850220246,0.2451541850220246,True,True
FreeSolv,Adapter,44,0.0,0.0,0.2857929515418481,0.2857929515418481,True,True
FreeSolv,Adapter,45,0.0,0.0,0.2970264317180595,0.2970264317180595,True,True
FreeSolv,Adapter,46,0.0,0.0,0.5359030837004367,0.5359030837004367,True,True
COFs,SoftParameterSharing,47,0.0,0.0,1.7460838856686085,1.7460838856686085,True,True
COFs,SoftParameterSharing,48,0.0,0.0,1.8403449820478408,1.8403449820478408,True,True
COFs,SoftParameterSharing,49,0.0,0.0,1.8262628160606864,1.8262628160606864,True,True
COFs,SoftParameterSharing,50,0.0,0.0,0.801935652681938,0.801935652681938,True,True
COFs,SoftParameterSharing,51,0.0,0.0,1.7529052845001851,1.7529052845001851,True,True
Branin-Unfav,Sequential,47,2.3273694998934467,2.3273694998934467,5.088426773034938,5.088426773034938,True,True
Branin-Unfav,Sequential,48,5.396536248624538,5.396536248624538,5.699850004950464,5.699850004950464,True,True
Branin-Unfav,Sequential,49,3.180609312939413,3.180609312939413,3.272661338566416,3.272661338566416,True,True
Branin-Unfav,Sequential,50,0.1464807059646879,0.1464807059646879,1.8257070910657447,1.8257070910657447,True,True
Branin-Unfav,Sequential,51,3.180609312939413,3.180609312939413,7.602434022660946,7.602434022660946,True,True
Park-Unfav,Sequential,42,0.0,0.0,3.90261157051304e-08,3.90261157051304e-08,True,True
Park-Unfav,Sequential,43,0.0,0.0,0.3584547440065578,0.3584547440065578,True,True
Park-Unfav,Sequential,44,0.0,0.0,0.2688427080592081,0.2688427080592081,True,True
Park-Unfav,Sequential,45,0.0,0.0,0.0896146490269751,0.0896146490269751,True,True
Park-Unfav,Sequential,46,0.0,0.0,0.3749382611254559,0.3749382611254559,True,True
Branin-Unfav,DNGOGradient,42,0.0681981043913921,0.0681981043913921,1.556210797282925,1.556210797282925,True,True
Branin-Unfav,DNGOGradient,43,0.2765471034587321,0.2765471034587321,1.2125708921784537,1.2125708921784537,True,True
Branin-Unfav,DNGOGradient,44,0.00241426425751,0.00241426425751,0.6184524969923955,0.6184524969923955,True,True
Branin-Unfav,DNGOGradient,45,0.00241426425751,0.00241426425751,9.917785673610457,9.917785673610457,True,True
Branin-Unfav,DNGOGradient,46,0.0681981043913921,0.0681981043913921,1.1159482964843108,1.1159482964843108,True,True
FreeSolv,Sequential,52,0.0,0.0,0.5051762114537408,0.5051762114537408,True,True
FreeSolv,Sequential,53,0.0,0.0,0.345925110132156,0.345925110132156,True,True
FreeSolv,Sequential,54,0.0,0.0,0.0165198237885461,0.0165198237885461,True,True
FreeSolv,Sequential,55,0.0,0.0,0.0165198237885461,0.0165198237885461,True,True
FreeSolv,Sequential,56,0.0,0.0,0.294713656387663,0.294713656387663,True,True
Park-Unfav,DomainAdaptationMMD,52,0.0,0.0,0.2078854298303182,0.2078854298303182,True,True
Park-Unfav,DomainAdaptationMMD,53,0.0,0.0,0.0298728791559836,0.0298728791559836,True,True
Park-Unfav,DomainAdaptationMMD,54,0.0,0.0,4.895637836863494e-09,4.895637836863494e-09,True,True
Park-Unfav,DomainAdaptationMMD,55,0.0,0.0,0.5974311664243813,0.5974311664243813,True,True
Park-Unfav,DomainAdaptationMMD,56,0.0,0.0,0.2078854087997685,0.2078854087997685,True,True
Polarizability,PseudoLabeling,57,0.0,0.0,0.0277071767935957,0.0277071767935957,True,True
Polarizability,PseudoLabeling,58,0.0,0.0,0.0307803886214567,0.0307803886214567,True,True
Polarizability,PseudoLabeling,59,0.0,0.0,0.026387787422472,0.026387787422472,True,True
Polarizability,PseudoLabeling,60,0.0,0.0,0.006419955598516,0.006419955598516,True,True
Polarizability,PseudoLabeling,61,0.0,0.0,0.026387787422472,0.026387787422472,True,True
FreeSolv,Curriculum,52,0.0,0.0,0.5408590308370005,0.5408590308370005,True,True
FreeSolv,Curriculum,53,0.0,0.0,0.345925110132156,0.345925110132156,True,True
FreeSolv,Curriculum,54,0.0,0.0,0.0165198237885461,0.0165198237885461,True,True
FreeSolv,Curriculum,55,0.0,0.0,0.0165198237885461,0.0165198237885461,True,True
FreeSolv,Curriculum,56,0.0,0.0,0.294713656387663,0.294713656387663,True,True
FreeSolv,TwoStageJoint,42,0.0,0.0,0.0327092511013213,0.0327092511013213,True,True
FreeSolv,TwoStageJoint,43,0.0,0.0,0.2557268722466942,0.2557268722466942,True,True
FreeSolv,TwoStageJoint,44,0.0,0.0,0.346585903083698,0.346585903083698,True,True
FreeSolv,TwoStageJoint,45,0.0,0.0,0.3921806167400856,0.3921806167400856,True,True
FreeSolv,TwoStageJoint,46,0.0,0.0,0.4526431718061641,0.4526431718061641,True,True
Park-Unfav,TwoStageJoint,57,0.0,0.0,0.0896136899935652,0.0896136899935652,True,True
Park-Unfav,TwoStageJoint,58,0.0,0.0,1.8751476281559585e-08,1.8751476281559585e-08,True,True
Park-Unfav,TwoStageJoint,59,0.0,0.0,0.3584547430254365,0.3584547430254365,True,True
Park-Unfav,TwoStageJoint,60,0.0,0.0,0.3982852459163735,0.3982852459163735,True,True
Park-Unfav,TwoStageJoint,61,0.0,0.0,0.0,0.0,True,True
Polarizability,DNGOGradient,57,0.0,0.0,0.0277071767935957,0.0277071767935957,True,True
Polarizability,DNGOGradient,58,0.0,0.0,0.0307803886214567,0.0307803886214567,True,True
Polarizability,DNGOGradient,59,0.0,0.0,0.026387787422472,0.026387787422472,True,True
Polarizability,DNGOGradient,60,0.0,0.0,0.006419955598516,0.006419955598516,True,True
Polarizability,DNGOGradient,61,0.0,0.0,0.026387787422472,0.026387787422472,True,True
Park-Fav,TwoStageJoint,42,0.0,0.0,0.1574726397935677,0.1574726397935677,True,True
Park-Fav,TwoStageJoint,43,0.0,0.0,0.1111219968341667,0.1111219968341667,True,True
Park-Fav,TwoStageJoint,44,0.0,0.0,0.1574726387762103,0.1574726387762103,True,True
Park-Fav,TwoStageJoint,45,0.0,0.0,0.0830501384360817,0.0830501384360817,True,True
Park-Fav,TwoStageJoint,46,0.0,0.0,0.1761528167007849,0.1761528167007849,True,True
Polarizability,DomainAdaptationMMD,47,0.0,0.0,0.0246178748514526,0.0246178748514526,True,True
Polarizability,DomainAdaptationMMD,48,0.0,0.0,0.0,0.0,True,True
Polarizability,DomainAdaptationMMD,49,0.0,0.0,0.026387787422472,0.026387787422472,True,True
Polarizability,DomainAdaptationMMD,50,0.0,0.0,0.0368534124300048,0.0368534124300048,True,True
Polarizability,DomainAdaptationMMD,51,0.0,0.0,0.0,0.0,True,True
Park-Fav,DNGOGradient,52,0.0,0.0,0.2555072505729273,0.2555072505729273,True,True
Park-Fav,DNGOGradient,53,0.0,0.0,0.1551917320541657,0.1551917320541657,True,True
Park-Fav,DNGOGradient,54,0.0,0.0,0.2472837206222478,0.2472837206222478,True,True
Park-Fav,DNGOGradient,55,0.0,0.0,0.0830510510709603,0.0830510510709603,True,True
Park-Fav,DNGOGradient,56,0.0,0.0,1.8188630058832893e-08,1.8188630058832893e-08,True,True
FreeSolv,DNGOGradient,52,0.0,0.0,0.5408590308370005,0.5408590308370005,True,True
FreeSolv,DNGOGradient,53,0.0,0.0,0.345925110132156,0.345925110132156,True,True
FreeSolv,DNGOGradient,54,0.0,0.0,0.0165198237885461,0.0165198237885461,True,True
FreeSolv,DNGOGradient,55,0.0,0.0,0.0165198237885461,0.0165198237885461,True,True
FreeSolv,DNGOGradient,56,0.0,0.0,0.294713656387663,0.294713656387663,True,True
HOPV15,TwoStageJoint,47,4.499999999999999,4.499999999999999,5.082575757575755,5.082575757575755,True,True
HOPV15,TwoStageJoint,48,0.0,0.0,2.189962121212111,2.189962121212111,True,True
HOPV15,TwoStageJoint,49,3.2,3.2,3.7312499999999975,3.7312499999999975,True,True
HOPV15,TwoStageJoint,50,0.0,0.0,2.293939393939384,2.293939393939384,True,True
HOPV15,TwoStageJoint,51,0.0,0.0,1.78977272727272,1.78977272727272,True,True
Polarizability,Sequential,47,0.0,0.0,0.0246178748514526,0.0246178748514526,True,True
Polarizability,Sequential,48,0.0,0.0,0.0,0.0,True,True
Polarizability,Sequential,49,0.0,0.0,0.026387787422472,0.026387787422472,True,True
Polarizability,Sequential,50,0.0,0.0,0.0280289790792355,0.0280289790792355,True,True
Polarizability,Sequential,51,0.0,0.0,0.0,0.0,True,True
Park-Fav,Adapter,47,0.0,0.0,0.2555072571382603,0.2555072571382603,True,True
Park-Fav,Adapter,48,0.0,0.0,0.0830507124978426,0.0830507124978426,True,True
Park-Fav,Adapter,49,0.0,0.0,0.2176776157485779,0.2176776157485779,True,True
Park-Fav,Adapter,50,0.0,0.0,0.1551917542923539,0.1551917542923539,True,True
Park-Fav,Adapter,51,0.0,0.0,0.2108032414212593,0.2108032414212593,True,True
HOPV15,DNGOGradient,47,0.0,0.0,1.2094696969696914,1.2094696969696914,True,True
HOPV15,DNGOGradient,48,0.0,0.0,1.6392045454545376,1.6392045454545376,True,True
HOPV15,DNGOGradient,49,3.9,3.9,4.444507575757574,4.444507575757574,True,True
HOPV15,DNGOGradient,50,0.0,0.0,2.672727272727261,2.672727272727261,True,True
HOPV15,DNGOGradient,51,0.0,0.0,0.7291666666666632,0.7291666666666632,True,True
Polarizability,KnowledgeDistillation,52,0.0,0.0,0.0,0.0,True,True
Polarizability,KnowledgeDistillation,53,0.0,0.0,0.0321550990596623,0.0321550990596623,True,True
Polarizability,KnowledgeDistillation,54,0.0,0.0,0.0,0.0,True,True
Polarizability,KnowledgeDistillation,55,0.0,0.0,0.023330665708893,0.023330665708893,True,True
Polarizability,KnowledgeDistillation,56,0.0,0.0,0.006419955598516,0.006419955598516,True,True
Polarizability,Sequential,52,0.0,0.0,0.0,0.0,True,True
Polarizability,Sequential,53,0.0,0.0,0.0321550990596623,0.0321550990596623,True,True
Polarizability,Sequential,54,0.0,0.0,0.0,0.0,True,True
Polarizability,Sequential,55,0.0,0.0,0.023330665708893,0.023330665708893,True,True
Polarizability,Sequential,56,0.0,0.0,0.006419955598516,0.006419955598516,True,True
FreeSolv,Progressive,42,0.0,0.0,0.0089207048458149,0.0089207048458149,True,True
FreeSolv,Progressive,43,0.0,0.0,0.1843612334801748,0.1843612334801748,True,True
FreeSolv,Progressive,44,0.0,0.0,0.3571585903083675,0.3571585903083675,True,True
FreeSolv,Progressive,45,0.0,0.0,0.3921806167400856,0.3921806167400856,True,True
FreeSolv,Progressive,46,0.0,0.0,0.4526431718061641,0.4526431718061641,True,True
FreeSolv,DomainAdaptationMMD,52,0.0,0.0,0.4694933920704811,0.4694933920704811,True,True
FreeSolv,DomainAdaptationMMD,53,0.0,0.0,0.345925110132156,0.345925110132156,True,True
FreeSolv,DomainAdaptationMMD,54,0.0,0.0,0.0165198237885461,0.0165198237885461,True,True
FreeSolv,DomainAdaptationMMD,55,0.0,0.0,0.0284140969162993,0.0284140969162993,True,True
FreeSolv,DomainAdaptationMMD,56,0.0,0.0,0.294713656387663,0.294713656387663,True,True
Park-Unfav,PseudoLabeling,47,0.0,0.0,0.0,0.0,True,True
Park-Unfav,PseudoLabeling,48,0.0,0.0,0.2078854145739867,0.2078854145739867,True,True
Park-Unfav,PseudoLabeling,49,0.0,0.0,0.1792273713700167,0.1792273713700167,True,True
Park-Unfav,PseudoLabeling,50,0.0,0.0,0.0,0.0,True,True
Park-Unfav,PseudoLabeling,51,0.0,0.0,1.071791336651622e-08,1.071791336651622e-08,True,True
Polarizability,Progressive,42,0.0,0.0,0.023330665708893,0.023330665708893,True,True
Polarizability,Progressive,43,0.0,0.0,0.0368785419343329,0.0368785419343329,True,True
Polarizability,Progressive,44,0.0,0.0,0.026387787422472,0.026387787422472,True,True
Polarizability,Progressive,45,0.0,0.0,0.023330665708893,0.023330665708893,True,True
Polarizability,Progressive,46,0.0,0.0,0.0,0.0,True,True
Park-Unfav,DNGOGradient,47,0.0,0.0,0.0,0.0,True,True
Park-Unfav,DNGOGradient,48,0.0,0.0,0.2078854232529724,0.2078854232529724,True,True
Park-Unfav,DNGOGradient,49,0.0,0.0,0.1792273714969068,0.1792273714969068,True,True
Park-Unfav,DNGOGradient,50,0.0,0.0,0.0,0.0,True,True
Park-Unfav,DNGOGradient,51,0.0,0.0,1.2692630864943257e-08,1.2692630864943257e-08,True,True
HOPV15,PseudoLabeling,57,0.0,0.0,2.615719696969685,2.615719696969685,True,True
HOPV15,PseudoLabeling,58,3.9,3.9,4.224810606060606,4.224810606060606,True,True
HOPV15,PseudoLabeling,59,0.0,0.0,1.880492424242416,1.880492424242416,True,True
HOPV15,PseudoLabeling,60,0.0,0.0,5.217992424242418,5.217992424242418,True,True
HOPV15,PseudoLabeling,61,3.499999999999999,3.499999999999999,4.460795454545451,4.460795454545451,True,True
COFs,SoftParameterSharing,42,0.0,0.0,1.842839621573312,1.842839621573312,True,True
COFs,SoftParameterSharing,43,0.0,0.0,0.9271995808218144,0.9271995808218144,True,True
COFs,SoftParameterSharing,44,0.0,0.0,1.7169042247112034,1.7169042247112034,True,True
COFs,SoftParameterSharing,45,0.0,0.0,0.7576701617082241,0.7576701617082241,True,True
COFs,SoftParameterSharing,46,0.0,0.0,0.8290732526558554,0.8290732526558554,True,True
Branin-Fav,DNGOJoint,42,0.00241426425751,0.00241426425751,1.391091871593382,1.391091871593382,True,True
Branin-Fav,DNGOJoint,43,0.1534502254535983,0.1534502254535983,2.744227290604897,2.744227290604897,True,True
Branin-Fav,DNGOJoint,44,0.1534502254535983,0.1534502254535983,4.059567968749859,4.059567968749859,True,True
Branin-Fav,DNGOJoint,45,0.1534502254535983,0.1534502254535983,3.803629210287172,3.803629210287172,True,True
Branin-Fav,DNGOJoint,46,0.1534502254535983,0.1534502254535983,5.134162991471991,5.134162991471991,True,True
COFs,PseudoLabeling,42,0.0,0.0,1.3493072350579776,1.3493072350579776,True,True
COFs,PseudoLabeling,43,0.0,0.0,0.4970460408041308,0.4970460408041308,True,True
COFs,PseudoLabeling,44,0.0,0.0,1.1830600425198023,1.1830600425198023,True,True
COFs,PseudoLabeling,45,0.0,0.0,0.3713677499086647,0.3713677499086647,True,True
COFs,PseudoLabeling,46,0.0,0.0,0.3713677499086647,0.3713677499086647,True,True
Park-Fav,DomainAdaptationMMD,57,0.0,0.0,0.0830507034232106,0.0830507034232106,True,True
Park-Fav,DomainAdaptationMMD,58,0.0,0.0,0.1551917470395014,0.1551917470395014,True,True
Park-Fav,DomainAdaptationMMD,59,0.0,0.0,0.2555072437074736,0.2555072437074736,True,True
Park-Fav,DomainAdaptationMMD,60,0.0,0.0,0.0830510783964284,0.0830510783964284,True,True
Park-Fav,DomainAdaptationMMD,61,0.0,0.0,0.2472837134210683,0.2472837134210683,True,True
Polarizability,Sequential,42,0.0,0.0,0.023330665708893,0.023330665708893,True,True
Polarizability,Sequential,43,0.0,0.0,0.0368785419343329,0.0368785419343329,True,True
Polarizability,Sequential,44,0.0,0.0,0.026387787422472,0.026387787422472,True,True
Polarizability,Sequential,45,0.0,0.0,0.023330665708893,0.023330665708893,True,True
Polarizability,Sequential,46,0.0,0.0,0.0,0.0,True,True
Polarizability,Curriculum,52,0.0,0.0,0.0,0.0,True,True
Polarizability,Curriculum,53,0.0,0.0,0.0321550990596623,0.0321550990596623,True,True
Polarizability,Curriculum,54,0.0,0.0,0.0,0.0,True,True
Polarizability,Curriculum,55,0.0,0.0,0.023330665708893,0.023330665708893,True,True
Polarizability,Curriculum,56,0.0,0.0,0.006419955598516,0.006419955598516,True,True
Matbench-Gap,SoftParameterSharing,47,0.01,0.01,0.1330088495575213,0.1330088495575213,True,True
Matbench-Gap,SoftParameterSharing,48,0.02,0.02,0.4866666666666643,0.4866666666666643,True,True
Matbench-Gap,SoftParameterSharing,49,0.1100000000000001,0.1100000000000001,0.3274041297935091,0.3274041297935091,True,True
Matbench-Gap,SoftParameterSharing,50,0.1,0.1,0.3684365781710897,0.3684365781710897,True,True
Matbench-Gap,SoftParameterSharing,51,0.01,0.01,0.1229793510324475,0.1229793510324475,True,True
Park-Fav,DNGOJoint,47,0.0,0.0,0.2555072465837211,0.2555072465837211,True,True
Park-Fav,DNGOJoint,48,0.0,0.0,0.0830507210154239,0.0830507210154239,True,True
Park-Fav,DNGOJoint,49,0.0,0.0,0.2176776525934871,0.2176776525934871,True,True
Park-Fav,DNGOJoint,50,0.0,0.0,0.1551917398067867,0.1551917398067867,True,True
Park-Fav,DNGOJoint,51,0.0,0.0,0.210803247978059,0.210803247978059,True,True
Matbench-Gap,Adapter,57,0.01,0.01,0.2970206489675496,0.2970206489675496,True,True
Matbench-Gap,Adapter,58,0.01,0.01,0.3076401179940983,0.3076401179940983,True,True
Matbench-Gap,Adapter,59,0.2999999999999998,0.2999999999999998,0.4374631268436568,0.4374631268436568,True,True
Matbench-Gap,Adapter,60,0.1,0.1,0.1601769911504421,0.1601769911504421,True,True
Matbench-Gap,Adapter,61,0.1,0.1,0.6796460176991144,0.6796460176991144,True,True
Park-Fav,Curriculum,57,0.0,0.0,0.0830507115365697,0.0830507115365697,True,True
Park-Fav,Curriculum,58,0.0,0.0,0.1551917470545028,0.1551917470545028,True,True
Park-Fav,Curriculum,59,0.0,0.0,0.2555072534419534,0.2555072534419534,True,True
Park-Fav,Curriculum,60,0.0,0.0,0.0830510584684067,0.0830510584684067,True,True
Park-Fav,Curriculum,61,0.0,0.0,0.2472837186303502,0.2472837186303502,True,True
Branin-Unfav,DomainAdaptationMMD,57,3.5800652789754164,3.5800652789754164,3.5800652789754177,3.5800652789754177,True,True
Branin-Unfav,DomainAdaptationMMD,58,5.468307560943662,5.468307560943662,9.799602951707303,9.799602951707303,True,True
Branin-Unfav,DomainAdaptationMMD,59,1.7331005527948706,1.7331005527948706,4.621149041881143,4.621149041881143,True,True
Branin-Unfav,DomainAdaptationMMD,60,1.102397625913067,1.102397625913067,3.47264361582701,3.47264361582701,True,True
Branin-Unfav,DomainAdaptationMMD,61,3.3551091224877183,3.3551091224877183,6.058085162964141,6.058085162964141,True,True
Polarizability,SoftParameterSharing,57,0.0,0.0,0.0277071767935957,0.0277071767935957,True,True
Polarizability,SoftParameterSharing,58,0.0,0.0,0.0307803886214567,0.0307803886214567,True,True
Polarizability,SoftParameterSharing,59,0.0,0.0,0.026387787422472,0.026387787422472,True,True
Polarizability,SoftParameterSharing,60,0.0,0.0,0.006419955598516,0.006419955598516,True,True
Polarizability,SoftParameterSharing,61,0.0,0.0,0.026387787422472,0.026387787422472,True,True
HOPV15,DNGOJoint,47,0.0,0.0,4.026136363636359,4.026136363636359,True,True
HOPV15,DNGOJoint,48,0.0,0.0,1.916477272727264,1.916477272727264,True,True
HOPV15,DNGOJoint,49,2.619999999999999,2.619999999999999,2.9448106060606034,2.9448106060606034,True,True
HOPV15,DNGOJoint,50,0.0,0.0,3.593939393939389,3.593939393939389,True,True
HOPV15,DNGOJoint,51,0.0,0.0,0.7291666666666632,0.7291666666666632,True,True
Polarizability,DomainAdaptationMMD,52,0.0,0.0,0.0,0.0,True,True
Polarizability,DomainAdaptationMMD,53,0.0,0.0,0.0321550990596623,0.0321550990596623,True,True
Polarizability,DomainAdaptationMMD,54,0.0,0.0,0.0,0.0,True,True
Polarizability,DomainAdaptationMMD,55,0.0,0.0,0.023330665708893,0.023330665708893,True,True
Polarizability,DomainAdaptationMMD,56,0.0,0.0,0.006419955598516,0.006419955598516,True,True
FreeSolv,DomainAdaptationMMD,42,0.0,0.0,0.0089207048458149,0.0089207048458149,True,True
FreeSolv,DomainAdaptationMMD,43,0.0,0.0,0.1843612334801748,0.1843612334801748,True,True
FreeSolv,DomainAdaptationMMD,44,0.0,0.0,0.5919603524229032,0.5919603524229032,True,True
FreeSolv,DomainAdaptationMMD,45,0.0,0.0,0.2970264317180595,0.2970264317180595,True,True
FreeSolv,DomainAdaptationMMD,46,0.0,0.0,0.4526431718061641,0.4526431718061641,True,True
Branin-Unfav,SoftParameterSharing,42,4.821353151124258,4.821353151124258,5.228528732661245,5.228528732661245,True,True
Branin-Unfav,SoftParameterSharing,43,5.874645405146621,5.874645405146621,6.464356750080476,6.464356750080476,True,True
Branin-Unfav,SoftParameterSharing,44,5.396536248624538,5.396536248624538,5.94706462031471,5.94706462031471,True,True
Branin-Unfav,SoftParameterSharing,45,0.00241426425751,0.00241426425751,6.180496154736193,6.180496154736193,True,True
Branin-Unfav,SoftParameterSharing,46,2.5704644115972157,2.5704644115972157,3.4021295373879306,3.4021295373879306,True,True
Branin-Fav,DNGOJoint,57,0.0681981043913921,0.0681981043913921,0.320269992827458,0.320269992827458,True,True
Branin-Fav,DNGOJoint,58,0.1534502254535983,0.1534502254535983,3.4103829789237103,3.4103829789237103,True,True
Branin-Fav,DNGOJoint,59,0.6621478693184315,0.6621478693184315,5.554256080526327,5.554256080526327,True,True
Branin-Fav,DNGOJoint,60,0.0681981043913921,0.0681981043913921,3.17889685325257,3.17889685325257,True,True
Branin-Fav,DNGOJoint,61,0.0681981043913921,0.0681981043913921,1.7570468203584233,1.7570468203584233,True,True
Park-Fav,Progressive,52,0.0,0.0,0.2555072425353085,0.2555072425353085,True,True
Park-Fav,Progressive,53,0.0,0.0,0.1551917276761482,0.1551917276761482,True,True
Park-Fav,Progressive,54,0.0,0.0,0.2472837124037111,0.2472837124037111,True,True
Park-Fav,Progressive,55,0.0,0.0,0.0830510450683024,0.0830510450683024,True,True
Park-Fav,Progressive,56,0.0,0.0,3.937430187743922e-09,3.937430187743922e-09,True,True
Branin-Unfav,DomainAdaptationMMD,42,1.0472265956176212,1.0472265956176212,2.415876044018449,2.415876044018449,True,True
Branin-Unfav,DomainAdaptationMMD,43,2.570464411597216,2.570464411597216,4.345876999588038,4.345876999588038,True,True
Branin-Unfav,DomainAdaptationMMD,44,4.142842528648427,4.142842528648427,5.420308748464876,5.420308748464876,True,True
Branin-Unfav,DomainAdaptationMMD,45,2.0041038816136743,2.0041038816136743,6.245545903589265,6.245545903589265,True,True
Branin-Unfav,DomainAdaptationMMD,46,3.180609312939413,3.180609312939413,3.950616138664856,3.950616138664856,True,True
Polarizability,Curriculum,47,0.0,0.0,0.0246178748514526,0.0246178748514526,True,True
Polarizability,Curriculum,48,0.0,0.0,0.0,0.0,True,True
Polarizability,Curriculum,49,0.0,0.0,0.026387787422472,0.026387787422472,True,True
Polarizability,Curriculum,50,0.0,0.0,0.0280289790792355,0.0280289790792355,True,True
Polarizability,Curriculum,51,0.0,0.0,0.0,0.0,True,True
Park-Fav,TwoStageJoint,47,0.0,0.0,0.2555072432951081,0.2555072432951081,True,True
Park-Fav,TwoStageJoint,48,0.0,0.0,0.0830506911451664,0.0830506911451664,True,True
Park-Fav,TwoStageJoint,49,0.0,0.0,0.2176776107281789,0.2176776107281789,True,True
Park-Fav,TwoStageJoint,50,0.0,0.0,0.1551917278219182,0.1551917278219182,True,True
Park-Fav,TwoStageJoint,51,0.0,0.0,0.2108032097026304,0.2108032097026304,True,True
FreeSolv,Adapter,47,0.0,0.0,0.3208149779735659,0.3208149779735659,True,True
FreeSolv,Adapter,48,0.0,0.0,0.4071585903083675,0.4071585903083675,True,True
FreeSolv,Adapter,49,0.0,0.0,0.2174008810572671,0.2174008810572671,True,True
FreeSolv,Adapter,50,0.0,0.0,0.5081497797356791,0.5081497797356791,True,True
FreeSolv,Adapter,51,0.0,0.0,0.2174008810572671,0.2174008810572671,True,True
Matbench-Gap,Adapter,42,0.01,0.01,0.1967256637168133,0.1967256637168133,True,True
Matbench-Gap,Adapter,43,0.1,0.1,0.1339233038348082,0.1339233038348082,True,True
Matbench-Gap,Adapter,44,0.2999999999999998,0.2999999999999998,0.4238938053097335,0.4238938053097335,True,True
Matbench-Gap,Adapter,45,0.1,0.1,1.1353982300884946,1.1353982300884946,True,True
Matbench-Gap,Adapter,46,0.2000000000000001,0.2000000000000001,0.5539823008849543,0.5539823008849543,True,True
FreeSolv,DNGOJoint,57,0.0,0.0,0.2190528634361217,0.2190528634361217,True,True
FreeSolv,DNGOJoint,58,0.0,0.0,0.029735682819383,0.029735682819383,True,True
FreeSolv,DNGOJoint,59,0.0,0.0,0.3825991189427284,0.3825991189427284,True,True
FreeSolv,DNGOJoint,60,0.0,0.0,0.0284140969162993,0.0284140969162993,True,True
FreeSolv,DNGOJoint,61,0.0,0.0,0.3026431718061652,0.3026431718061652,True,True
Park-Fav,SoftParameterSharing,52,0.0,0.0,0.2555072425353085,0.2555072425353085,True,True
Park-Fav,SoftParameterSharing,53,0.0,0.0,0.1551917281848268,0.1551917281848268,True,True
Park-Fav,SoftParameterSharing,54,0.0,0.0,0.2472837124037111,0.2472837124037111,True,True
Park-Fav,SoftParameterSharing,55,0.0,0.0,0.0830510446867934,0.0830510446867934,True,True
Park-Fav,SoftParameterSharing,56,0.0,0.0,3.7357662621793026e-09,3.7357662621793026e-09,True,True
FreeSolv,PseudoLabeling,42,0.0,0.0,0.0089207048458149,0.0089207048458149,True,True
FreeSolv,PseudoLabeling,43,0.0,0.0,0.3288546255506585,0.3288546255506585,True,True
FreeSolv,PseudoLabeling,44,0.0,0.0,0.3095814977973545,0.3095814977973545,True,True
FreeSolv,PseudoLabeling,45,0.0,0.0,0.3089207048458127,0.3089207048458127,True,True
FreeSolv,PseudoLabeling,46,0.0,0.0,0.5240088105726833,0.5240088105726833,True,True
HOPV15,Progressive,42,4.499999999999999,4.499999999999999,4.989962121212118,4.989962121212118,True,True
HOPV15,Progressive,43,4.699999999999999,4.699999999999999,5.011553030303029,5.011553030303029,True,True
HOPV15,Progressive,44,4.109999999999999,4.109999999999999,4.986515151515151,4.986515151515151,True,True
HOPV15,Progressive,45,5.199999999999999,5.199999999999999,5.430113636363634,5.430113636363634,True,True
HOPV15,Progressive,46,4.629999999999999,4.629999999999999,5.027159090909088,5.027159090909088,True,True
Matbench-Gap,Curriculum,57,0.6000000000000001,0.6000000000000001,1.0106194690265475,1.0106194690265475,True,True
Matbench-Gap,Curriculum,58,0.01,0.01,0.2380235988200574,0.2380235988200574,True,True
Matbench-Gap,Curriculum,59,0.2999999999999998,0.2999999999999998,0.5672566371681399,0.5672566371681399,True,True
Matbench-Gap,Curriculum,60,0.1,0.1,0.1601769911504421,0.1601769911504421,True,True
Matbench-Gap,Curriculum,61,0.0,0.0,0.4044247787610615,0.4044247787610615,True,True
Matbench-Gap,Sequential,47,0.4699999999999998,0.4699999999999998,0.6030383480825947,0.6030383480825947,True,True
Matbench-Gap,Sequential,48,0.1400000000000001,0.1400000000000001,0.6385250737463104,0.6385250737463104,True,True
Matbench-Gap,Sequential,49,0.2000000000000001,0.2000000000000001,0.5038348082595864,0.5038348082595864,True,True
Matbench-Gap,Sequential,50,0.1,0.1,0.2150442477876098,0.2150442477876098,True,True
Matbench-Gap,Sequential,51,0.1,0.1,0.1943952802359875,0.1943952802359875,True,True
Park-Unfav,DNGOGradient,57,0.0,0.0,0.0896136915993042,0.0896136915993042,True,True
Park-Unfav,DNGOGradient,58,0.0,0.0,2.3083722717335915e-08,2.3083722717335915e-08,True,True
Park-Unfav,DNGOGradient,59,0.0,0.0,0.3584547430254365,0.3584547430254365,True,True
Park-Unfav,DNGOGradient,60,0.0,0.0,0.3584547438918968,0.3584547438918968,True,True
Park-Unfav,DNGOGradient,61,0.0,0.0,0.0,0.0,True,True
Polarizability,DNGOJoint,52,0.0,0.0,0.0,0.0,True,True
Polarizability,DNGOJoint,53,0.0,0.0,0.0321550990596623,0.0321550990596623,True,True
Polarizability,DNGOJoint,54,0.0,0.0,0.0,0.0,True,True
Polarizability,DNGOJoint,55,0.0,0.0,0.023330665708893,0.023330665708893,True,True
Polarizability,DNGOJoint,56,0.0,0.0,0.006419955598516,0.006419955598516,True,True
Branin-Fav,PseudoLabeling,47,0.00241426425751,0.00241426425751,1.5903144126391435,1.5903144126391435,True,True
Branin-Fav,PseudoLabeling,48,0.1534502254535983,0.1534502254535983,3.180881084896241,3.180881084896241,True,True
Branin-Fav,PseudoLabeling,49,0.4078043888879996,0.4078043888879996,2.9863373459857465,2.9863373459857465,True,True
Branin-Fav,PseudoLabeling,50,0.1388635850122277,0.1388635850122277,4.105516059251366,4.105516059251366,True,True
Branin-Fav,PseudoLabeling,51,0.1388635850122277,0.1388635850122277,0.9949442120911468,0.9949442120911468,True,True
COFs,SoftParameterSharing,52,0.0,0.0,1.709806933430424,1.709806933430424,True,True
COFs,SoftParameterSharing,53,0.0,0.0,1.1340213494743552,1.1340213494743552,True,True
COFs,SoftParameterSharing,54,0.0,0.0,1.6746807947209772,1.6746807947209772,True,True
COFs,SoftParameterSharing,55,0.0,0.0,1.0943743891653124,1.0943743891653124,True,True
COFs,SoftParameterSharing,56,0.0,0.0,0.9271995808218144,0.9271995808218144,True,True
Polarizability,TwoStageJoint,42,0.0,0.0,0.023330665708893,0.023330665708893,True,True
Polarizability,TwoStageJoint,43,0.0,0.0,0.0368785419343329,0.0368785419343329,True,True
Polarizability,TwoStageJoint,44,0.0,0.0,0.0416480856982385,0.0416480856982385,True,True
Polarizability,TwoStageJoint,45,0.0,0.0,0.023330665708893,0.023330665708893,True,True
Polarizability,TwoStageJoint,46,0.0,0.0,0.0,0.0,True,True
Matbench-Gap,SoftParameterSharing,42,0.1,0.1,0.5218289085545703,0.5218289085545703,True,True
Matbench-Gap,SoftParameterSharing,43,0.1,0.1,0.1339233038348082,0.1339233038348082,True,True
Matbench-Gap,SoftParameterSharing,44,0.01,0.01,0.1701769911504414,0.1701769911504414,True,True
Matbench-Gap,SoftParameterSharing,45,0.2000000000000001,0.2000000000000001,0.4477876106194675,0.4477876106194675,True,True
Matbench-Gap,SoftParameterSharing,46,0.2000000000000001,0.2000000000000001,0.5421828908554565,0.5421828908554565,True,True
Park-Unfav,Adapter,42,0.0,0.0,4.13992897827755e-08,4.13992897827755e-08,True,True
Park-Unfav,Adapter,43,0.0,0.0,0.3982848430454039,0.3982848430454039,True,True
Park-Unfav,Adapter,44,0.0,0.0,0.268842707297867,0.268842707297867,True,True
Park-Unfav,Adapter,45,0.0,0.0,0.0896146510258785,0.0896146510258785,True,True
Park-Unfav,Adapter,46,0.0,0.0,0.3749382608934464,0.3749382608934464,True,True
Polarizability,PseudoLabeling,47,0.0,0.0,0.0246178748514526,0.0246178748514526,True,True
Polarizability,PseudoLabeling,48,0.0,0.0,0.0,0.0,True,True
Polarizability,PseudoLabeling,49,0.0,0.0,0.026387787422472,0.026387787422472,True,True
Polarizability,PseudoLabeling,50,0.0,0.0,0.0280289790792355,0.0280289790792355,True,True
Polarizability,PseudoLabeling,51,0.0,0.0,0.0,0.0,True,True
Polarizability,Adapter,42,0.0,0.0,0.0321550990596623,0.0321550990596623,True,True
Polarizability,Adapter,43,0.0,0.0,0.0368785419343329,0.0368785419343329,True,True
Polarizability,Adapter,44,0.0,0.0,0.026387787422472,0.026387787422472,True,True
Polarizability,Adapter,45,0.0,0.0,0.023330665708893,0.023330665708893,True,True
Polarizability,Adapter,46,0.0,0.0,0.0,0.0,True,True
Park-Unfav,SoftParameterSharing,52,0.0,0.0,0.2078854231335384,0.2078854231335384,True,True
Park-Unfav,SoftParameterSharing,53,0.0,0.0,0.0298729069330951,0.0298729069330951,True,True
Park-Unfav,SoftParameterSharing,54,0.0,0.0,4.895637836863494e-09,4.895637836863494e-09,True,True
Park-Unfav,SoftParameterSharing,55,0.0,0.0,0.3584547441860076,0.3584547441860076,True,True
Park-Unfav,SoftParameterSharing,56,0.0,0.0,0.2078854220635866,0.2078854220635866,True,True
HOPV15,DNGOJoint,42,3.9,3.9,4.774053030303026,4.774053030303026,True,True
HOPV15,DNGOJoint,43,3.499999999999999,3.499999999999999,4.682765151515146,4.682765151515146,True,True
HOPV15,DNGOJoint,44,3.9,3.9,4.646022727272724,4.646022727272724,True,True
HOPV15,DNGOJoint,45,0.0,0.0,3.9149621212121146,3.9149621212121146,True,True
HOPV15,DNGOJoint,46,0.0,0.0,1.7443181818181737,1.7443181818181737,True,True
Branin-Unfav,PseudoLabeling,47,2.3273694998934467,2.3273694998934467,5.055494851438569,5.055494851438569,True,True
Branin-Unfav,PseudoLabeling,48,5.937743147166876,5.937743147166876,5.937743147166877,5.937743147166877,True,True
Branin-Unfav,PseudoLabeling,49,3.180609312939413,3.180609312939413,3.272661338566416,3.272661338566416,True,True
Branin-Unfav,PseudoLabeling,50,0.1464807059646879,0.1464807059646879,1.8257070910657447,1.8257070910657447,True,True
Branin-Unfav,PseudoLabeling,51,4.056300340445636,4.056300340445636,7.679417849254901,7.679417849254901,True,True
Polarizability,DNGOGradient,52,0.0,0.0,0.0,0.0,True,True
Polarizability,DNGOGradient,53,0.0,0.0,0.0321550990596623,0.0321550990596623,True,True
Polarizability,DNGOGradient,54,0.0,0.0,0.0,0.0,True,True
Polarizability,DNGOGradient,55,0.0,0.0,0.023330665708893,0.023330665708893,True,True
Polarizability,DNGOGradient,56,0.0,0.0,0.006419955598516,0.006419955598516,True,True
Park-Fav,DNGOJoint,57,0.0,0.0,0.0830507230236348,0.0830507230236348,True,True
Park-Fav,DNGOJoint,58,0.0,0.0,0.1551917473178798,0.1551917473178798,True,True
Park-Fav,DNGOJoint,59,0.0,0.0,0.2555072549077963,0.2555072549077963,True,True
Park-Fav,DNGOJoint,60,0.0,0.0,0.0830510742160045,0.0830510742160045,True,True
Park-Fav,DNGOJoint,61,0.0,0.0,0.247283717625774,0.247283717625774,True,True
HOPV15,Adapter,52,3.499999999999999,3.499999999999999,3.4999999999999987,3.4999999999999987,True,True
HOPV15,Adapter,53,0.0,0.0,3.867234848484843,3.867234848484843,True,True
HOPV15,Adapter,54,0.0,0.0,3.829356060606052,3.829356060606052,True,True
HOPV15,Adapter,55,3.9,3.9,5.615340909090904,5.615340909090904,True,True
HOPV15,Adapter,56,0.0,0.0,0.7791666666666632,0.7791666666666632,True,True
Park-Unfav,DNGOJoint,52,0.0,0.0,0.2078854229432103,0.2078854229432103,True,True
Park-Unfav,DNGOJoint,53,0.0,0.0,0.0298728920976464,0.0298728920976464,True,True
Park-Unfav,DNGOJoint,54,0.0,0.0,5.0225280052817085e-09,5.0225280052817085e-09,True,True
Park-Unfav,DNGOJoint,55,0.0,0.0,0.3584547437867775,0.3584547437867775,True,True
Park-Unfav,DNGOJoint,56,0.0,0.0,0.207885431156499,0.207885431156499,True,True
Matbench-Gap,PseudoLabeling,57,0.6000000000000001,0.6000000000000001,1.0106194690265475,1.0106194690265475,True,True
Matbench-Gap,PseudoLabeling,58,0.01,0.01,0.2380235988200574,0.2380235988200574,True,True
Matbench-Gap,PseudoLabeling,59,0.2999999999999998,0.2999999999999998,0.5672566371681399,0.5672566371681399,True,True
Matbench-Gap,PseudoLabeling,60,0.1,0.1,0.1601769911504421,0.1601769911504421,True,True
Matbench-Gap,PseudoLabeling,61,0.0,0.0,0.4044247787610615,0.4044247787610615,True,True
Matbench-Gap,Curriculum,42,0.1,0.1,0.6221238938053084,0.6221238938053084,True,True
Matbench-Gap,Curriculum,43,0.1500000000000001,0.1500000000000001,0.1500000000000001,0.1500000000000001,True,True
Matbench-Gap,Curriculum,44,0.1500000000000001,0.1500000000000001,0.3933628318584061,0.3933628318584061,True,True
Matbench-Gap,Curriculum,45,0.07,0.07,0.6584955752212366,0.6584955752212366,True,True
Matbench-Gap,Curriculum,46,0.1,0.1,0.2929203539822996,0.2929203539822996,True,True
Park-Unfav,KnowledgeDistillation,42,0.0,0.0,3.90261157051304e-08,3.90261157051304e-08,True,True
Park-Unfav,KnowledgeDistillation,43,0.0,0.0,0.3584547450306969,0.3584547450306969,True,True
Park-Unfav,KnowledgeDistillation,44,0.0,0.0,0.2688427080592081,0.2688427080592081,True,True
Park-Unfav,KnowledgeDistillation,45,0.0,0.0,0.0896146490269751,0.0896146490269751,True,True
Park-Unfav,KnowledgeDistillation,46,0.0,0.0,0.3749382612831348,0.3749382612831348,True,True
Branin-Fav,DNGOGradient,42,0.0681981043913921,0.0681981043913921,1.488152894740513,1.488152894740513,True,True
Branin-Fav,DNGOGradient,43,0.0681981043913921,0.0681981043913921,2.118002894774845,2.118002894774845,True,True
Branin-Fav,DNGOGradient,44,0.0681981043913921,0.0681981043913921,2.418441928441037,2.418441928441037,True,True
Branin-Fav,DNGOGradient,45,0.0681981043913921,0.0681981043913921,1.7749994264962494,1.7749994264962494,True,True
Branin-Fav,DNGOGradient,46,0.00241426425751,0.00241426425751,1.881314195721221,1.881314195721221,True,True
Branin-Fav,KnowledgeDistillation,57,0.1388635850122277,0.1388635850122277,0.3143375985296913,0.3143375985296913,True,True
Branin-Fav,KnowledgeDistillation,58,1.0472265956176212,1.0472265956176212,3.3560810181460456,3.3560810181460456,True,True
Branin-Fav,KnowledgeDistillation,59,0.4078043888879996,0.4078043888879996,4.835514456862752,4.835514456862752,True,True
Branin-Fav,KnowledgeDistillation,60,0.0681981043913921,0.0681981043913921,2.6869272008653784,2.6869272008653784,True,True
Branin-Fav,KnowledgeDistillation,61,0.1388635850122277,0.1388635850122277,1.7422784014964765,1.7422784014964765,True,True
FreeSolv,Sequential,57,0.0,0.0,0.2190528634361217,0.2190528634361217,True,True
FreeSolv,Sequential,58,0.0,0.0,0.029735682819383,0.029735682819383,True,True
FreeSolv,Sequential,59,0.0,0.0,0.3825991189427284,0.3825991189427284,True,True
FreeSolv,Sequential,60,0.0,0.0,0.0284140969162993,0.0284140969162993,True,True
FreeSolv,Sequential,61,0.0,0.0,0.3026431718061652,0.3026431718061652,True,True
COFs,SoftParameterSharing,57,0.0,0.0,1.920193164459652,1.920193164459652,True,True
COFs,SoftParameterSharing,58,0.0,0.0,1.93888567296939,1.93888567296939,True,True
COFs,SoftParameterSharing,59,0.0,0.0,0.9372092897959348,0.9372092897959348,True,True
COFs,SoftParameterSharing,60,0.0,0.0,0.801935652681938,0.801935652681938,True,True
COFs,SoftParameterSharing,61,0.0,0.0,1.6969586369729437,1.6969586369729437,True,True
Branin-Unfav,DNGOGradient,57,0.1534502254535983,0.1534502254535983,2.30250624375792,2.30250624375792,True,True
Branin-Unfav,DNGOGradient,58,0.8989719841492736,0.8989719841492736,5.700742338006024,5.700742338006024,True,True
Branin-Unfav,DNGOGradient,59,2.3273694998934467,2.3273694998934467,4.75588860856554,4.75588860856554,True,True
Branin-Unfav,DNGOGradient,60,0.00241426425751,0.00241426425751,2.885861003071444,2.885861003071444,True,True
Branin-Unfav,DNGOGradient,61,2.3273694998934467,2.3273694998934467,5.83442138283083,5.83442138283083,True,True
Polarizability,TwoStageJoint,52,0.0,0.0,0.0,0.0,True,True
Polarizability,TwoStageJoint,53,0.0,0.0,0.0321550990596623,0.0321550990596623,True,True
Polarizability,TwoStageJoint,54,0.0,0.0,0.0,0.0,True,True
Polarizability,TwoStageJoint,55,0.0,0.0,0.023330665708893,0.023330665708893,True,True
Polarizability,TwoStageJoint,56,0.0,0.0,0.006419955598516,0.006419955598516,True,True
COFs,DomainAdaptationMMD,47,0.0,0.0,0.9635182951704374,0.9635182951704374,True,True
COFs,DomainAdaptationMMD,48,0.0,0.0,1.0749072825494663,1.0749072825494663,True,True
COFs,DomainAdaptationMMD,49,0.0,0.0,0.9363806951965206,0.9363806951965206,True,True
COFs,DomainAdaptationMMD,50,0.0,0.0,0.4431852036118852,0.4431852036118852,True,True
COFs,DomainAdaptationMMD,51,0.0,0.0,1.5785537212397955,1.5785537212397955,True,True
Branin-Unfav,Curriculum,52,3.184115231995301,3.184115231995301,3.184115231995301,3.184115231995301,True,True
Branin-Unfav,Curriculum,53,5.396536248624538,5.396536248624538,5.526002301814821,5.526002301814821,True,True
Branin-Unfav,Curriculum,54,0.230368583809307,0.230368583809307,2.5593471911348336,2.5593471911348336,True,True
Branin-Unfav,Curriculum,55,4.142842528648427,4.142842528648427,6.182846128472632,6.182846128472632,True,True
Branin-Unfav,Curriculum,56,0.1464807059646879,0.1464807059646879,1.2335676451376325,1.2335676451376325,True,True
Polarizability,Sequential,57,0.0,0.0,0.0277071767935957,0.0277071767935957,True,True
Polarizability,Sequential,58,0.0,0.0,0.0307803886214567,0.0307803886214567,True,True
Polarizability,Sequential,59,0.0,0.0,0.026387787422472,0.026387787422472,True,True
Polarizability,Sequential,60,0.0,0.0,0.006419955598516,0.006419955598516,True,True
Polarizability,Sequential,61,0.0,0.0,0.026387787422472,0.026387787422472,True,True
Branin-Unfav,Sequential,52,3.184115231995301,3.184115231995301,3.184115231995301,3.184115231995301,True,True
Branin-Unfav,Sequential,53,5.396536248624538,5.396536248624538,5.526002301814821,5.526002301814821,True,True
Branin-Unfav,Sequential,54,0.230368583809307,0.230368583809307,2.5593471911348336,2.5593471911348336,True,True
Branin-Unfav,Sequential,55,4.142842528648427,4.142842528648427,6.182846128472632,6.182846128472632,True,True
Branin-Unfav,Sequential,56,0.2765471034587321,0.2765471034587321,1.25071925799399,1.25071925799399,True,True
Branin-Unfav,DomainAdaptationMMD,52,3.07657071621084,3.07657071621084,3.179388000532248,3.179388000532248,True,True
Branin-Unfav,DomainAdaptationMMD,53,4.142842528648427,4.142842528648427,5.5657196776585725,5.5657196776585725,True,True
Branin-Unfav,DomainAdaptationMMD,54,3.180609312939413,3.180609312939413,3.3670286809543835,3.3670286809543835,True,True
Branin-Unfav,DomainAdaptationMMD,55,4.142842528648427,4.142842528648427,6.308251232031094,6.308251232031094,True,True
Branin-Unfav,DomainAdaptationMMD,56,0.1388635850122277,0.1388635850122277,3.784074992900444,3.784074992900444,True,True
Polarizability,TwoStageJoint,47,0.0,0.0,0.0246178748514526,0.0246178748514526,True,True
Polarizability,TwoStageJoint,48,0.0,0.0,0.0,0.0,True,True
Polarizability,TwoStageJoint,49,0.0,0.0,0.026387787422472,0.026387787422472,True,True
Polarizability,TwoStageJoint,50,0.0,0.0,0.0280289790792355,0.0280289790792355,True,True
Polarizability,TwoStageJoint,51,0.0,0.0,0.0,0.0,True,True
HOPV15,TwoStageJoint,57,3.2,3.2,5.278598484848481,5.278598484848481,True,True
HOPV15,TwoStageJoint,58,3.499999999999999,3.499999999999999,3.992234848484845,3.992234848484845,True,True
HOPV15,TwoStageJoint,59,0.0,0.0,1.6176136363636298,1.6176136363636298,True,True
HOPV15,TwoStageJoint,60,0.0,0.0,3.412689393939382,3.412689393939382,True,True
HOPV15,TwoStageJoint,61,4.499999999999999,4.499999999999999,5.2842803030303,5.2842803030303,True,True
Polarizability,PseudoLabeling,52,0.0,0.0,0.0,0.0,True,True
Polarizability,PseudoLabeling,53,0.0,0.0,0.0321550990596623,0.0321550990596623,True,True
Polarizability,PseudoLabeling,54,0.0,0.0,0.0,0.0,True,True
Polarizability,PseudoLabeling,55,0.0,0.0,0.023330665708893,0.023330665708893,True,True
Polarizability,PseudoLabeling,56,0.0,0.0,0.006419955598516,0.006419955598516,True,True
Branin-Unfav,DNGOJoint,52,3.184115231995301,3.184115231995301,3.184115231995301,3.184115231995301,True,True
Branin-Unfav,DNGOJoint,53,1.2801656195892637,1.2801656195892637,4.93249443969998,4.93249443969998,True,True
Branin-Unfav,DNGOJoint,54,0.1534502254535983,0.1534502254535983,1.4143682589214377,1.4143682589214377,True,True
Branin-Unfav,DNGOJoint,55,4.5702706526205095,4.5702706526205095,6.428608445904355,6.428608445904355,True,True
Branin-Unfav,DNGOJoint,56,0.00241426425751,0.00241426425751,1.6065638414789822,1.6065638414789822,True,True
Matbench-Gap,Progressive,52,0.4699999999999998,0.4699999999999998,0.9876991150442466,0.9876991150442466,True,True
Matbench-Gap,Progressive,53,0.01,0.01,0.1377286135693206,0.1377286135693206,True,True
Matbench-Gap,Progressive,54,0.2999999999999998,0.2999999999999998,0.5389380530973434,0.5389380530973434,True,True
Matbench-Gap,Progressive,55,0.2000000000000001,0.2000000000000001,0.306194690265486,0.306194690265486,True,True
Matbench-Gap,Progressive,56,0.1,0.1,0.2976401179940991,0.2976401179940991,True,True
Matbench-Gap,KnowledgeDistillation,52,0.0,0.0,0.5014749262536852,0.5014749262536852,True,True
Matbench-Gap,KnowledgeDistillation,53,0.1,0.1,0.4746312684365759,0.4746312684365759,True,True
Matbench-Gap,KnowledgeDistillation,54,0.01,0.01,0.2380235988200574,0.2380235988200574,True,True
Matbench-Gap,KnowledgeDistillation,55,0.1,0.1,0.3212389380530959,0.3212389380530959,True,True
Matbench-Gap,KnowledgeDistillation,56,0.1,0.1,0.2480825958702055,0.2480825958702055,True,True
Park-Fav,PseudoLabeling,57,0.0,0.0,0.0830507115365697,0.0830507115365697,True,True
Park-Fav,PseudoLabeling,58,0.0,0.0,0.1551917470545028,0.1551917470545028,True,True
Park-Fav,PseudoLabeling,59,0.0,0.0,0.2555072534419534,0.2555072534419534,True,True
Park-Fav,PseudoLabeling,60,0.0,0.0,0.0830510584684067,0.0830510584684067,True,True
Park-Fav,PseudoLabeling,61,0.0,0.0,0.2472837186303502,0.2472837186303502,True,True
Matbench-Gap,Curriculum,47,0.02,0.02,0.5645427728613557,0.5645427728613557,True,True
Matbench-Gap,Curriculum,48,0.4699999999999998,0.4699999999999998,0.923982300884954,0.923982300884954,True,True
Matbench-Gap,Curriculum,49,0.01,0.01,0.215014749262536,0.215014749262536,True,True
Matbench-Gap,Curriculum,50,0.1,0.1,0.2150442477876098,0.2150442477876098,True,True
Matbench-Gap,Curriculum,51,0.1,0.1,0.1943952802359875,0.1943952802359875,True,True
Matbench-Gap,Progressive,42,0.01,0.01,0.2698820058997038,0.2698820058997038,True,True
Matbench-Gap,Progressive,43,0.1500000000000001,0.1500000000000001,0.1500000000000001,0.1500000000000001,True,True
Matbench-Gap,Progressive,44,0.01,0.01,0.4038053097345117,0.4038053097345117,True,True
Matbench-Gap,Progressive,45,0.01,0.01,0.553067846607667,0.553067846607667,True,True
Matbench-Gap,Progressive,46,0.1,0.1,0.285840707964601,0.285840707964601,True,True
FreeSolv,PseudoLabeling,47,0.0,0.0,0.3327092511013191,0.3327092511013191,True,True
FreeSolv,PseudoLabeling,48,0.0,0.0,0.3564977973568256,0.3564977973568256,True,True
FreeSolv,PseudoLabeling,49,0.0,0.0,0.2174008810572671,0.2174008810572671,True,True
FreeSolv,PseudoLabeling,50,0.0,0.0,0.5557268722466918,0.5557268722466918,True,True
FreeSolv,PseudoLabeling,51,0.0,0.0,0.2292951541850204,0.2292951541850204,True,True
HOPV15,DomainAdaptationMMD,52,0.0,0.0,2.850378787878785,2.850378787878785,True,True
HOPV15,DomainAdaptationMMD,53,0.0,0.0,3.517992424242415,3.517992424242415,True,True
HOPV15,DomainAdaptationMMD,54,3.9,3.9,5.057007575757573,5.057007575757573,True,True
HOPV15,DomainAdaptationMMD,55,0.0,0.0,1.962689393939385,1.962689393939385,True,True
HOPV15,DomainAdaptationMMD,56,0.0,0.0,2.721590909090897,2.721590909090897,True,True
Park-Fav,PseudoLabeling,42,0.0,0.0,0.1574726398026053,0.1574726398026053,True,True
Park-Fav,PseudoLabeling,43,0.0,0.0,0.1111220081057651,0.1111220081057651,True,True
Park-Fav,PseudoLabeling,44,0.0,0.0,0.1574726390305497,0.1574726390305497,True,True
Park-Fav,PseudoLabeling,45,0.0,0.0,0.0830501504345781,0.0830501504345781,True,True
Park-Fav,PseudoLabeling,46,0.0,0.0,0.1761528182404042,0.1761528182404042,True,True
COFs,Adapter,57,0.0,0.0,1.2738448870749344,1.2738448870749344,True,True
COFs,Adapter,58,0.0,0.0,1.0581071986550394,1.0581071986550394,True,True
COFs,Adapter,59,0.0,0.0,0.3713677499086647,0.3713677499086647,True,True
COFs,Adapter,60,0.0,0.0,0.5681213246463922,0.5681213246463922,True,True
COFs,Adapter,61,0.0,0.0,1.0597140061380417,1.0597140061380417,True,True
FreeSolv,SoftParameterSharing,42,0.0,0.0,0.0089207048458149,0.0089207048458149,True,True
FreeSolv,SoftParameterSharing,43,0.0,0.0,0.2438325991189409,0.2438325991189409,True,True
FreeSolv,SoftParameterSharing,44,0.0,0.0,0.3571585903083675,0.3571585903083675,True,True
FreeSolv,SoftParameterSharing,45,0.0,0.0,0.3327092511013191,0.3327092511013191,True,True
FreeSolv,SoftParameterSharing,46,0.0,0.0,0.5121145374449301,0.5121145374449301,True,True
HOPV15,DNGOGradient,52,0.0,0.0,2.5852272727272685,2.5852272727272685,True,True
HOPV15,DNGOGradient,53,3.9,3.9,4.258522727272726,4.258522727272726,True,True
HOPV15,DNGOGradient,54,3.9,3.9,4.571401515151512,4.571401515151512,True,True
HOPV15,DNGOGradient,55,4.109999999999999,4.109999999999999,5.786136363636358,5.786136363636358,True,True
HOPV15,DNGOGradient,56,0.0,0.0,0.7791666666666632,0.7791666666666632,True,True
Matbench-Gap,DomainAdaptationMMD,52,0.01,0.01,0.4598525073746303,0.4598525073746303,True,True
Matbench-Gap,DomainAdaptationMMD,53,0.1,0.1,0.4156342182890842,0.4156342182890842,True,True
Matbench-Gap,DomainAdaptationMMD,54,0.01,0.01,0.3430383480825937,0.3430383480825937,True,True
Matbench-Gap,DomainAdaptationMMD,55,0.0,0.0,0.4660766961651899,0.4660766961651899,True,True
Matbench-Gap,DomainAdaptationMMD,56,0.2999999999999998,0.2999999999999998,0.4504424778761052,0.4504424778761052,True,True
Branin-Unfav,Curriculum,47,2.3273694998934467,2.3273694998934467,5.055494851438569,5.055494851438569,True,True
Branin-Unfav,Curriculum,48,5.937743147166876,5.937743147166876,5.937743147166877,5.937743147166877,True,True
Branin-Unfav,Curriculum,49,3.180609312939413,3.180609312939413,3.272661338566416,3.272661338566416,True,True
Branin-Unfav,Curriculum,50,0.1464807059646879,0.1464807059646879,1.8257070910657447,1.8257070910657447,True,True
Branin-Unfav,Curriculum,51,4.056300340445636,4.056300340445636,7.679417849254901,7.679417849254901,True,True
Branin-Unfav,PseudoLabeling,42,0.2639537746364127,0.2639537746364127,1.4703268744153168,1.4703268744153168,True,True
Branin-Unfav,PseudoLabeling,43,0.1464807059646879,0.1464807059646879,1.0380074617887247,1.0380074617887247,True,True
Branin-Unfav,PseudoLabeling,44,3.180609312939413,3.180609312939413,5.724338252689704,5.724338252689704,True,True
Branin-Unfav,PseudoLabeling,45,0.5121657420372774,0.5121657420372774,8.458833784639973,8.458833784639973,True,True
Branin-Unfav,PseudoLabeling,46,0.0457697300888585,0.0457697300888585,1.638243705285491,1.638243705285491,True,True
Branin-Fav,TwoStageJoint,57,0.4613831506427122,0.4613831506427122,0.4613831506427121,0.4613831506427121,True,True
Branin-Fav,TwoStageJoint,58,2.549709755840878,2.549709755840878,7.210932548988013,7.210932548988013,True,True
Branin-Fav,TwoStageJoint,59,1.1039132572873882,1.1039132572873882,5.766123166031789,5.766123166031789,True,True
Branin-Fav,TwoStageJoint,60,0.0681981043913921,0.0681981043913921,2.29198573023643,2.29198573023643,True,True
Branin-Fav,TwoStageJoint,61,0.1388635850122277,0.1388635850122277,0.982679735511418,0.982679735511418,True,True
Branin-Unfav,DomainAdaptationMMD,47,2.3273694998934467,2.3273694998934467,4.749160911084031,4.749160911084031,True,True
Branin-Unfav,DomainAdaptationMMD,48,5.937743147166876,5.937743147166876,5.937743147166877,5.937743147166877,True,True
Branin-Unfav,DomainAdaptationMMD,49,3.3551091224877183,3.3551091224877183,4.912583157639772,4.912583157639772,True,True
Branin-Unfav,DomainAdaptationMMD,50,4.142842528648427,4.142842528648427,5.996537898922135,5.996537898922135,True,True
Branin-Unfav,DomainAdaptationMMD,51,5.396536248624538,5.396536248624538,8.760141348255013,8.760141348255013,True,True
Park-Unfav,TwoStageJoint,47,0.0,0.0,0.0,0.0,True,True
Park-Unfav,TwoStageJoint,48,0.0,0.0,0.2078854445802415,0.2078854445802415,True,True
Park-Unfav,TwoStageJoint,49,0.0,0.0,0.1792273717289163,0.1792273717289163,True,True
Park-Unfav,TwoStageJoint,50,0.0,0.0,0.0,0.0,True,True
Park-Unfav,TwoStageJoint,51,0.0,0.0,1.272943497192152e-08,1.272943497192152e-08,True,True
Park-Fav,SoftParameterSharing,42,0.0,0.0,0.1574726399297749,0.1574726399297749,True,True
Park-Fav,SoftParameterSharing,43,0.0,0.0,0.111121995943979,0.111121995943979,True,True
Park-Fav,SoftParameterSharing,44,0.0,0.0,0.1574726387762103,0.1574726387762103,True,True
Park-Fav,SoftParameterSharing,45,0.0,0.0,0.0830501384360817,0.0830501384360817,True,True
Park-Fav,SoftParameterSharing,46,0.0,0.0,0.1761528163192759,0.1761528163192759,True,True
HOPV15,Sequential,42,0.0,0.0,3.333522727272717,3.333522727272717,True,True
HOPV15,Sequential,43,3.9,3.9,5.094128787878784,5.094128787878784,True,True
HOPV15,Sequential,44,0.0,0.0,1.0979166666666618,1.0979166666666618,True,True
HOPV15,Sequential,45,3.9,3.9,4.452462121212118,4.452462121212118,True,True
HOPV15,Sequential,46,0.0,0.0,4.589772727272724,4.589772727272724,True,True
Branin-Fav,SoftParameterSharing,57,0.0681981043913921,0.0681981043913921,0.3463172061080343,0.3463172061080343,True,True
Branin-Fav,SoftParameterSharing,58,0.6621478693184315,0.6621478693184315,3.4587156587664287,3.4587156587664287,True,True
Branin-Fav,SoftParameterSharing,59,1.1039132572873882,1.1039132572873882,6.091639641781275,6.091639641781275,True,True
Branin-Fav,SoftParameterSharing,60,0.0681981043913921,0.0681981043913921,1.8560112442687844,1.8560112442687844,True,True
Branin-Fav,SoftParameterSharing,61,0.1388635850122277,0.1388635850122277,2.2254425185556745,2.2254425185556745,True,True
Park-Fav,Progressive,57,0.0,0.0,0.0830506897327167,0.0830506897327167,True,True
Park-Fav,Progressive,58,0.0,0.0,0.1551917277814989,0.1551917277814989,True,True
Park-Fav,Progressive,59,0.0,0.0,0.2555072429694929,0.2555072429694929,True,True
Park-Fav,Progressive,60,0.0,0.0,0.0830510456296564,0.0830510456296564,True,True
Park-Fav,Progressive,61,0.0,0.0,0.2472837127107259,0.2472837127107259,True,True
FreeSolv,KnowledgeDistillation,52,0.0,0.0,0.5408590308370005,0.5408590308370005,True,True
FreeSolv,KnowledgeDistillation,53,0.0,0.0,0.345925110132156,0.345925110132156,True,True
FreeSolv,KnowledgeDistillation,54,0.0,0.0,0.0165198237885461,0.0165198237885461,True,True
FreeSolv,KnowledgeDistillation,55,0.0,0.0,0.0165198237885461,0.0165198237885461,True,True
FreeSolv,KnowledgeDistillation,56,0.0,0.0,0.294713656387663,0.294713656387663,True,True
Polarizability,SoftParameterSharing,42,0.0,0.0,0.023330665708893,0.023330665708893,True,True
Polarizability,SoftParameterSharing,43,0.0,0.0,0.0368785419343329,0.0368785419343329,True,True
Polarizability,SoftParameterSharing,44,0.0,0.0,0.026387787422472,0.026387787422472,True,True
Polarizability,SoftParameterSharing,45,0.0,0.0,0.023330665708893,0.023330665708893,True,True
Polarizability,SoftParameterSharing,46,0.0,0.0,0.0,0.0,True,True
Polarizability,TwoStageJoint,57,0.0,0.0,0.0277071767935957,0.0277071767935957,True,True
Polarizability,TwoStageJoint,58,0.0,0.0,0.0307803886214567,0.0307803886214567,True,True
Polarizability,TwoStageJoint,59,0.0,0.0,0.026387787422472,0.026387787422472,True,True
Polarizability,TwoStageJoint,60,0.0,0.0,0.006419955598516,0.006419955598516,True,True
Polarizability,TwoStageJoint,61,0.0,0.0,0.026387787422472,0.026387787422472,True,True
Matbench-Gap,PseudoLabeling,47,0.02,0.02,0.5645427728613557,0.5645427728613557,True,True
Matbench-Gap,PseudoLabeling,48,0.4699999999999998,0.4699999999999998,0.923982300884954,0.923982300884954,True,True
Matbench-Gap,PseudoLabeling,49,0.01,0.01,0.215014749262536,0.215014749262536,True,True
Matbench-Gap,PseudoLabeling,50,0.1,0.1,0.2150442477876098,0.2150442477876098,True,True
Matbench-Gap,PseudoLabeling,51,0.1,0.1,0.1943952802359875,0.1943952802359875,True,True
Branin-Unfav,PseudoLabeling,57,3.5800652789754164,3.5800652789754164,3.5800652789754177,3.5800652789754177,True,True
Branin-Unfav,PseudoLabeling,58,2.07151463205623,2.07151463205623,6.707494458961638,6.707494458961638,True,True
Branin-Unfav,PseudoLabeling,59,1.4870517848377072,1.4870517848377072,4.48187723435741,4.48187723435741,True,True
Branin-Unfav,PseudoLabeling,60,0.0681981043913921,0.0681981043913921,4.025883809083724,4.025883809083724,True,True
Branin-Unfav,PseudoLabeling,61,3.07657071621084,3.07657071621084,5.8174457841223965,5.8174457841223965,True,True
FreeSolv,KnowledgeDistillation,42,0.0,0.0,0.0089207048458149,0.0089207048458149,True,True
FreeSolv,KnowledgeDistillation,43,0.0,0.0,0.3288546255506585,0.3288546255506585,True,True
FreeSolv,KnowledgeDistillation,44,0.0,0.0,0.3095814977973545,0.3095814977973545,True,True
FreeSolv,KnowledgeDistillation,45,0.0,0.0,0.3089207048458127,0.3089207048458127,True,True
FreeSolv,KnowledgeDistillation,46,0.0,0.0,0.5240088105726833,0.5240088105726833,True,True
Branin-Unfav,Adapter,52,3.184115231995301,3.184115231995301,3.184115231995301,3.184115231995301,True,True
Branin-Unfav,Adapter,53,4.722805902881438,4.722805902881438,5.836006265393489,5.836006265393489,True,True
Branin-Unfav,Adapter,54,0.0681981043913921,0.0681981043913921,1.32343474212334,1.32343474212334,True,True
Branin-Unfav,Adapter,55,3.3551091224877183,3.3551091224877183,6.173553136626769,6.173553136626769,True,True
Branin-Unfav,Adapter,56,0.0681981043913921,0.0681981043913921,1.6476454364969515,1.6476454364969515,True,True
Matbench-Gap,Sequential,42,0.3999999999999999,0.3999999999999999,0.7244837758112084,0.7244837758112084,True,True
Matbench-Gap,Sequential,43,0.1500000000000001,0.1500000000000001,0.1500000000000001,0.1500000000000001,True,True
Matbench-Gap,Sequential,44,0.1500000000000001,0.1500000000000001,0.3933628318584061,0.3933628318584061,True,True
Matbench-Gap,Sequential,45,0.6600000000000001,0.6600000000000001,1.1620648967551614,1.1620648967551614,True,True
Matbench-Gap,Sequential,46,0.1,0.1,0.6492625368731542,0.6492625368731542,True,True
HOPV15,Progressive,47,4.699999999999999,4.699999999999999,5.219696969696968,5.219696969696968,True,True
HOPV15,Progressive,48,3.2,3.2,3.858143939393937,3.858143939393937,True,True
HOPV15,Progressive,49,4.02,4.02,4.888749999999998,4.888749999999998,True,True
HOPV15,Progressive,50,4.499999999999999,4.499999999999999,4.976136363636362,4.976136363636362,True,True
HOPV15,Progressive,51,0.0,0.0,2.850378787878785,2.850378787878785,True,True
HOPV15,Progressive,57,0.0,0.0,3.4172348484848385,3.4172348484848385,True,True
HOPV15,Progressive,58,0.0,0.0,2.902462121212112,2.902462121212112,True,True
HOPV15,Progressive,59,0.0,0.0,2.635795454545449,2.635795454545449,True,True
HOPV15,Progressive,60,3.499999999999999,3.499999999999999,4.575946969696963,4.575946969696963,True,True
HOPV15,Progressive,61,0.0,0.0,2.9907196969696868,2.9907196969696868,True,True
Branin-Unfav,Curriculum,57,3.5800652789754164,3.5800652789754164,3.5800652789754177,3.5800652789754177,True,True
Branin-Unfav,Curriculum,58,2.07151463205623,2.07151463205623,6.707494458961638,6.707494458961638,True,True
Branin-Unfav,Curriculum,59,1.4870517848377072,1.4870517848377072,4.48187723435741,4.48187723435741,True,True
Branin-Unfav,Curriculum,60,0.0681981043913921,0.0681981043913921,4.025883809083724,4.025883809083724,True,True
Branin-Unfav,Curriculum,61,3.07657071621084,3.07657071621084,5.8174457841223965,5.8174457841223965,True,True
FreeSolv,SoftParameterSharing,57,0.0,0.0,0.2309471365638749,0.2309471365638749,True,True
FreeSolv,SoftParameterSharing,58,0.0,0.0,0.0403083700440525,0.0403083700440525,True,True
FreeSolv,SoftParameterSharing,59,0.0,0.0,0.4658590308370012,0.4658590308370012,True,True
FreeSolv,SoftParameterSharing,60,0.0,0.0,0.0284140969162993,0.0284140969162993,True,True
FreeSolv,SoftParameterSharing,61,0.0,0.0,0.3740088105726846,0.3740088105726846,True,True
HOPV15,PseudoLabeling,52,3.499999999999999,3.499999999999999,3.4999999999999987,3.4999999999999987,True,True
HOPV15,PseudoLabeling,53,0.0,0.0,3.723295454545445,3.723295454545445,True,True
HOPV15,PseudoLabeling,54,0.0,0.0,4.114962121212118,4.114962121212118,True,True
HOPV15,PseudoLabeling,55,3.9,3.9,5.24488636363636,5.24488636363636,True,True
HOPV15,PseudoLabeling,56,0.0,0.0,0.3488636363636349,0.3488636363636349,True,True
Branin-Unfav,SoftParameterSharing,57,3.5800652789754164,3.5800652789754164,3.5800652789754177,3.5800652789754177,True,True
Branin-Unfav,SoftParameterSharing,58,5.396536248624538,5.396536248624538,6.711224324411415,6.711224324411415,True,True
Branin-Unfav,SoftParameterSharing,59,2.3273694998934467,2.3273694998934467,4.756730294036639,4.756730294036639,True,True
Branin-Unfav,SoftParameterSharing,60,3.180609312939413,3.180609312939413,7.808470509025038,7.808470509025038,True,True
Branin-Unfav,SoftParameterSharing,61,2.3273694998934467,2.3273694998934467,5.358856786892235,5.358856786892235,True,True
Polarizability,KnowledgeDistillation,42,0.0,0.0,0.023330665708893,0.023330665708893,True,True
Polarizability,KnowledgeDistillation,43,0.0,0.0,0.0368785419343329,0.0368785419343329,True,True
Polarizability,KnowledgeDistillation,44,0.0,0.0,0.026387787422472,0.026387787422472,True,True
Polarizability,KnowledgeDistillation,45,0.0,0.0,0.023330665708893,0.023330665708893,True,True
Polarizability,KnowledgeDistillation,46,0.0,0.0,0.0,0.0,True,True
Branin-Unfav,TwoStageJoint,42,5.396536248624538,5.396536248624538,5.578590965393755,5.578590965393755,True,True
Branin-Unfav,TwoStageJoint,43,5.396536248624538,5.396536248624538,6.483770701026684,6.483770701026684,True,True
Branin-Unfav,TwoStageJoint,44,5.396536248624538,5.396536248624538,5.778369784210068,5.778369784210068,True,True
Branin-Unfav,TwoStageJoint,45,3.180609312939413,3.180609312939413,8.086509730891283,8.086509730891283,True,True
Branin-Unfav,TwoStageJoint,46,4.056300340445636,4.056300340445636,4.059966905151445,4.059966905151445,True,True
Polarizability,DomainAdaptationMMD,42,0.0,0.0,0.023330665708893,0.023330665708893,True,True
Polarizability,DomainAdaptationMMD,43,0.0,0.0,0.0368785419343329,0.0368785419343329,True,True
Polarizability,DomainAdaptationMMD,44,0.0,0.0,0.0416480856982385,0.0416480856982385,True,True
Polarizability,DomainAdaptationMMD,45,0.0,0.0,0.023330665708893,0.023330665708893,True,True
Polarizability,DomainAdaptationMMD,46,0.0,0.0,0.0,0.0,True,True
Matbench-Gap,DNGOGradient,52,0.0,0.0,0.312684365781709,0.312684365781709,True,True
Matbench-Gap,DNGOGradient,53,0.07,0.07,0.6171976401179927,0.6171976401179927,True,True
Matbench-Gap,DNGOGradient,54,0.1,0.1,0.5572271386430657,0.5572271386430657,True,True
Matbench-Gap,DNGOGradient,55,0.0,0.0,0.3834808259587001,0.3834808259587001,True,True
Matbench-Gap,DNGOGradient,56,0.01,0.01,0.6203244837758105,0.6203244837758105,True,True
Branin-Fav,DomainAdaptationMMD,42,0.0681981043913921,0.0681981043913921,2.9860898307184223,2.9860898307184223,True,True
Branin-Fav,DomainAdaptationMMD,43,1.0543864232372633,1.0543864232372633,3.062529111377936,3.062529111377936,True,True
Branin-Fav,DomainAdaptationMMD,44,0.6621478693184315,0.6621478693184315,4.591032360455593,4.591032360455593,True,True
Branin-Fav,DomainAdaptationMMD,45,0.6621478693184315,0.6621478693184315,2.5812652979971853,2.5812652979971853,True,True
Branin-Fav,DomainAdaptationMMD,46,0.00241426425751,0.00241426425751,3.8059642817349495,3.8059642817349495,True,True
HOPV15,DNGOJoint,57,3.9,3.9,4.998674242424239,4.998674242424239,True,True
HOPV15,DNGOJoint,58,0.0,0.0,1.0979166666666618,1.0979166666666618,True,True
HOPV15,DNGOJoint,59,0.0,0.0,2.200189393939387,2.200189393939387,True,True
HOPV15,DNGOJoint,60,0.0,0.0,3.125568181818169,3.125568181818169,True,True
HOPV15,DNGOJoint,61,0.0,0.0,2.336931818181808,2.336931818181808,True,True
Matbench-Gap,TwoStageJoint,47,0.1199999999999998,0.1199999999999998,0.2332743362831849,0.2332743362831849,True,True
Matbench-Gap,TwoStageJoint,48,0.2000000000000001,0.2000000000000001,0.6436578171091428,0.6436578171091428,True,True
Matbench-Gap,TwoStageJoint,49,0.02,0.02,0.0872566371681411,0.0872566371681411,True,True
Matbench-Gap,TwoStageJoint,50,0.1,0.1,0.2150442477876098,0.2150442477876098,True,True
Matbench-Gap,TwoStageJoint,51,0.01,0.01,0.1937758112094383,0.1937758112094383,True,True
HOPV15,PseudoLabeling,47,3.499999999999999,3.499999999999999,4.145454545454541,4.145454545454541,True,True
HOPV15,PseudoLabeling,48,0.0,0.0,3.62102272727272,3.62102272727272,True,True
HOPV15,PseudoLabeling,49,3.499999999999999,3.499999999999999,4.074053030303027,4.074053030303027,True,True
HOPV15,PseudoLabeling,50,0.0,0.0,4.096969696969691,4.096969696969691,True,True
HOPV15,PseudoLabeling,51,0.0,0.0,0.994318181818177,0.994318181818177,True,True
Branin-Fav,Curriculum,42,0.00241426425751,0.00241426425751,0.8469723521448945,0.8469723521448945,True,True
Branin-Fav,Curriculum,43,0.1534502254535983,0.1534502254535983,2.076075767771363,2.076075767771363,True,True
Branin-Fav,Curriculum,44,0.6621478693184315,0.6621478693184315,4.580780526373128,4.580780526373128,True,True
Branin-Fav,Curriculum,45,0.1534502254535983,0.1534502254535983,3.4651140517813177,3.4651140517813177,True,True
Branin-Fav,Curriculum,46,1.1039132572873882,1.1039132572873882,3.150812664944121,3.150812664944121,True,True
HOPV15,Adapter,57,0.0,0.0,2.5111742424242305,2.5111742424242305,True,True
HOPV15,Adapter,58,0.0,0.0,1.8032196969696883,1.8032196969696883,True,True
HOPV15,Adapter,59,0.0,0.0,1.4971590909090842,1.4971590909090842,True,True
HOPV15,Adapter,60,3.499999999999999,3.499999999999999,4.689583333333326,4.689583333333326,True,True
HOPV15,Adapter,61,0.0,0.0,2.505871212121201,2.505871212121201,True,True
Park-Fav,Curriculum,47,0.0,0.0,0.2555072484866812,0.2555072484866812,True,True
Park-Fav,Curriculum,48,0.0,0.0,0.0830507155378914,0.0830507155378914,True,True
Park-Fav,Curriculum,49,0.0,0.0,0.2176776237260549,0.2176776237260549,True,True
Park-Fav,Curriculum,50,0.0,0.0,0.1551917369042075,0.1551917369042075,True,True
Park-Fav,Curriculum,51,0.0,0.0,0.210803239042858,0.210803239042858,True,True
Branin-Fav,Curriculum,52,0.1534502254535983,0.1534502254535983,2.658253564158563,2.658253564158563,True,True
Branin-Fav,Curriculum,53,0.3801927577659061,0.3801927577659061,2.931083776675885,2.931083776675885,True,True
Branin-Fav,Curriculum,54,0.0681981043913921,0.0681981043913921,2.5547634027645847,2.5547634027645847,True,True
Branin-Fav,Curriculum,55,0.230368583809307,0.230368583809307,4.070164774621301,4.070164774621301,True,True
Branin-Fav,Curriculum,56,0.00241426425751,0.00241426425751,0.3791615524942236,0.3791615524942236,True,True
Polarizability,SoftParameterSharing,47,0.0,0.0,0.0246178748514526,0.0246178748514526,True,True
Polarizability,SoftParameterSharing,48,0.0,0.0,0.0,0.0,True,True
Polarizability,SoftParameterSharing,49,0.0,0.0,0.026387787422472,0.026387787422472,True,True
Polarizability,SoftParameterSharing,50,0.0,0.0,0.0280289790792355,0.0280289790792355,True,True
Polarizability,SoftParameterSharing,51,0.0,0.0,0.0,0.0,True,True
Branin-Fav,Sequential,52,0.1534502254535983,0.1534502254535983,2.8022978022143064,2.8022978022143064,True,True
Branin-Fav,Sequential,53,0.00241426425751,0.00241426425751,4.063643647852523,4.063643647852523,True,True
Branin-Fav,Sequential,54,0.1464807059646879,0.1464807059646879,2.6079731209342545,2.6079731209342545,True,True
Branin-Fav,Sequential,55,0.1534502254535983,0.1534502254535983,4.063986676731779,4.063986676731779,True,True
Branin-Fav,Sequential,56,0.00241426425751,0.00241426425751,0.3791615524942236,0.3791615524942236,True,True
Park-Unfav,DomainAdaptationMMD,57,0.0,0.0,0.0896136925201254,0.0896136925201254,True,True
Park-Unfav,DomainAdaptationMMD,58,0.0,0.0,1.2701712323712652e-08,1.2701712323712652e-08,True,True
Park-Unfav,DomainAdaptationMMD,59,0.0,0.0,0.3584547430254365,0.3584547430254365,True,True
Park-Unfav,DomainAdaptationMMD,60,0.0,0.0,0.6770899724763585,0.6770899724763585,True,True
Park-Unfav,DomainAdaptationMMD,61,0.0,0.0,0.0,0.0,True,True
Branin-Fav,Adapter,42,0.00241426425751,0.00241426425751,1.1156302058688292,1.1156302058688292,True,True
Branin-Fav,Adapter,43,0.0681981043913921,0.0681981043913921,2.3595402797733014,2.3595402797733014,True,True
Branin-Fav,Adapter,44,0.1388635850122277,0.1388635850122277,3.2280777867001937,3.2280777867001937,True,True
Branin-Fav,Adapter,45,0.1534502254535983,0.1534502254535983,1.0942663584787182,1.0942663584787182,True,True
Branin-Fav,Adapter,46,0.0681981043913921,0.0681981043913921,1.6703818067577605,1.6703818067577605,True,True
Branin-Unfav,SoftParameterSharing,47,3.3551091224877183,3.3551091224877183,6.73340415332256,6.73340415332256,True,True
Branin-Unfav,SoftParameterSharing,48,4.5702706526205095,4.5702706526205095,5.276547655298304,5.276547655298304,True,True
Branin-Unfav,SoftParameterSharing,49,4.5702706526205095,4.5702706526205095,5.327642022099552,5.327642022099552,True,True
Branin-Unfav,SoftParameterSharing,50,5.396536248624538,5.396536248624538,5.878755254107795,5.878755254107795,True,True
Branin-Unfav,SoftParameterSharing,51,4.056300340445636,4.056300340445636,5.588957147985187,5.588957147985187,True,True
FreeSolv,DomainAdaptationMMD,57,0.0,0.0,0.2190528634361217,0.2190528634361217,True,True
FreeSolv,DomainAdaptationMMD,58,0.0,0.0,0.0165198237885461,0.0165198237885461,True,True
FreeSolv,DomainAdaptationMMD,59,0.0,0.0,0.3825991189427284,0.3825991189427284,True,True
FreeSolv,DomainAdaptationMMD,60,0.0,0.0,0.0165198237885461,0.0165198237885461,True,True
FreeSolv,DomainAdaptationMMD,61,0.0,0.0,0.585022026431714,0.585022026431714,True,True
Branin-Fav,SoftParameterSharing,47,1.4870517848377072,1.4870517848377072,4.891292927686821,4.891292927686821,True,True
Branin-Fav,SoftParameterSharing,48,0.0681981043913921,0.0681981043913921,2.523612951363406,2.523612951363406,True,True
Branin-Fav,SoftParameterSharing,49,1.1039132572873882,1.1039132572873882,3.39391084536377,3.39391084536377,True,True
Branin-Fav,SoftParameterSharing,50,0.2639537746364127,0.2639537746364127,3.966701696007708,3.966701696007708,True,True
Branin-Fav,SoftParameterSharing,51,0.1388635850122277,0.1388635850122277,2.2778998451961345,2.2778998451961345,True,True
HOPV15,KnowledgeDistillation,42,0.0,0.0,3.9244318181818114,3.9244318181818114,True,True
HOPV15,KnowledgeDistillation,43,0.0,0.0,3.0066287878787743,3.0066287878787743,True,True
HOPV15,KnowledgeDistillation,44,0.0,0.0,1.8964015151515063,1.8964015151515063,True,True
HOPV15,KnowledgeDistillation,45,0.0,0.0,4.274053030303027,4.274053030303027,True,True
HOPV15,KnowledgeDistillation,46,0.0,0.0,4.589772727272724,4.589772727272724,True,True
Matbench-Gap,KnowledgeDistillation,42,0.1,0.1,0.6221238938053084,0.6221238938053084,True,True
Matbench-Gap,KnowledgeDistillation,43,0.1500000000000001,0.1500000000000001,0.1500000000000001,0.1500000000000001,True,True
Matbench-Gap,KnowledgeDistillation,44,0.1500000000000001,0.1500000000000001,0.3933628318584061,0.3933628318584061,True,True
Matbench-Gap,KnowledgeDistillation,45,0.07,0.07,0.6584955752212366,0.6584955752212366,True,True
Matbench-Gap,KnowledgeDistillation,46,0.1,0.1,0.2929203539822996,0.2929203539822996,True,True
Branin-Unfav,Sequential,42,0.2639537746364127,0.2639537746364127,1.564440448773579,1.564440448773579,True,True
Branin-Unfav,Sequential,43,0.1464807059646879,0.1464807059646879,1.0380074617887247,1.0380074617887247,True,True
Branin-Unfav,Sequential,44,4.056300340445636,4.056300340445636,6.846570437600721,6.846570437600721,True,True
Branin-Unfav,Sequential,45,0.5121657420372774,0.5121657420372774,8.550061240567388,8.550061240567388,True,True
Branin-Unfav,Sequential,46,0.00241426425751,0.00241426425751,0.8294132608798979,0.8294132608798979,True,True
Matbench-Gap,DNGOJoint,52,0.1,0.1,0.6870206489675496,0.6870206489675496,True,True
Matbench-Gap,DNGOJoint,53,0.1,0.1,0.4628318584070786,0.4628318584070786,True,True
Matbench-Gap,DNGOJoint,54,0.01,0.01,0.2380235988200574,0.2380235988200574,True,True
Matbench-Gap,DNGOJoint,55,0.1,0.1,0.4687315634218266,0.4687315634218266,True,True
Matbench-Gap,DNGOJoint,56,0.05,0.05,0.3535398230088484,0.3535398230088484,True,True
FreeSolv,Sequential,47,0.0,0.0,0.3089207048458127,0.3089207048458127,True,True
FreeSolv,Sequential,48,0.0,0.0,0.3564977973568256,0.3564977973568256,True,True
FreeSolv,Sequential,49,0.0,0.0,0.2174008810572671,0.2174008810572671,True,True
FreeSolv,Sequential,50,0.0,0.0,0.5557268722466918,0.5557268722466918,True,True
FreeSolv,Sequential,51,0.0,0.0,0.2292951541850204,0.2292951541850204,True,True
Matbench-Gap,KnowledgeDistillation,47,0.02,0.02,0.5645427728613557,0.5645427728613557,True,True
Matbench-Gap,KnowledgeDistillation,48,0.4699999999999998,0.4699999999999998,0.923982300884954,0.923982300884954,True,True
Matbench-Gap,KnowledgeDistillation,49,0.01,0.01,0.215014749262536,0.215014749262536,True,True
Matbench-Gap,KnowledgeDistillation,50,0.1,0.1,0.2150442477876098,0.2150442477876098,True,True
Matbench-Gap,KnowledgeDistillation,51,0.1,0.1,0.1943952802359875,0.1943952802359875,True,True
Matbench-Gap,DNGOJoint,42,0.1899999999999999,0.1899999999999999,0.4646312684365762,0.4646312684365762,True,True
Matbench-Gap,DNGOJoint,43,0.1,0.1,0.1398230088495575,0.1398230088495575,True,True
Matbench-Gap,DNGOJoint,44,0.1,0.1,0.4598820058997037,0.4598820058997037,True,True
Matbench-Gap,DNGOJoint,45,0.01,0.01,0.3796165191740404,0.3796165191740404,True,True
Matbench-Gap,DNGOJoint,46,0.1,0.1,0.9513274336283172,0.9513274336283172,True,True
Park-Fav,SoftParameterSharing,57,0.0,0.0,0.0830506897853921,0.0830506897853921,True,True
Park-Fav,SoftParameterSharing,58,0.0,0.0,0.1551917272419637,0.1551917272419637,True,True
Park-Fav,SoftParameterSharing,59,0.0,0.0,0.2555072427896477,0.2555072427896477,True,True
Park-Fav,SoftParameterSharing,60,0.0,0.0,0.0830510455024868,0.0830510455024868,True,True
Park-Fav,SoftParameterSharing,61,0.0,0.0,0.2472837131108353,0.2472837131108353,True,True
Park-Unfav,SoftParameterSharing,47,0.0,0.0,0.0,0.0,True,True
Park-Unfav,SoftParameterSharing,48,0.0,0.0,0.2078854236279757,0.2078854236279757,True,True
Park-Unfav,SoftParameterSharing,49,0.0,0.0,0.1792273707355658,0.1792273707355658,True,True
Park-Unfav,SoftParameterSharing,50,0.0,0.0,0.0,0.0,True,True
Park-Unfav,SoftParameterSharing,51,0.0,0.0,1.2144739769697924e-08,1.2144739769697924e-08,True,True
Park-Unfav,Curriculum,57,0.0,0.0,0.0896136914912742,0.0896136914912742,True,True
Park-Unfav,Curriculum,58,0.0,0.0,2.3083722717335915e-08,2.3083722717335915e-08,True,True
Park-Unfav,Curriculum,59,0.0,0.0,0.3584547430254365,0.3584547430254365,True,True
Park-Unfav,Curriculum,60,0.0,0.0,0.4779436493574781,0.4779436493574781,True,True
Park-Unfav,Curriculum,61,0.0,0.0,0.0,0.0,True,True
FreeSolv,KnowledgeDistillation,57,0.0,0.0,0.2190528634361217,0.2190528634361217,True,True
FreeSolv,KnowledgeDistillation,58,0.0,0.0,0.029735682819383,0.029735682819383,True,True
FreeSolv,KnowledgeDistillation,59,0.0,0.0,0.3825991189427284,0.3825991189427284,True,True
FreeSolv,KnowledgeDistillation,60,0.0,0.0,0.0284140969162993,0.0284140969162993,True,True
FreeSolv,KnowledgeDistillation,61,0.0,0.0,0.3026431718061652,0.3026431718061652,True,True
Branin-Fav,KnowledgeDistillation,42,0.00241426425751,0.00241426425751,0.8469723521448945,0.8469723521448945,True,True
Branin-Fav,KnowledgeDistillation,43,0.1534502254535983,0.1534502254535983,2.076075767771363,2.076075767771363,True,True
Branin-Fav,KnowledgeDistillation,44,0.6621478693184315,0.6621478693184315,4.580780526373128,4.580780526373128,True,True
Branin-Fav,KnowledgeDistillation,45,0.1534502254535983,0.1534502254535983,3.4651140517813177,3.4651140517813177,True,True
Branin-Fav,KnowledgeDistillation,46,1.1039132572873882,1.1039132572873882,3.150812664944121,3.150812664944121,True,True
Park-Unfav,Progressive,57,0.0,0.0,0.0896136954457608,0.0896136954457608,True,True
Park-Unfav,Progressive,58,0.0,0.0,2.3083722717335915e-08,2.3083722717335915e-08,True,True
Park-Unfav,Progressive,59,0.0,0.0,0.3584547430254365,0.3584547430254365,True,True
Park-Unfav,Progressive,60,0.0,0.0,0.4779436496112584,0.4779436496112584,True,True
Park-Unfav,Progressive,61,0.0,0.0,0.0,0.0,True,True
Park-Unfav,DNGOJoint,57,0.0,0.0,0.0896136911849343,0.0896136911849343,True,True
Park-Unfav,DNGOJoint,58,0.0,0.0,2.3083722717335915e-08,2.3083722717335915e-08,True,True
Park-Unfav,DNGOJoint,59,0.0,0.0,0.3584547430254365,0.3584547430254365,True,True
Park-Unfav,DNGOJoint,60,0.0,0.0,0.398284843079404,0.398284843079404,True,True
Park-Unfav,DNGOJoint,61,0.0,0.0,0.0,0.0,True,True
Park-Unfav,KnowledgeDistillation,57,0.0,0.0,0.0896136914912742,0.0896136914912742,True,True
Park-Unfav,KnowledgeDistillation,58,0.0,0.0,2.3083722717335915e-08,2.3083722717335915e-08,True,True
Park-Unfav,KnowledgeDistillation,59,0.0,0.0,0.3584547430254365,0.3584547430254365,True,True
Park-Unfav,KnowledgeDistillation,60,0.0,0.0,0.4779436493574781,0.4779436493574781,True,True
Park-Unfav,KnowledgeDistillation,61,0.0,0.0,0.0,0.0,True,True
Polarizability,DNGOJoint,57,0.0,0.0,0.0277071767935957,0.0277071767935957,True,True
Polarizability,DNGOJoint,58,0.0,0.0,0.0307803886214567,0.0307803886214567,True,True
Polarizability,DNGOJoint,59,0.0,0.0,0.026387787422472,0.026387787422472,True,True
Polarizability,DNGOJoint,60,0.0,0.0,0.006419955598516,0.006419955598516,True,True
Polarizability,DNGOJoint,61,0.0,0.0,0.026387787422472,0.026387787422472,True,True
Park-Unfav,KnowledgeDistillation,47,0.0,0.0,0.0,0.0,True,True
Park-Unfav,KnowledgeDistillation,48,0.0,0.0,0.2078854145739867,0.2078854145739867,True,True
Park-Unfav,KnowledgeDistillation,49,0.0,0.0,0.1792273713700167,0.1792273713700167,True,True
Park-Unfav,KnowledgeDistillation,50,0.0,0.0,0.0,0.0,True,True
Park-Unfav,KnowledgeDistillation,51,0.0,0.0,1.071791336651622e-08,1.071791336651622e-08,True,True
COFs,DomainAdaptationMMD,42,0.0,0.0,1.12097066537997,1.12097066537997,True,True
COFs,DomainAdaptationMMD,43,0.0,0.0,0.4160476036379681,0.4160476036379681,True,True
COFs,DomainAdaptationMMD,44,0.0,0.0,1.0868643315521982,1.0868643315521982,True,True
COFs,DomainAdaptationMMD,45,0.0,0.0,0.3713677499086647,0.3713677499086647,True,True
COFs,DomainAdaptationMMD,46,0.0,0.0,0.4160476036379681,0.4160476036379681,True,True
FreeSolv,Curriculum,42,0.0,0.0,0.0089207048458149,0.0089207048458149,True,True
FreeSolv,Curriculum,43,0.0,0.0,0.3288546255506585,0.3288546255506585,True,True
FreeSolv,Curriculum,44,0.0,0.0,0.3095814977973545,0.3095814977973545,True,True
FreeSolv,Curriculum,45,0.0,0.0,0.3089207048458127,0.3089207048458127,True,True
FreeSolv,Curriculum,46,0.0,0.0,0.5240088105726833,0.5240088105726833,True,True
FreeSolv,DNGOGradient,42,0.0,0.0,0.0089207048458149,0.0089207048458149,True,True
FreeSolv,DNGOGradient,43,0.0,0.0,0.2451541850220246,0.2451541850220246,True,True
FreeSolv,DNGOGradient,44,0.0,0.0,0.2976872246696014,0.2976872246696014,True,True
FreeSolv,DNGOGradient,45,0.0,0.0,0.3089207048458127,0.3089207048458127,True,True
FreeSolv,DNGOGradient,46,0.0,0.0,0.5240088105726833,0.5240088105726833,True,True
Park-Unfav,DNGOJoint,42,0.0,0.0,3.93464011047891e-08,3.93464011047891e-08,True,True
Park-Unfav,DNGOJoint,43,0.0,0.0,0.3584547440065578,0.3584547440065578,True,True
Park-Unfav,DNGOJoint,44,0.0,0.0,0.268842707774639,0.268842707774639,True,True
Park-Unfav,DNGOJoint,45,0.0,0.0,0.0896146487731948,0.0896146487731948,True,True
Park-Unfav,DNGOJoint,46,0.0,0.0,0.3749382608716755,0.3749382608716755,True,True
FreeSolv,Progressive,47,0.0,0.0,0.3564977973568256,0.3564977973568256,True,True
FreeSolv,Progressive,48,0.0,0.0,0.3564977973568256,0.3564977973568256,True,True
FreeSolv,Progressive,49,0.0,0.0,0.2174008810572671,0.2174008810572671,True,True
FreeSolv,Progressive,50,0.0,0.0,0.5200440528634322,0.5200440528634322,True,True
FreeSolv,Progressive,51,0.0,0.0,0.2530837004405268,0.2530837004405268,True,True
Branin-Fav,PseudoLabeling,42,0.00241426425751,0.00241426425751,0.8469723521448945,0.8469723521448945,True,True
Branin-Fav,PseudoLabeling,43,0.1534502254535983,0.1534502254535983,2.076075767771363,2.076075767771363,True,True
Branin-Fav,PseudoLabeling,44,0.6621478693184315,0.6621478693184315,4.580780526373128,4.580780526373128,True,True
Branin-Fav,PseudoLabeling,45,0.1534502254535983,0.1534502254535983,3.4651140517813177,3.4651140517813177,True,True
Branin-Fav,PseudoLabeling,46,1.1039132572873882,1.1039132572873882,3.150812664944121,3.150812664944121,True,True
Branin-Fav,Progressive,52,2.2784190502359443,2.2784190502359443,4.767140384110196,4.767140384110196,True,True
Branin-Fav,Progressive,53,0.230368583809307,0.230368583809307,3.6396281280437455,3.6396281280437455,True,True
Branin-Fav,Progressive,54,2.549709755840878,2.549709755840878,6.375292459059891,6.375292459059891,True,True
Branin-Fav,Progressive,55,1.4125131173744343,1.4125131173744343,6.532493232026056,6.532493232026056,True,True
Branin-Fav,Progressive,56,1.5420431114730864,1.5420431114730864,3.1790816962274917,3.1790816962274917,True,True
Park-Fav,KnowledgeDistillation,47,0.0,0.0,0.2555072484866812,0.2555072484866812,True,True
Park-Fav,KnowledgeDistillation,48,0.0,0.0,0.0830507155378914,0.0830507155378914,True,True
Park-Fav,KnowledgeDistillation,49,0.0,0.0,0.2176776237260549,0.2176776237260549,True,True
Park-Fav,KnowledgeDistillation,50,0.0,0.0,0.1551917369042075,0.1551917369042075,True,True
Park-Fav,KnowledgeDistillation,51,0.0,0.0,0.210803239042858,0.210803239042858,True,True
COFs,PseudoLabeling,57,0.0,0.0,1.3723855779964833,1.3723855779964833,True,True
COFs,PseudoLabeling,58,0.0,0.0,1.171102993517071,1.171102993517071,True,True
COFs,PseudoLabeling,59,0.0,0.0,0.3610302338291749,0.3610302338291749,True,True
COFs,PseudoLabeling,60,0.0,0.0,0.486708524724641,0.486708524724641,True,True
COFs,PseudoLabeling,61,0.0,0.0,1.1582546970595906,1.1582546970595906,True,True
Branin-Fav,KnowledgeDistillation,47,0.00241426425751,0.00241426425751,1.5903144126391435,1.5903144126391435,True,True
Branin-Fav,KnowledgeDistillation,48,0.1534502254535983,0.1534502254535983,3.180881084896241,3.180881084896241,True,True
Branin-Fav,KnowledgeDistillation,49,0.4078043888879996,0.4078043888879996,2.9863373459857465,2.9863373459857465,True,True
Branin-Fav,KnowledgeDistillation,50,0.1388635850122277,0.1388635850122277,4.105516059251366,4.105516059251366,True,True
Branin-Fav,KnowledgeDistillation,51,0.1388635850122277,0.1388635850122277,0.9949442120911468,0.9949442120911468,True,True
FreeSolv,TwoStageJoint,52,0.0,0.0,0.5289647577092471,0.5289647577092471,True,True
FreeSolv,TwoStageJoint,53,0.0,0.0,0.3476872246696009,0.3476872246696009,True,True
FreeSolv,TwoStageJoint,54,0.0,0.0,0.0284140969162993,0.0284140969162993,True,True
FreeSolv,TwoStageJoint,55,0.0,0.0,0.0165198237885461,0.0165198237885461,True,True
FreeSolv,TwoStageJoint,56,0.0,0.0,0.294713656387663,0.294713656387663,True,True
Branin-Fav,Adapter,47,1.7331005527948706,1.7331005527948706,2.8854091337790204,2.8854091337790204,True,True
Branin-Fav,Adapter,48,0.6621478693184315,0.6621478693184315,2.851451068726492,2.851451068726492,True,True
Branin-Fav,Adapter,49,0.2639537746364127,0.2639537746364127,2.598367259153538,2.598367259153538,True,True
Branin-Fav,Adapter,50,0.00241426425751,0.00241426425751,3.021043313013054,3.021043313013054,True,True
Branin-Fav,Adapter,51,0.1388635850122277,0.1388635850122277,1.3608517434184664,1.3608517434184664,True,True
Matbench-Gap,DNGOJoint,57,0.01,0.01,0.4480530973451308,0.4480530973451308,True,True
Matbench-Gap,DNGOJoint,58,0.01,0.01,0.2911209439528009,0.2911209439528009,True,True
Matbench-Gap,DNGOJoint,59,0.1899999999999999,0.1899999999999999,0.5731858407079631,0.5731858407079631,True,True
Matbench-Gap,DNGOJoint,60,0.7200000000000002,0.7200000000000002,0.7465486725663718,0.7465486725663718,True,True
Matbench-Gap,DNGOJoint,61,0.0,0.0,0.2640117994100278,0.2640117994100278,True,True
Polarizability,SoftParameterSharing,52,0.0,0.0,0.0,0.0,True,True
Polarizability,SoftParameterSharing,53,0.0,0.0,0.0321550990596623,0.0321550990596623,True,True
Polarizability,SoftParameterSharing,54,0.0,0.0,0.0,0.0,True,True
Polarizability,SoftParameterSharing,55,0.0,0.0,0.023330665708893,0.023330665708893,True,True
Polarizability,SoftParameterSharing,56,0.0,0.0,0.006419955598516,0.006419955598516,True,True
Park-Unfav,Sequential,47,0.0,0.0,0.0,0.0,True,True
Park-Unfav,Sequential,48,0.0,0.0,0.2078854145739867,0.2078854145739867,True,True
Park-Unfav,Sequential,49,0.0,0.0,0.1792273713700167,0.1792273713700167,True,True
Park-Unfav,Sequential,50,0.0,0.0,0.0,0.0,True,True
Park-Unfav,Sequential,51,0.0,0.0,1.0637252523371274e-08,1.0637252523371274e-08,True,True
Branin-Unfav,Progressive,57,3.5800652789754164,3.5800652789754164,3.5800652789754177,3.5800652789754177,True,True
Branin-Unfav,Progressive,58,5.396536248624538,5.396536248624538,7.012371810869188,7.012371810869188,True,True
Branin-Unfav,Progressive,59,4.722805902881438,4.722805902881438,5.652816962988895,5.652816962988895,True,True
Branin-Unfav,Progressive,60,4.056300340445636,4.056300340445636,6.346941436426582,6.346941436426582,True,True
Branin-Unfav,Progressive,61,2.3273694998934467,2.3273694998934467,5.316258860587781,5.316258860587781,True,True
Park-Unfav,Progressive,47,0.0,0.0,0.0,0.0,True,True
Park-Unfav,Progressive,48,0.0,0.0,0.207885414394537,0.207885414394537,True,True
Park-Unfav,Progressive,49,0.0,0.0,0.1792273711995847,0.1792273711995847,True,True
Park-Unfav,Progressive,50,0.0,0.0,0.0,0.0,True,True
Park-Unfav,Progressive,51,0.0,0.0,1.2702286435726886e-08,1.2702286435726886e-08,True,True
HOPV15,SoftParameterSharing,57,4.02,4.02,4.933825757575754,4.933825757575754,True,True
HOPV15,SoftParameterSharing,58,4.699999999999999,4.699999999999999,5.142992424242424,5.142992424242424,True,True
HOPV15,SoftParameterSharing,59,4.02,4.02,4.659204545454542,4.659204545454542,True,True
HOPV15,SoftParameterSharing,60,4.699999999999999,4.699999999999999,5.4827651515151485,5.4827651515151485,True,True
HOPV15,SoftParameterSharing,61,0.0,0.0,3.6839015151515055,3.6839015151515055,True,True
Branin-Fav,Sequential,42,0.00241426425751,0.00241426425751,0.8469723521448945,0.8469723521448945,True,True
Branin-Fav,Sequential,43,0.1534502254535983,0.1534502254535983,2.3540835419641426,2.3540835419641426,True,True
Branin-Fav,Sequential,44,0.2639537746364127,0.2639537746364127,4.652930737289583,4.652930737289583,True,True
Branin-Fav,Sequential,45,0.1534502254535983,0.1534502254535983,3.4651140517813177,3.4651140517813177,True,True
Branin-Fav,Sequential,46,1.1039132572873882,1.1039132572873882,3.150812664944121,3.150812664944121,True,True
HOPV15,SoftParameterSharing,52,3.499999999999999,3.499999999999999,3.4999999999999987,3.4999999999999987,True,True
HOPV15,SoftParameterSharing,53,0.0,0.0,2.362689393939383,2.362689393939383,True,True
HOPV15,SoftParameterSharing,54,4.699999999999999,4.699999999999999,5.163068181818181,5.163068181818181,True,True
HOPV15,SoftParameterSharing,55,4.699999999999999,4.699999999999999,5.11306818181818,5.11306818181818,True,True
HOPV15,SoftParameterSharing,56,0.0,0.0,1.0791666666666615,1.0791666666666615,True,True
Park-Unfav,Adapter,52,0.0,0.0,0.2078854165873745,0.2078854165873745,True,True
Park-Unfav,Adapter,53,0.0,0.0,0.0298728989199101,0.0298728989199101,True,True
Park-Unfav,Adapter,54,0.0,0.0,5.149418173699922e-09,5.149418173699922e-09,True,True
Park-Unfav,Adapter,55,0.0,0.0,0.3584547438701259,0.3584547438701259,True,True
Park-Unfav,Adapter,56,0.0,0.0,0.2078854378229672,0.2078854378229672,True,True
Park-Fav,Progressive,47,0.0,0.0,0.2555072430966625,0.2555072430966625,True,True
Park-Fav,Progressive,48,0.0,0.0,0.0830506915266753,0.0830506915266753,True,True
Park-Fav,Progressive,49,0.0,0.0,0.2176776107808543,0.2176776107808543,True,True
Park-Fav,Progressive,50,0.0,0.0,0.1551917274744842,0.1551917274744842,True,True
Park-Fav,Progressive,51,0.0,0.0,0.2108032079613471,0.2108032079613471,True,True
Park-Fav,Adapter,42,0.0,0.0,0.1574726441036241,0.1574726441036241,True,True
Park-Fav,Adapter,43,0.0,0.0,0.1111220140802412,0.1111220140802412,True,True
Park-Fav,Adapter,44,0.0,0.0,0.1574726410314356,0.1574726410314356,True,True
Park-Fav,Adapter,45,0.0,0.0,0.0830501499529817,0.0830501499529817,True,True
Park-Fav,Adapter,46,0.0,0.0,0.1761528186405136,0.1761528186405136,True,True
Park-Unfav,PseudoLabeling,42,0.0,0.0,3.90261157051304e-08,3.90261157051304e-08,True,True
Park-Unfav,PseudoLabeling,43,0.0,0.0,0.3584547450306969,0.3584547450306969,True,True
Park-Unfav,PseudoLabeling,44,0.0,0.0,0.2688427080592081,0.2688427080592081,True,True
Park-Unfav,PseudoLabeling,45,0.0,0.0,0.0896146490269751,0.0896146490269751,True,True
Park-Unfav,PseudoLabeling,46,0.0,0.0,0.3749382612831348,0.3749382612831348,True,True
Park-Fav,DomainAdaptationMMD,42,0.0,0.0,0.157472645587809,0.157472645587809,True,True
Park-Fav,DomainAdaptationMMD,43,0.0,0.0,0.1111220108147559,0.1111220108147559,True,True
Park-Fav,DomainAdaptationMMD,44,0.0,0.0,0.1574726386490407,0.1574726386490407,True,True
Park-Fav,DomainAdaptationMMD,45,0.0,0.0,0.0830501438542474,0.0830501438542474,True,True
Park-Fav,DomainAdaptationMMD,46,0.0,0.0,0.1761528174638028,0.1761528174638028,True,True
FreeSolv,Progressive,52,0.0,0.0,0.5289647577092471,0.5289647577092471,True,True
FreeSolv,Progressive,53,0.0,0.0,0.3340308370044028,0.3340308370044028,True,True
FreeSolv,Progressive,54,0.0,0.0,0.0165198237885461,0.0165198237885461,True,True
FreeSolv,Progressive,55,0.0,0.0,0.0165198237885461,0.0165198237885461,True,True
FreeSolv,Progressive,56,0.0,0.0,0.294713656387663,0.294713656387663,True,True
Park-Fav,Curriculum,52,0.0,0.0,0.2555072594986917,0.2555072594986917,True,True
Park-Fav,Curriculum,53,0.0,0.0,0.1551917314183173,0.1551917314183173,True,True
Park-Fav,Curriculum,54,0.0,0.0,0.2472837409091079,0.2472837409091079,True,True
Park-Fav,Curriculum,55,0.0,0.0,0.0830510629835863,0.0830510629835863,True,True
Park-Fav,Curriculum,56,0.0,0.0,1.5029633781751984e-08,1.5029633781751984e-08,True,True
FreeSolv,DNGOJoint,52,0.0,0.0,0.5408590308370005,0.5408590308370005,True,True
FreeSolv,DNGOJoint,53,0.0,0.0,0.345925110132156,0.345925110132156,True,True
FreeSolv,DNGOJoint,54,0.0,0.0,0.0165198237885461,0.0165198237885461,True,True
FreeSolv,DNGOJoint,55,0.0,0.0,0.0165198237885461,0.0165198237885461,True,True
FreeSolv,DNGOJoint,56,0.0,0.0,0.294713656387663,0.294713656387663,True,True
Park-Fav,Sequential,52,0.0,0.0,0.2555072594986917,0.2555072594986917,True,True
Park-Fav,Sequential,53,0.0,0.0,0.1551917314183173,0.1551917314183173,True,True
Park-Fav,Sequential,54,0.0,0.0,0.2472837407819382,0.2472837407819382,True,True
Park-Fav,Sequential,55,0.0,0.0,0.0830510629835863,0.0830510629835863,True,True
Park-Fav,Sequential,56,0.0,0.0,1.5029633781751984e-08,1.5029633781751984e-08,True,True
Park-Fav,Sequential,42,0.0,0.0,0.1574726398026053,0.1574726398026053,True,True
Park-Fav,Sequential,43,0.0,0.0,0.1111220081057651,0.1111220081057651,True,True
Park-Fav,Sequential,44,0.0,0.0,0.1574726390305497,0.1574726390305497,True,True
Park-Fav,Sequential,45,0.0,0.0,0.0830501499825685,0.0830501499825685,True,True
Park-Fav,Sequential,46,0.0,0.0,0.176152818345755,0.176152818345755,True,True
Branin-Unfav,TwoStageJoint,57,3.5800652789754164,3.5800652789754164,3.5800652789754177,3.5800652789754177,True,True
Branin-Unfav,TwoStageJoint,58,5.396536248624538,5.396536248624538,6.424972872388327,6.424972872388327,True,True
Branin-Unfav,TwoStageJoint,59,3.3551091224877183,3.3551091224877183,5.387672465025504,5.387672465025504,True,True
Branin-Unfav,TwoStageJoint,60,3.180609312939413,3.180609312939413,7.059774135650563,7.059774135650563,True,True
Branin-Unfav,TwoStageJoint,61,4.056300340445636,4.056300340445636,5.636695906389491,5.636695906389491,True,True
Park-Fav,DomainAdaptationMMD,52,0.0,0.0,0.2555072604913267,0.2555072604913267,True,True
Park-Fav,DomainAdaptationMMD,53,0.0,0.0,0.1551917324651169,0.1551917324651169,True,True
Park-Fav,DomainAdaptationMMD,54,0.0,0.0,0.2472837259486382,0.2472837259486382,True,True
Park-Fav,DomainAdaptationMMD,55,0.0,0.0,0.0830510596377763,0.0830510596377763,True,True
Park-Fav,DomainAdaptationMMD,56,0.0,0.0,2.8101319162033092e-08,2.8101319162033092e-08,True,True
Branin-Unfav,KnowledgeDistillation,47,2.3273694998934467,2.3273694998934467,5.055494851438569,5.055494851438569,True,True
Branin-Unfav,KnowledgeDistillation,48,5.937743147166876,5.937743147166876,5.937743147166877,5.937743147166877,True,True
Branin-Unfav,KnowledgeDistillation,49,3.180609312939413,3.180609312939413,3.272661338566416,3.272661338566416,True,True
Branin-Unfav,KnowledgeDistillation,50,0.1464807059646879,0.1464807059646879,1.8257070910657447,1.8257070910657447,True,True
Branin-Unfav,KnowledgeDistillation,51,4.056300340445636,4.056300340445636,7.679417849254901,7.679417849254901,True,True
COFs,Adapter,42,0.0,0.0,1.2068288602680843,1.2068288602680843,True,True
COFs,Adapter,43,0.0,0.0,0.5138461246985581,0.5138461246985581,True,True
COFs,Adapter,44,0.0,0.0,1.2984008173357786,1.2984008173357786,True,True
COFs,Adapter,45,0.0,0.0,0.486708524724641,0.486708524724641,True,True
COFs,Adapter,46,0.0,0.0,0.3713677499086647,0.3713677499086647,True,True
FreeSolv,TwoStageJoint,57,0.0,0.0,0.2666299559471347,0.2666299559471347,True,True
FreeSolv,TwoStageJoint,58,0.0,0.0,0.0403083700440525,0.0403083700440525,True,True
FreeSolv,TwoStageJoint,59,0.0,0.0,0.3825991189427284,0.3825991189427284,True,True
FreeSolv,TwoStageJoint,60,0.0,0.0,0.0284140969162993,0.0284140969162993,True,True
FreeSolv,TwoStageJoint,61,0.0,0.0,0.3383259911894248,0.3383259911894248,True,True
Branin-Fav,Progressive,47,2.898721511567282,2.898721511567282,7.319762031358185,7.319762031358185,True,True
Branin-Fav,Progressive,48,0.8424602688694769,0.8424602688694769,3.3210112309304978,3.3210112309304978,True,True
Branin-Fav,Progressive,49,2.3273694998934467,2.3273694998934467,6.267919158999649,6.267919158999649,True,True
Branin-Fav,Progressive,50,3.3551091224877183,3.3551091224877183,8.452601233475768,8.452601233475768,True,True
Branin-Fav,Progressive,51,3.3551091224877183,3.3551091224877183,4.854806867690109,4.854806867690109,True,True
Polarizability,Adapter,52,0.0,0.0,0.0,0.0,True,True
Polarizability,Adapter,53,0.0,0.0,0.0321550990596623,0.0321550990596623,True,True
Polarizability,Adapter,54,0.0,0.0,0.0,0.0,True,True
Polarizability,Adapter,55,0.0,0.0,0.023330665708893,0.023330665708893,True,True
Polarizability,Adapter,56,0.0,0.0,0.006419955598516,0.006419955598516,True,True
Matbench-Gap,Progressive,47,0.02,0.02,0.2011209439528011,0.2011209439528011,True,True
Matbench-Gap,Progressive,48,0.24,0.24,0.4795280235988185,0.4795280235988185,True,True
Matbench-Gap,Progressive,49,0.02,0.02,0.6843067846607669,0.6843067846607669,True,True
Matbench-Gap,Progressive,50,0.0,0.0,0.2064896755162233,0.2064896755162233,True,True
Matbench-Gap,Progressive,51,0.01,0.01,0.1937758112094383,0.1937758112094383,True,True
HOPV15,SoftParameterSharing,47,0.0,0.0,2.135227272727263,2.135227272727263,True,True
HOPV15,SoftParameterSharing,48,2.8999999999999995,2.8999999999999995,3.826704545454541,3.826704545454541,True,True
HOPV15,SoftParameterSharing,49,0.0,0.0,3.243371212121207,3.243371212121207,True,True
HOPV15,SoftParameterSharing,50,4.699999999999999,4.699999999999999,5.089015151515151,5.089015151515151,True,True
HOPV15,SoftParameterSharing,51,0.0,0.0,0.4640151515151492,0.4640151515151492,True,True
Branin-Fav,PseudoLabeling,57,0.1388635850122277,0.1388635850122277,0.3143375985296913,0.3143375985296913,True,True
Branin-Fav,PseudoLabeling,58,1.0472265956176212,1.0472265956176212,3.3560810181460456,3.3560810181460456,True,True
Branin-Fav,PseudoLabeling,59,0.4078043888879996,0.4078043888879996,4.835514456862752,4.835514456862752,True,True
Branin-Fav,PseudoLabeling,60,0.0681981043913921,0.0681981043913921,2.6869272008653784,2.6869272008653784,True,True
Branin-Fav,PseudoLabeling,61,0.1388635850122277,0.1388635850122277,1.7422784014964765,1.7422784014964765,True,True
Branin-Unfav,TwoStageJoint,47,3.07657071621084,3.07657071621084,5.289425606094586,5.289425606094586,True,True
Branin-Unfav,TwoStageJoint,48,5.396536248624538,5.396536248624538,5.580903433842258,5.580903433842258,True,True
Branin-Unfav,TwoStageJoint,49,4.5702706526205095,4.5702706526205095,5.678322795037933,5.678322795037933,True,True
Branin-Unfav,TwoStageJoint,50,5.396536248624538,5.396536248624538,5.928475419243562,5.928475419243562,True,True
Branin-Unfav,TwoStageJoint,51,5.396536248624538,5.396536248624538,6.914690913398484,6.914690913398484,True,True
Park-Unfav,Curriculum,47,0.0,0.0,0.0,0.0,True,True
Park-Unfav,Curriculum,48,0.0,0.0,0.2078854145739867,0.2078854145739867,True,True
Park-Unfav,Curriculum,49,0.0,0.0,0.1792273713700167,0.1792273713700167,True,True
Park-Unfav,Curriculum,50,0.0,0.0,0.0,0.0,True,True
Park-Unfav,Curriculum,51,0.0,0.0,1.071791336651622e-08,1.071791336651622e-08,True,True
Park-Fav,Curriculum,42,0.0,0.0,0.1574726398026053,0.1574726398026053,True,True
Park-Fav,Curriculum,43,0.0,0.0,0.1111220081057651,0.1111220081057651,True,True
Park-Fav,Curriculum,44,0.0,0.0,0.1574726390305497,0.1574726390305497,True,True
Park-Fav,Curriculum,45,0.0,0.0,0.0830501504345781,0.0830501504345781,True,True
Park-Fav,Curriculum,46,0.0,0.0,0.1761528182404042,0.1761528182404042,True,True
Polarizability,Adapter,57,0.0,0.0,0.0277071767935957,0.0277071767935957,True,True
Polarizability,Adapter,58,0.0,0.0,0.0307803886214567,0.0307803886214567,True,True
Polarizability,Adapter,59,0.0,0.0,0.026387787422472,0.026387787422472,True,True
Polarizability,Adapter,60,0.0,0.0,0.006419955598516,0.006419955598516,True,True
Polarizability,Adapter,61,0.0,0.0,0.026387787422472,0.026387787422472,True,True
HOPV15,DNGOGradient,42,3.9,3.9,4.621022727272724,4.621022727272724,True,True
HOPV15,DNGOGradient,43,0.0,0.0,2.53617424242423,2.53617424242423,True,True
HOPV15,DNGOGradient,44,0.0,0.0,2.544886363636353,2.544886363636353,True,True
HOPV15,DNGOGradient,45,0.0,0.0,2.943749999999988,2.943749999999988,True,True
HOPV15,DNGOGradient,46,0.0,0.0,2.577651515151503,2.577651515151503,True,True
Branin-Unfav,KnowledgeDistillation,57,3.5800652789754164,3.5800652789754164,3.5800652789754177,3.5800652789754177,True,True
Branin-Unfav,KnowledgeDistillation,58,2.07151463205623,2.07151463205623,6.707494458961638,6.707494458961638,True,True
Branin-Unfav,KnowledgeDistillation,59,1.4870517848377072,1.4870517848377072,4.48187723435741,4.48187723435741,True,True
Branin-Unfav,KnowledgeDistillation,60,0.0681981043913921,0.0681981043913921,4.025883809083724,4.025883809083724,True,True
Branin-Unfav,KnowledgeDistillation,61,3.07657071621084,3.07657071621084,5.8174457841223965,5.8174457841223965,True,True
Polarizability,Progressive,52,0.0,0.0,0.0,0.0,True,True
Polarizability,Progressive,53,0.0,0.0,0.0321550990596623,0.0321550990596623,True,True
Polarizability,Progressive,54,0.0,0.0,0.0,0.0,True,True
Polarizability,Progressive,55,0.0,0.0,0.023330665708893,0.023330665708893,True,True
Polarizability,Progressive,56,0.0,0.0,0.006419955598516,0.006419955598516,True,True
Polarizability,DNGOJoint,42,0.0,0.0,0.023330665708893,0.023330665708893,True,True
Polarizability,DNGOJoint,43,0.0,0.0,0.0368785419343329,0.0368785419343329,True,True
Polarizability,DNGOJoint,44,0.0,0.0,0.026387787422472,0.026387787422472,True,True
Polarizability,DNGOJoint,45,0.0,0.0,0.023330665708893,0.023330665708893,True,True
Polarizability,DNGOJoint,46,0.0,0.0,0.0,0.0,True,True
Park-Unfav,PseudoLabeling,52,0.0,0.0,0.2078854231969906,0.2078854231969906,True,True
Park-Unfav,PseudoLabeling,53,0.0,0.0,0.029872897270092,0.029872897270092,True,True
Park-Unfav,PseudoLabeling,54,0.0,0.0,5.149418173699922e-09,5.149418173699922e-09,True,True
Park-Unfav,PseudoLabeling,55,0.0,0.0,0.3584547439136677,0.3584547439136677,True,True
Park-Unfav,PseudoLabeling,56,0.0,0.0,0.2078854214511458,0.2078854214511458,True,True
FreeSolv,Curriculum,57,0.0,0.0,0.2190528634361217,0.2190528634361217,True,True
FreeSolv,Curriculum,58,0.0,0.0,0.029735682819383,0.029735682819383,True,True
FreeSolv,Curriculum,59,0.0,0.0,0.3825991189427284,0.3825991189427284,True,True
FreeSolv,Curriculum,60,0.0,0.0,0.0284140969162993,0.0284140969162993,True,True
FreeSolv,Curriculum,61,0.0,0.0,0.3026431718061652,0.3026431718061652,True,True
Branin-Fav,DNGOJoint,47,0.00241426425751,0.00241426425751,1.658686290975081,1.658686290975081,True,True
Branin-Fav,DNGOJoint,48,0.1534502254535983,0.1534502254535983,3.280117339100639,3.280117339100639,True,True
Branin-Fav,DNGOJoint,49,0.6621478693184315,0.6621478693184315,3.6206975121443272,3.6206975121443272,True,True
Branin-Fav,DNGOJoint,50,0.00241426425751,0.00241426425751,2.721015563141653,2.721015563141653,True,True
Branin-Fav,DNGOJoint,51,0.1388635850122277,0.1388635850122277,1.9112861215749688,1.9112861215749688,True,True
Polarizability,DNGOGradient,42,0.0,0.0,0.023330665708893,0.023330665708893,True,True
Polarizability,DNGOGradient,43,0.0,0.0,0.0368785419343329,0.0368785419343329,True,True
Polarizability,DNGOGradient,44,0.0,0.0,0.026387787422472,0.026387787422472,True,True
Polarizability,DNGOGradient,45,0.0,0.0,0.023330665708893,0.023330665708893,True,True
Polarizability,DNGOGradient,46,0.0,0.0,0.0,0.0,True,True
Branin-Fav,Adapter,57,0.0681981043913921,0.0681981043913921,0.2472306841901236,0.2472306841901236,True,True
Branin-Fav,Adapter,58,0.1534502254535983,0.1534502254535983,3.1179147505110154,3.1179147505110154,True,True
Branin-Fav,Adapter,59,0.4078043888879996,0.4078043888879996,5.587487023838102,5.587487023838102,True,True
Branin-Fav,Adapter,60,0.0681981043913921,0.0681981043913921,3.115907159821807,3.115907159821807,True,True
Branin-Fav,Adapter,61,0.1534502254535983,0.1534502254535983,0.8625837569695362,0.8625837569695362,True,True
Park-Fav,DNGOGradient,42,0.0,0.0,0.1574726399297749,0.1574726399297749,True,True
Park-Fav,DNGOGradient,43,0.0,0.0,0.111121995943979,0.111121995943979,True,True
Park-Fav,DNGOGradient,44,0.0,0.0,0.1574726387762103,0.1574726387762103,True,True
Park-Fav,DNGOGradient,45,0.0,0.0,0.0830501452666891,0.0830501452666891,True,True
Park-Fav,DNGOGradient,46,0.0,0.0,0.1761528207755619,0.1761528207755619,True,True
Branin-Unfav,TwoStageJoint,52,3.184115231995301,3.184115231995301,3.184115231995301,3.184115231995301,True,True
Branin-Unfav,TwoStageJoint,53,4.142842528648427,4.142842528648427,5.168745480468279,5.168745480468279,True,True
Branin-Unfav,TwoStageJoint,54,2.5261993143651,2.5261993143651,3.946797239696297,3.946797239696297,True,True
Branin-Unfav,TwoStageJoint,55,3.3551091224877183,3.3551091224877183,5.826963153490182,5.826963153490182,True,True
Branin-Unfav,TwoStageJoint,56,3.180609312939413,3.180609312939413,6.724899050618815,6.724899050618815,True,True
Matbench-Gap,DomainAdaptationMMD,57,0.79,0.79,0.9879351032448364,0.9879351032448364,True,True
Matbench-Gap,DomainAdaptationMMD,58,0.4000000000000001,0.4000000000000001,1.2554572271386422,1.2554572271386422,True,True
Matbench-Gap,DomainAdaptationMMD,59,0.24,0.24,0.6234808259586997,0.6234808259586997,True,True
Matbench-Gap,DomainAdaptationMMD,60,0.1500000000000001,0.1500000000000001,0.2234513274336279,0.2234513274336279,True,True
Matbench-Gap,DomainAdaptationMMD,61,0.1,0.1,0.2690265486725652,0.2690265486725652,True,True
Matbench-Gap,TwoStageJoint,52,0.0,0.0,0.1828908554572262,0.1828908554572262,True,True
Matbench-Gap,TwoStageJoint,53,0.2000000000000001,0.2000000000000001,0.7002949852507359,0.7002949852507359,True,True
Matbench-Gap,TwoStageJoint,54,0.2999999999999998,0.2999999999999998,0.4681415929203527,0.4681415929203527,True,True
Matbench-Gap,TwoStageJoint,55,0.2000000000000001,0.2000000000000001,0.306194690265486,0.306194690265486,True,True
Matbench-Gap,TwoStageJoint,56,0.02,0.02,0.5787020648967539,0.5787020648967539,True,True
HOPV15,Sequential,57,0.0,0.0,2.615719696969685,2.615719696969685,True,True
HOPV15,Sequential,58,3.9,3.9,4.224810606060606,4.224810606060606,True,True
HOPV15,Sequential,59,0.0,0.0,1.880492424242416,1.880492424242416,True,True
HOPV15,Sequential,60,0.0,0.0,5.096780303030297,5.096780303030297,True,True
HOPV15,Sequential,61,3.499999999999999,3.499999999999999,4.460795454545451,4.460795454545451,True,True
HOPV15,Adapter,42,0.0,0.0,4.222916666666661,4.222916666666661,True,True
HOPV15,Adapter,43,3.9,3.9,4.7342803030303,4.7342803030303,True,True
HOPV15,Adapter,44,2.8999999999999995,2.8999999999999995,3.573295454545452,3.573295454545452,True,True
HOPV15,Adapter,45,3.9,3.9,4.666098484848481,4.666098484848481,True,True
HOPV15,Adapter,46,0.0,0.0,2.5321969696969577,2.5321969696969577,True,True
HOPV15,Curriculum,42,0.0,0.0,3.9244318181818114,3.9244318181818114,True,True
HOPV15,Curriculum,43,0.0,0.0,3.0066287878787743,3.0066287878787743,True,True
HOPV15,Curriculum,44,0.0,0.0,1.8964015151515063,1.8964015151515063,True,True
HOPV15,Curriculum,45,0.0,0.0,4.274053030303027,4.274053030303027,True,True
HOPV15,Curriculum,46,0.0,0.0,4.589772727272724,4.589772727272724,True,True
Park-Fav,DNGOJoint,52,0.0,0.0,0.2555072716616,0.2555072716616,True,True
Park-Fav,DNGOJoint,53,0.0,0.0,0.1551917276016539,0.1551917276016539,True,True
Park-Fav,DNGOJoint,54,0.0,0.0,0.2472837412716081,0.2472837412716081,True,True
Park-Fav,DNGOJoint,55,0.0,0.0,0.0830510747267107,0.0830510747267107,True,True
Park-Fav,DNGOJoint,56,0.0,0.0,2.5978679475808682e-08,2.5978679475808682e-08,True,True
Matbench-Gap,Progressive,57,0.1,0.1,0.3401179941002934,0.3401179941002934,True,True
Matbench-Gap,Progressive,58,0.01,0.01,0.2970206489675496,0.2970206489675496,True,True
Matbench-Gap,Progressive,59,0.2000000000000001,0.2000000000000001,0.7404129793510311,0.7404129793510311,True,True
Matbench-Gap,Progressive,60,0.08,0.08,0.382654867256636,0.382654867256636,True,True
Matbench-Gap,Progressive,61,0.02,0.02,0.1170501474926246,0.1170501474926246,True,True
HOPV15,Sequential,52,0.0,0.0,2.850378787878785,2.850378787878785,True,True
HOPV15,Sequential,53,0.0,0.0,3.723295454545445,3.723295454545445,True,True
HOPV15,Sequential,54,3.9,3.9,4.5206439393939375,4.5206439393939375,True,True
HOPV15,Sequential,55,4.299999999999999,4.299999999999999,5.078219696969693,5.078219696969693,True,True
HOPV15,Sequential,56,0.0,0.0,0.3488636363636349,0.3488636363636349,True,True
Branin-Unfav,Curriculum,42,0.2639537746364127,0.2639537746364127,1.4703268744153168,1.4703268744153168,True,True
Branin-Unfav,Curriculum,43,0.1464807059646879,0.1464807059646879,1.0380074617887247,1.0380074617887247,True,True
Branin-Unfav,Curriculum,44,3.180609312939413,3.180609312939413,5.724338252689704,5.724338252689704,True,True
Branin-Unfav,Curriculum,45,0.5121657420372774,0.5121657420372774,8.458833784639973,8.458833784639973,True,True
Branin-Unfav,Curriculum,46,0.0457697300888585,0.0457697300888585,1.638243705285491,1.638243705285491,True,True
FreeSolv,Adapter,57,0.0,0.0,0.2190528634361217,0.2190528634361217,True,True
FreeSolv,Adapter,58,0.0,0.0,0.029735682819383,0.029735682819383,True,True
FreeSolv,Adapter,59,0.0,0.0,0.4420704845814945,0.4420704845814945,True,True
FreeSolv,Adapter,60,0.0,0.0,0.0165198237885461,0.0165198237885461,True,True
FreeSolv,Adapter,61,0.0,0.0,0.3026431718061652,0.3026431718061652,True,True
FreeSolv,TwoStageJoint,47,0.0,0.0,0.3327092511013191,0.3327092511013191,True,True
FreeSolv,TwoStageJoint,48,0.0,0.0,0.3564977973568256,0.3564977973568256,True,True
FreeSolv,TwoStageJoint,49,0.0,0.0,0.2174008810572671,0.2174008810572671,True,True
FreeSolv,TwoStageJoint,50,0.0,0.0,0.5081497797356791,0.5081497797356791,True,True
FreeSolv,TwoStageJoint,51,0.0,0.0,0.2530837004405268,0.2530837004405268,True,True
Branin-Fav,PseudoLabeling,52,0.1534502254535983,0.1534502254535983,2.658253564158563,2.658253564158563,True,True
Matbench-Gap,Adapter,52,0.1,0.1,0.3684365781710897,0.3684365781710897,True,True
Matbench-Gap,Adapter,53,0.1,0.1,0.5277286135693189,0.5277286135693189,True,True
Matbench-Gap,Adapter,54,0.01,0.01,0.3111799410029482,0.3111799410029482,True,True
Matbench-Gap,Adapter,55,0.0,0.0,0.1238938053097336,0.1238938053097336,True,True
Matbench-Gap,Adapter,56,0.24,0.24,0.3426548672566365,0.3426548672566365,True,True
HOPV15,Sequential,47,0.0,0.0,2.435227272727262,2.435227272727262,True,True
HOPV15,Sequential,48,0.0,0.0,3.62102272727272,3.62102272727272,True,True
HOPV15,Sequential,49,0.0,0.0,2.8941287878787803,2.8941287878787803,True,True
HOPV15,Sequential,50,0.0,0.0,2.3393939393939287,2.3393939393939287,True,True
HOPV15,Sequential,51,0.0,0.0,0.994318181818177,0.994318181818177,True,True
HOPV15,Curriculum,47,3.499999999999999,3.499999999999999,4.145454545454541,4.145454545454541,True,True
HOPV15,Curriculum,48,0.0,0.0,3.62102272727272,3.62102272727272,True,True
HOPV15,Curriculum,49,3.499999999999999,3.499999999999999,4.074053030303027,4.074053030303027,True,True
HOPV15,Curriculum,50,0.0,0.0,4.096969696969691,4.096969696969691,True,True
HOPV15,Curriculum,51,0.0,0.0,0.994318181818177,0.994318181818177,True,True
Park-Unfav,Progressive,42,0.0,0.0,3.5188777332204975e-08,3.5188777332204975e-08,True,True
Park-Unfav,Progressive,43,0.0,0.0,0.3584547452101467,0.3584547452101467,True,True
Park-Unfav,Progressive,44,0.0,0.0,0.2688427078054277,0.2688427078054277,True,True
Park-Unfav,Progressive,45,0.0,0.0,0.0896146547658112,0.0896146547658112,True,True
Park-Unfav,Progressive,46,0.0,0.0,0.3749382608716755,0.3749382608716755,True,True
Branin-Fav,TwoStageJoint,52,0.6621478693184315,0.6621478693184315,3.456602679175739,3.456602679175739,True,True
Branin-Fav,TwoStageJoint,53,0.0681981043913921,0.0681981043913921,1.907782319793753,1.907782319793753,True,True
Branin-Fav,TwoStageJoint,54,2.2784190502359443,2.2784190502359443,6.762416952829859,6.762416952829859,True,True
Branin-Fav,TwoStageJoint,55,0.1534502254535983,0.1534502254535983,2.4521345287770235,2.4521345287770235,True,True
Branin-Fav,TwoStageJoint,56,0.0906300849016386,0.0906300849016386,3.463870907411192,3.463870907411192,True,True
Matbench-Gap,TwoStageJoint,57,0.1,0.1,0.6209439528023583,0.6209439528023583,True,True
Matbench-Gap,TwoStageJoint,58,0.01,0.01,0.2970206489675496,0.2970206489675496,True,True
Matbench-Gap,TwoStageJoint,59,0.4000000000000001,0.4000000000000001,0.9014749262536856,0.9014749262536856,True,True
Matbench-Gap,TwoStageJoint,60,0.1,0.1,0.1601769911504421,0.1601769911504421,True,True
Matbench-Gap,TwoStageJoint,61,0.1500000000000001,0.1500000000000001,0.294542772861356,0.294542772861356,True,True
Matbench-Gap,Sequential,57,0.01,0.01,0.5660471976401155,0.5660471976401155,True,True
Matbench-Gap,Sequential,58,0.01,0.01,0.2380235988200574,0.2380235988200574,True,True
Matbench-Gap,Sequential,59,0.2799999999999998,0.2799999999999998,0.7260176991150424,0.7260176991150424,True,True
Matbench-Gap,Sequential,60,0.1,0.1,0.1601769911504421,0.1601769911504421,True,True
Matbench-Gap,Sequential,61,0.4500000000000002,0.4500000000000002,0.4853982300884955,0.4853982300884955,True,True
Park-Fav,Adapter,57,0.0,0.0,0.0830507204242113,0.0830507204242113,True,True
Park-Fav,Adapter,58,0.0,0.0,0.1551917389007848,0.1551917389007848,True,True
Park-Fav,Adapter,59,0.0,0.0,0.2555072592407524,0.2555072592407524,True,True
Park-Fav,Adapter,60,0.0,0.0,0.0830510597764603,0.0830510597764603,True,True
Park-Fav,Adapter,61,0.0,0.0,0.2472837187883766,0.2472837187883766,True,True
COFs,Progressive,57,0.0,0.0,1.865917964511817,1.865917964511817,True,True
COFs,Progressive,58,0.0,0.0,1.590841680542139,1.590841680542139,True,True
COFs,Progressive,59,0.0,0.0,0.6051820779442104,0.6051820779442104,True,True
COFs,Progressive,60,0.0,0.0,0.6219821618386377,0.6219821618386377,True,True
COFs,Progressive,61,0.0,0.0,1.36320444580286,1.36320444580286,True,True
Branin-Fav,DomainAdaptationMMD,52,0.1388635850122277,0.1388635850122277,3.089539366170916,3.089539366170916,True,True
Branin-Fav,DomainAdaptationMMD,53,0.2639537746364127,0.2639537746364127,2.795901462770579,2.795901462770579,True,True
Branin-Fav,DomainAdaptationMMD,54,0.3801927577659061,0.3801927577659061,2.7840659171130886,2.7840659171130886,True,True
Branin-Fav,DomainAdaptationMMD,55,0.0681981043913921,0.0681981043913921,2.782549043756925,2.782549043756925,True,True
Branin-Fav,DomainAdaptationMMD,56,0.1534502254535983,0.1534502254535983,2.429049070646038,2.429049070646038,True,True
Branin-Unfav,DNGOGradient,47,3.07657071621084,3.07657071621084,6.3300027107928925,6.3300027107928925,True,True
Branin-Unfav,DNGOGradient,48,0.0681981043913921,0.0681981043913921,1.2301935604293996,1.2301935604293996,True,True
Branin-Unfav,DNGOGradient,49,0.0681981043913921,0.0681981043913921,2.1804694199622303,2.1804694199622303,True,True
Branin-Unfav,DNGOGradient,50,0.0457697300888585,0.0457697300888585,1.8017223605122523,1.8017223605122523,True,True
Branin-Unfav,DNGOGradient,51,0.2765471034587321,0.2765471034587321,1.7900019057155827,1.7900019057155827,True,True
HOPV15,DomainAdaptationMMD,47,3.499999999999999,3.499999999999999,4.145454545454541,4.145454545454541,True,True
HOPV15,DomainAdaptationMMD,48,2.8999999999999995,2.8999999999999995,4.358522727272721,4.358522727272721,True,True
HOPV15,DomainAdaptationMMD,49,4.299999999999999,4.299999999999999,4.776325757575757,4.776325757575757,True,True
HOPV15,DomainAdaptationMMD,50,0.0,0.0,3.7166666666666615,3.7166666666666615,True,True
HOPV15,DomainAdaptationMMD,51,0.0,0.0,0.4640151515151492,0.4640151515151492,True,True
Polarizability,DomainAdaptationMMD,57,0.0,0.0,0.0277071767935957,0.0277071767935957,True,True
Polarizability,DomainAdaptationMMD,58,0.0,0.0,0.0307803886214567,0.0307803886214567,True,True
Polarizability,DomainAdaptationMMD,59,0.0,0.0,0.026387787422472,0.026387787422472,True,True
Polarizability,DomainAdaptationMMD,60,0.0,0.0,0.006419955598516,0.006419955598516,True,True
Polarizability,DomainAdaptationMMD,61,0.0,0.0,0.026387787422472,0.026387787422472,True,True
Branin-Unfav,DNGOJoint,47,2.3273694998934467,2.3273694998934467,4.9756938391856025,4.9756938391856025,True,True
Branin-Unfav,DNGOJoint,48,1.8041356475407888,1.8041356475407888,2.521379646341296,2.521379646341296,True,True
Branin-Unfav,DNGOJoint,49,0.98073310776004,0.98073310776004,4.8304349041638615,4.8304349041638615,True,True
Branin-Unfav,DNGOJoint,50,0.00241426425751,0.00241426425751,0.5904449906464101,0.5904449906464101,True,True
Branin-Unfav,DNGOJoint,51,0.5528475346107609,0.5528475346107609,1.7989632341551691,1.7989632341551691,True,True
Branin-Fav,DNGOGradient,47,0.0681981043913921,0.0681981043913921,1.966089189192763,1.966089189192763,True,True
Branin-Fav,DNGOGradient,48,0.0681981043913921,0.0681981043913921,1.965385837272671,1.965385837272671,True,True
Branin-Fav,DNGOGradient,49,0.4078043888879996,0.4078043888879996,2.6498014811294706,2.6498014811294706,True,True
Branin-Fav,DNGOGradient,50,0.00241426425751,0.00241426425751,3.037662079466811,3.037662079466811,True,True
Branin-Fav,DNGOGradient,51,0.0681981043913921,0.0681981043913921,0.9755005033692464,0.9755005033692464,True,True
FreeSolv,KnowledgeDistillation,47,0.0,0.0,0.3327092511013191,0.3327092511013191,True,True
FreeSolv,KnowledgeDistillation,48,0.0,0.0,0.3564977973568256,0.3564977973568256,True,True
FreeSolv,KnowledgeDistillation,49,0.0,0.0,0.2174008810572671,0.2174008810572671,True,True
FreeSolv,KnowledgeDistillation,50,0.0,0.0,0.5557268722466918,0.5557268722466918,True,True
FreeSolv,KnowledgeDistillation,51,0.0,0.0,0.2292951541850204,0.2292951541850204,True,True
FreeSolv,DNGOJoint,42,0.0,0.0,0.0089207048458149,0.0089207048458149,True,True
FreeSolv,DNGOJoint,43,0.0,0.0,0.3288546255506585,0.3288546255506585,True,True
FreeSolv,DNGOJoint,44,0.0,0.0,0.3095814977973545,0.3095814977973545,True,True
FreeSolv,DNGOJoint,45,0.0,0.0,0.3089207048458127,0.3089207048458127,True,True
FreeSolv,DNGOJoint,46,0.0,0.0,0.5240088105726833,0.5240088105726833,True,True
HOPV15,PseudoLabeling,42,0.0,0.0,3.9244318181818114,3.9244318181818114,True,True
HOPV15,PseudoLabeling,43,0.0,0.0,3.0066287878787743,3.0066287878787743,True,True
HOPV15,PseudoLabeling,44,0.0,0.0,1.8964015151515063,1.8964015151515063,True,True
HOPV15,PseudoLabeling,45,0.0,0.0,4.274053030303027,4.274053030303027,True,True
HOPV15,PseudoLabeling,46,0.0,0.0,4.589772727272724,4.589772727272724,True,True
Polarizability,Curriculum,42,0.0,0.0,0.023330665708893,0.023330665708893,True,True
Polarizability,Curriculum,43,0.0,0.0,0.0368785419343329,0.0368785419343329,True,True
Polarizability,Curriculum,44,0.0,0.0,0.026387787422472,0.026387787422472,True,True
Polarizability,Curriculum,45,0.0,0.0,0.023330665708893,0.023330665708893,True,True
Polarizability,Curriculum,46,0.0,0.0,0.0,0.0,True,True
FreeSolv,Progressive,57,0.0,0.0,0.2666299559471347,0.2666299559471347,True,True
FreeSolv,Progressive,58,0.0,0.0,0.0403083700440525,0.0403083700440525,True,True
FreeSolv,Progressive,59,0.0,0.0,0.3825991189427284,0.3825991189427284,True,True
FreeSolv,Progressive,60,0.0,0.0,0.0284140969162993,0.0284140969162993,True,True
FreeSolv,Progressive,61,0.0,0.0,0.3977973568281913,0.3977973568281913,True,True
FreeSolv,PseudoLabeling,57,0.0,0.0,0.2190528634361217,0.2190528634361217,True,True
FreeSolv,PseudoLabeling,58,0.0,0.0,0.029735682819383,0.029735682819383,True,True
FreeSolv,PseudoLabeling,59,0.0,0.0,0.3825991189427284,0.3825991189427284,True,True
FreeSolv,PseudoLabeling,60,0.0,0.0,0.0284140969162993,0.0284140969162993,True,True
FreeSolv,PseudoLabeling,61,0.0,0.0,0.3026431718061652,0.3026431718061652,True,True
Park-Fav,KnowledgeDistillation,42,0.0,0.0,0.1574726398026053,0.1574726398026053,True,True
Park-Fav,KnowledgeDistillation,43,0.0,0.0,0.1111220081057651,0.1111220081057651,True,True
Park-Fav,KnowledgeDistillation,44,0.0,0.0,0.1574726390305497,0.1574726390305497,True,True
Park-Fav,KnowledgeDistillation,45,0.0,0.0,0.0830501504345781,0.0830501504345781,True,True
Park-Fav,KnowledgeDistillation,46,0.0,0.0,0.1761528182404042,0.1761528182404042,True,True
Branin-Unfav,KnowledgeDistillation,42,0.2639537746364127,0.2639537746364127,1.4703268744153168,1.4703268744153168,True,True
Branin-Unfav,KnowledgeDistillation,43,0.1464807059646879,0.1464807059646879,1.0380074617887247,1.0380074617887247,True,True
Branin-Unfav,KnowledgeDistillation,44,3.180609312939413,3.180609312939413,5.724338252689704,5.724338252689704,True,True
Branin-Unfav,KnowledgeDistillation,45,0.5121657420372774,0.5121657420372774,8.458833784639973,8.458833784639973,True,True
Branin-Unfav,KnowledgeDistillation,46,0.0457697300888585,0.0457697300888585,1.638243705285491,1.638243705285491,True,True
Park-Unfav,DomainAdaptationMMD,42,0.0,0.0,3.670419751124076e-08,3.670419751124076e-08,True,True
Park-Unfav,DomainAdaptationMMD,43,0.0,0.0,0.8762330398599345,0.8762330398599345,True,True
Park-Unfav,DomainAdaptationMMD,44,0.0,0.0,0.3086732106161352,0.3086732106161352,True,True
Park-Unfav,DomainAdaptationMMD,45,0.0,0.0,0.0896146647189644,0.0896146647189644,True,True
Park-Unfav,DomainAdaptationMMD,46,0.0,0.0,0.3749382625392833,0.3749382625392833,True,True
Polarizability,KnowledgeDistillation,57,0.0,0.0,0.0277071767935957,0.0277071767935957,True,True
Polarizability,KnowledgeDistillation,58,0.0,0.0,0.0307803886214567,0.0307803886214567,True,True
Polarizability,KnowledgeDistillation,59,0.0,0.0,0.026387787422472,0.026387787422472,True,True
Polarizability,KnowledgeDistillation,60,0.0,0.0,0.006419955598516,0.006419955598516,True,True
Polarizability,KnowledgeDistillation,61,0.0,0.0,0.026387787422472,0.026387787422472,True,True
Branin-Unfav,Adapter,57,3.5800652789754164,3.5800652789754164,3.5800652789754177,3.5800652789754177,True,True
Branin-Unfav,Adapter,58,5.396536248624538,5.396536248624538,6.176304998324449,6.176304998324449,True,True
Branin-Unfav,Adapter,59,3.614278191875552,3.614278191875552,5.300992094642078,5.300992094642078,True,True
Branin-Unfav,Adapter,60,0.2639537746364127,0.2639537746364127,5.87585407133357,5.87585407133357,True,True
Branin-Unfav,Adapter,61,2.48285660655916,2.48285660655916,4.565302493623878,4.565302493623878,True,True
Branin-Fav,DomainAdaptationMMD,47,0.6621478693184315,0.6621478693184315,2.99263897339384,2.99263897339384,True,True
Branin-Fav,DomainAdaptationMMD,48,0.6621478693184315,0.6621478693184315,3.214134951115599,3.214134951115599,True,True
Branin-Fav,DomainAdaptationMMD,49,1.1039132572873882,1.1039132572873882,3.681143615971543,3.681143615971543,True,True
Branin-Fav,DomainAdaptationMMD,50,0.1388635850122277,0.1388635850122277,4.289388903708632,4.289388903708632,True,True
Branin-Fav,DomainAdaptationMMD,51,0.8424602688694769,0.8424602688694769,1.7276550670457174,1.7276550670457174,True,True
