benchmark,model,seed,fraction,n_hf,n_lf,n_train,pool,dim,numpy_fit_flops,numpy_predict_flops,fit_flops,predict_flops,ok,elapsed,err
Branin-Fav,MFGP,42,0.1,2,26,28,2500,2,0,0,8725920,354072544,1,30.37,
Branin-Fav,MFGP,42,0.3,7,78,85,2500,2,0,0,238425000,1099165600,1,70.46,
Branin-Fav,MFGP,42,0.5,12,130,142,2500,2,0,0,464699544,1876852624,1,4.77,
Branin-Fav,MFGP,42,0.7,17,181,198,2500,2,0,0,1818438336,2672637264,1,4.28,
Branin-Fav,MFGP,42,1.0,24,259,283,2500,2,0,0,3996120744,3940641424,1,4.5,
Branin-Fav,MFGP,43,0.1,2,26,28,2500,2,0,0,10055584,354072544,1,4.04,
Branin-Fav,MFGP,43,0.3,7,78,85,2500,2,0,0,362406000,1099165600,1,6.63,
Branin-Fav,MFGP,43,0.5,12,130,142,2500,2,0,0,1131442368,1876852624,1,5.22,
Branin-Fav,MFGP,43,0.7,17,181,198,2500,2,0,0,3566936736,2672637264,1,7.26,
Branin-Fav,MFGP,43,1.0,24,259,283,2500,2,0,0,3058759088,3940641424,1,3.6,
Branin-Fav,NARGP,42,0.1,2,26,28,2500,2,0,0,5698392,353540040,1,2.42,
Branin-Fav,NARGP,42,0.3,7,78,85,2500,2,0,0,87751322,1093590490,1,1.97,
Branin-Fav,NARGP,42,0.5,12,130,142,2500,2,0,0,474754528,1860931440,1,2.23,
Branin-Fav,NARGP,42,0.7,17,181,198,2500,2,0,0,1159738042,2641242890,1,2.86,
Branin-Fav,NARGP,42,1.0,24,259,283,2500,2,0,0,1685559240,3877205760,1,2.39,
Branin-Fav,NARGP,43,0.1,2,26,28,2500,2,0,0,3810456,353540040,1,1.6,
Branin-Fav,NARGP,43,0.3,7,78,85,2500,2,0,0,89990692,1093590490,1,2.32,
Branin-Fav,NARGP,43,0.5,12,130,142,2500,2,0,0,276609320,1860931440,1,1.75,
Branin-Fav,NARGP,43,0.7,17,181,198,2500,2,0,0,2087546162,2641242890,1,3.13,
Branin-Fav,NARGP,43,1.0,24,259,283,2500,2,0,0,6174774312,3877205760,1,5.1,
Branin-Fav,Sparse MFGP,42,0.1,2,26,28,2500,2,0,0,310140000,84689640,1,13.63,
Branin-Fav,Sparse MFGP,42,0.3,7,78,85,2500,2,0,0,7797147000,152882388,1,13.34,
Branin-Fav,Sparse MFGP,42,0.5,12,130,142,2500,2,0,0,17484444000,181640808,1,14.73,
Branin-Fav,Sparse MFGP,42,0.7,17,181,198,2500,2,0,0,24085052000,181640808,1,15.64,
Branin-Fav,Sparse MFGP,42,1.0,24,259,283,2500,2,0,0,34271622000,181640808,1,15.02,
Branin-Fav,Sparse MFGP,43,0.1,2,26,28,2500,2,0,0,310140000,84689640,1,9.73,
Branin-Fav,Sparse MFGP,43,0.3,7,78,85,2500,2,0,0,7797147000,152882388,1,12.96,
Branin-Fav,Sparse MFGP,43,0.5,12,130,142,2500,2,0,0,17484444000,181640808,1,11.5,
Branin-Fav,Sparse MFGP,43,0.7,17,181,198,2500,2,0,0,24085052000,181640808,1,11.52,
Branin-Fav,Sparse MFGP,43,1.0,24,259,283,2500,2,0,0,34271622000,181640808,1,15.02,
Branin-Fav,DKL Multi-Fidelity,42,0.1,2,26,28,2500,2,0,0,504124000,632650960,1,10.71,
Branin-Fav,DKL Multi-Fidelity,42,0.3,7,78,85,2500,2,0,0,2354002000,1358548696,1,10.48,
Branin-Fav,DKL Multi-Fidelity,42,0.5,12,130,142,2500,2,0,0,6231256000,2084966272,1,12.79,
Branin-Fav,DKL Multi-Fidelity,42,0.7,17,181,198,2500,2,0,0,13090584000,2799145920,1,13.52,
Branin-Fav,DKL Multi-Fidelity,42,1.0,24,259,283,2500,2,0,0,31651864000,3884127400,1,15.67,
Branin-Fav,DKL Multi-Fidelity,43,0.1,2,26,28,2500,2,0,0,504124000,632650960,1,12.22,
Branin-Fav,DKL Multi-Fidelity,43,0.3,7,78,85,2500,2,0,0,2354002000,1358548696,1,11.44,
Branin-Fav,DKL Multi-Fidelity,43,0.5,12,130,142,2500,2,0,0,6231256000,2084966272,1,11.92,
Branin-Fav,DKL Multi-Fidelity,43,0.7,17,181,198,2500,2,0,0,13090584000,2799145920,1,11.14,
Branin-Fav,DKL Multi-Fidelity,43,1.0,24,259,283,2500,2,0,0,31651864000,3884127400,1,16.32,
Branin-Fav,Sequential,42,0.1,2,26,28,2500,2,13959558,22445000,153528454,65005000,1,1.29,
Branin-Fav,Sequential,42,0.3,7,78,85,2500,2,14251353,22445000,436405465,65005000,1,2.38,
Branin-Fav,Sequential,42,0.5,12,130,142,2500,2,14576148,22445000,719315476,65005000,1,1.24,
Branin-Fav,Sequential,42,0.7,17,181,198,2500,2,14933943,22445000,997155639,65005000,1,1.18,
Branin-Fav,Sequential,42,1.0,24,259,283,2500,2,15490296,22445000,1419866104,65005000,1,1.24,
Branin-Fav,Sequential,43,0.1,2,26,28,2500,2,13959558,22445000,153528454,65005000,1,1.12,
Branin-Fav,Sequential,43,0.3,7,78,85,2500,2,14251353,22445000,436405465,65005000,1,1.16,
Branin-Fav,Sequential,43,0.5,12,130,142,2500,2,14576148,22445000,719315476,65005000,1,1.21,
Branin-Fav,Sequential,43,0.7,17,181,198,2500,2,14933943,22445000,997155639,65005000,1,1.17,
Branin-Fav,Sequential,43,1.0,24,259,283,2500,2,15490296,22445000,1419866104,65005000,1,2.43,
Branin-Fav,Curriculum,42,0.1,2,26,28,2500,2,13959558,22445000,160406406,65005000,1,1.5,
Branin-Fav,Curriculum,42,0.3,7,78,85,2500,2,14251353,22445000,436088153,65005000,1,1.52,
Branin-Fav,Curriculum,42,0.5,12,130,142,2500,2,14576148,22445000,717943316,65005000,1,2.1,
Branin-Fav,Curriculum,42,0.7,17,181,198,2500,2,14933943,22445000,995346103,65005000,1,2.07,
Branin-Fav,Curriculum,42,1.0,24,259,283,2500,2,15490296,22445000,1418013688,65005000,1,1.47,
Branin-Fav,Curriculum,43,0.1,2,26,28,2500,2,13959558,22445000,160406406,65005000,1,3.47,
Branin-Fav,Curriculum,43,0.3,7,78,85,2500,2,14251353,22445000,436088153,65005000,1,1.63,
Branin-Fav,Curriculum,43,0.5,12,130,142,2500,2,14576148,22445000,717943316,65005000,1,1.91,
Branin-Fav,Curriculum,43,0.7,17,181,198,2500,2,14933943,22445000,995346103,65005000,1,1.54,
Branin-Fav,Curriculum,43,1.0,24,259,283,2500,2,15490296,22445000,1418013688,65005000,1,1.62,
Branin-Fav,DNGO-Gradient,42,0.1,2,26,28,2500,2,13959558,22445000,243845254,65005000,1,3.1,
Branin-Fav,DNGO-Gradient,42,0.3,7,78,85,2500,2,14251353,22445000,719400665,65005000,1,1.88,
Branin-Fav,DNGO-Gradient,42,0.5,12,130,142,2500,2,14576148,22445000,1194989076,65005000,1,3.24,
Branin-Fav,DNGO-Gradient,42,0.7,17,181,198,2500,2,14933943,22445000,1662960439,65005000,1,3.1,
Branin-Fav,DNGO-Gradient,42,1.0,24,259,283,2500,2,15490296,22445000,2368666104,65005000,1,2.03,
Branin-Fav,DNGO-Gradient,43,0.1,2,26,28,2500,2,13959558,22445000,243845254,65005000,1,3.01,
Branin-Fav,DNGO-Gradient,43,0.3,7,78,85,2500,2,14251353,22445000,719400665,65005000,1,1.92,
Branin-Fav,DNGO-Gradient,43,0.5,12,130,142,2500,2,14576148,22445000,1194989076,65005000,1,2.7,
Branin-Fav,DNGO-Gradient,43,0.7,17,181,198,2500,2,14933943,22445000,1662960439,65005000,1,4.15,
Branin-Fav,DNGO-Gradient,43,1.0,24,259,283,2500,2,15490296,22445000,2368666104,65005000,1,2.85,
Branin-Fav,Progressive,42,0.1,2,26,28,2500,2,13959558,22445000,84754054,65005000,1,0.69,
Branin-Fav,Progressive,42,0.3,7,78,85,2500,2,14251353,22445000,228808665,65005000,1,0.68,
Branin-Fav,Progressive,42,0.5,12,130,142,2500,2,14576148,22445000,372896276,65005000,1,0.44,
Branin-Fav,Progressive,42,0.7,17,181,198,2500,2,14933943,22445000,514461239,65005000,1,0.41,
Branin-Fav,Progressive,42,1.0,24,259,283,2500,2,15490296,22445000,729574904,65005000,1,0.42,
Branin-Fav,Progressive,43,0.1,2,26,28,2500,2,13959558,22445000,84754054,65005000,1,0.45,
Branin-Fav,Progressive,43,0.3,7,78,85,2500,2,14251353,22445000,228808665,65005000,1,1.81,
Branin-Fav,Progressive,43,0.5,12,130,142,2500,2,14576148,22445000,372896276,65005000,1,0.53,
Branin-Fav,Progressive,43,0.7,17,181,198,2500,2,14933943,22445000,514461239,65005000,1,0.52,
Branin-Fav,Progressive,43,1.0,24,259,283,2500,2,15490296,22445000,729574904,65005000,1,0.53,
Branin-Fav,Two-Stage Joint,42,0.1,2,26,28,2500,2,13959558,22445000,157204102,65005000,1,0.84,
Branin-Fav,Two-Stage Joint,42,0.3,7,78,85,2500,2,14251353,22445000,449160409,65005000,1,0.92,
Branin-Fav,Two-Stage Joint,42,0.5,12,130,142,2500,2,14576148,22445000,741149716,65005000,1,0.88,
Branin-Fav,Two-Stage Joint,42,0.7,17,181,198,2500,2,14933943,22445000,1028060727,65005000,1,1.21,
Branin-Fav,Two-Stage Joint,42,1.0,24,259,283,2500,2,15490296,22445000,1463526136,65005000,1,1.24,
Branin-Fav,Two-Stage Joint,43,0.1,2,26,28,2500,2,13959558,22445000,157204102,65005000,1,2.77,
Branin-Fav,Two-Stage Joint,43,0.3,7,78,85,2500,2,14251353,22445000,449160409,65005000,1,1.34,
Branin-Fav,Two-Stage Joint,43,0.5,12,130,142,2500,2,14576148,22445000,741149716,65005000,1,1.34,
Branin-Fav,Two-Stage Joint,43,0.7,17,181,198,2500,2,14933943,22445000,1028060727,65005000,1,0.8,
Branin-Fav,Two-Stage Joint,43,1.0,24,259,283,2500,2,15490296,22445000,1463526136,65005000,1,0.9,
Branin-Fav,DNGO-Joint,42,0.1,2,26,28,2500,2,13959558,22445000,233477254,65005000,1,2.15,
Branin-Fav,DNGO-Joint,42,0.3,7,78,85,2500,2,14251353,22445000,683112665,65005000,1,2.17,
Branin-Fav,DNGO-Joint,42,0.5,12,130,142,2500,2,14576148,22445000,1132781076,65005000,1,4.03,
Branin-Fav,DNGO-Joint,42,0.7,17,181,198,2500,2,14933943,22445000,1574832439,65005000,1,2.21,
Branin-Fav,DNGO-Joint,42,1.0,24,259,283,2500,2,15490296,22445000,2244250104,65005000,1,2.28,
Branin-Fav,DNGO-Joint,43,0.1,2,26,28,2500,2,13959558,22445000,233477254,65005000,1,2.12,
Branin-Fav,DNGO-Joint,43,0.3,7,78,85,2500,2,14251353,22445000,683112665,65005000,1,2.23,
Branin-Fav,DNGO-Joint,43,0.5,12,130,142,2500,2,14576148,22445000,1132781076,65005000,1,1.4,
Branin-Fav,DNGO-Joint,43,0.7,17,181,198,2500,2,14933943,22445000,1574832439,65005000,1,4.02,
Branin-Fav,DNGO-Joint,43,1.0,24,259,283,2500,2,15490296,22445000,2244250104,65005000,1,2.54,
Branin-Fav,Knowledge Distillation,42,0.1,2,26,28,2500,2,13959558,22445000,153528454,65005000,1,0.87,
Branin-Fav,Knowledge Distillation,42,0.3,7,78,85,2500,2,14251353,22445000,436405465,65005000,1,0.9,
Branin-Fav,Knowledge Distillation,42,0.5,12,130,142,2500,2,14576148,22445000,719315476,65005000,1,1.06,
Branin-Fav,Knowledge Distillation,42,0.7,17,181,198,2500,2,14933943,22445000,997155639,65005000,1,0.99,
Branin-Fav,Knowledge Distillation,42,1.0,24,259,283,2500,2,15490296,22445000,1419866104,65005000,1,0.97,
Branin-Fav,Knowledge Distillation,43,0.1,2,26,28,2500,2,13959558,22445000,153528454,65005000,1,0.88,
Branin-Fav,Knowledge Distillation,43,0.3,7,78,85,2500,2,14251353,22445000,436405465,65005000,1,0.93,
Branin-Fav,Knowledge Distillation,43,0.5,12,130,142,2500,2,14576148,22445000,719315476,65005000,1,1.07,
Branin-Fav,Knowledge Distillation,43,0.7,17,181,198,2500,2,14933943,22445000,997155639,65005000,1,1.24,
Branin-Fav,Knowledge Distillation,43,1.0,24,259,283,2500,2,15490296,22445000,1419866104,65005000,1,1.15,
Branin-Fav,Domain Adaptation (MMD),42,0.1,2,26,28,2500,2,13959558,22445000,224045702,65005000,1,3.89,
Branin-Fav,Domain Adaptation (MMD),42,0.3,7,78,85,2500,2,14251353,22445000,650491609,65005000,1,1.67,
Branin-Fav,Domain Adaptation (MMD),42,0.5,12,130,142,2500,2,14576148,22445000,1076970516,65005000,1,1.81,
Branin-Fav,Domain Adaptation (MMD),42,0.7,17,181,198,2500,2,14933943,22445000,1495862327,65005000,1,2.04,
Branin-Fav,Domain Adaptation (MMD),42,1.0,24,259,283,2500,2,15490296,22445000,2132658936,65005000,1,1.23,
Branin-Fav,Domain Adaptation (MMD),43,0.1,2,26,28,2500,2,13959558,22445000,224045702,65005000,1,1.88,
Branin-Fav,Domain Adaptation (MMD),43,0.3,7,78,85,2500,2,14251353,22445000,650491609,65005000,1,1.69,
Branin-Fav,Domain Adaptation (MMD),43,0.5,12,130,142,2500,2,14576148,22445000,1076970516,65005000,1,1.72,
Branin-Fav,Domain Adaptation (MMD),43,0.7,17,181,198,2500,2,14933943,22445000,1495862327,65005000,1,1.4,
Branin-Fav,Domain Adaptation (MMD),43,1.0,24,259,283,2500,2,15490296,22445000,2132658936,65005000,1,4.23,
Branin-Fav,Soft Parameter Sharing,42,0.1,2,26,28,2500,2,13959558,22445000,167301254,65005000,1,1.91,
Branin-Fav,Soft Parameter Sharing,42,0.3,7,78,85,2500,2,14251353,22445000,484610265,65005000,1,1.97,
Branin-Fav,Soft Parameter Sharing,42,0.5,12,130,142,2500,2,14576148,22445000,801952276,65005000,1,2.01,
Branin-Fav,Soft Parameter Sharing,42,0.7,17,181,198,2500,2,14933943,22445000,1114224439,65005000,1,1.27,
Branin-Fav,Soft Parameter Sharing,42,1.0,24,259,283,2500,2,15490296,22445000,1585139704,65005000,1,3.84,
Branin-Fav,Soft Parameter Sharing,43,0.1,2,26,28,2500,2,13959558,22445000,167301254,65005000,1,1.3,
Branin-Fav,Soft Parameter Sharing,43,0.3,7,78,85,2500,2,14251353,22445000,484610265,65005000,1,1.49,
Branin-Fav,Soft Parameter Sharing,43,0.5,12,130,142,2500,2,14576148,22445000,801952276,65005000,1,1.26,
Branin-Fav,Soft Parameter Sharing,43,0.7,17,181,198,2500,2,14933943,22445000,1114224439,65005000,1,3.49,
Branin-Fav,Soft Parameter Sharing,43,1.0,24,259,283,2500,2,15490296,22445000,1585139704,65005000,1,1.87,
Branin-Fav,Pseudo-Labeling,42,0.1,2,26,28,2500,2,13959558,22445000,242958982,65005000,1,1.37,
Branin-Fav,Pseudo-Labeling,42,0.3,7,78,85,2500,2,14251353,22445000,704705625,65005000,1,1.42,
Branin-Fav,Pseudo-Labeling,42,0.5,12,130,142,2500,2,14576148,22445000,1166485268,65005000,1,1.6,
Branin-Fav,Pseudo-Labeling,42,0.7,17,181,198,2500,2,14933943,22445000,1619756087,65005000,1,1.61,
Branin-Fav,Pseudo-Labeling,42,1.0,24,259,283,2500,2,15490296,22445000,2310766712,65005000,1,1.48,
Branin-Fav,Pseudo-Labeling,43,0.1,2,26,28,2500,2,13959558,22445000,242958982,65005000,1,1.32,
Branin-Fav,Pseudo-Labeling,43,0.3,7,78,85,2500,2,14251353,22445000,704705625,65005000,1,3.47,
Branin-Fav,Pseudo-Labeling,43,0.5,12,130,142,2500,2,14576148,22445000,1166485268,65005000,1,1.44,
Branin-Fav,Pseudo-Labeling,43,0.7,17,181,198,2500,2,14933943,22445000,1619756087,65005000,1,1.48,
Branin-Fav,Pseudo-Labeling,43,1.0,24,259,283,2500,2,15490296,22445000,2310766712,65005000,1,1.53,
Branin-Fav,Adapter,42,0.1,2,26,28,2500,2,13959558,22445000,154561158,43885000,1,1.26,
Branin-Fav,Adapter,42,0.3,7,78,85,2500,2,14251353,22445000,440019929,43885000,1,1.27,
Branin-Fav,Adapter,42,0.5,12,130,142,2500,2,14576148,22445000,725511700,43885000,1,1.3,
Branin-Fav,Adapter,42,0.7,17,181,198,2500,2,14933943,22445000,1005933623,43885000,1,1.26,
Branin-Fav,Adapter,42,1.0,24,259,283,2500,2,15490296,22445000,1432258552,43885000,1,1.32,
Branin-Fav,Adapter,43,0.1,2,26,28,2500,2,13959558,22445000,154561158,43885000,1,1.19,
Branin-Fav,Adapter,43,0.3,7,78,85,2500,2,14251353,22445000,440019929,43885000,1,3.34,
Branin-Fav,Adapter,43,0.5,12,130,142,2500,2,14576148,22445000,725511700,43885000,1,1.32,
Branin-Fav,Adapter,43,0.7,17,181,198,2500,2,14933943,22445000,1005933623,43885000,1,1.35,
Branin-Fav,Adapter,43,1.0,24,259,283,2500,2,15490296,22445000,1432258552,43885000,1,1.37,
Branin-Unfav,MFGP,42,0.1,2,5,7,2500,2,0,0,175616,87780784,1,2.9,
Branin-Unfav,MFGP,42,0.3,7,16,23,2500,2,0,0,8227008,290268464,1,5.81,
Branin-Unfav,MFGP,42,0.5,12,26,38,2500,2,0,0,16193016,482433104,1,2.87,
Branin-Unfav,MFGP,42,0.7,17,36,53,2500,2,0,0,42067584,676854944,1,3.15,
Branin-Unfav,MFGP,42,1.0,24,52,76,2500,2,0,0,179679808,979352416,1,3.97,
Branin-Unfav,MFGP,43,0.1,2,5,7,2500,2,0,0,47040,87780784,1,1.83,
Branin-Unfav,MFGP,43,0.3,7,16,23,2500,2,0,0,4570560,290268464,1,2.64,
Branin-Unfav,MFGP,43,0.5,12,26,38,2500,2,0,0,30384648,482433104,1,3.78,
Branin-Unfav,MFGP,43,0.7,17,36,53,2500,2,0,0,53022684,676854944,1,3.35,
Branin-Unfav,MFGP,43,1.0,24,52,76,2500,2,0,0,185513568,979352416,1,4.66,
Branin-Unfav,NARGP,42,0.1,2,5,7,2500,2,0,0,77184,87680040,1,2.19,
Branin-Unfav,NARGP,42,0.3,7,16,23,2500,2,0,0,1054618,289140490,1,1.9,
Branin-Unfav,NARGP,42,0.5,12,26,38,2500,2,0,0,3802568,479291440,1,2.15,
Branin-Unfav,NARGP,42,0.7,17,36,53,2500,2,0,0,11045178,670692890,1,2.45,
Branin-Unfav,NARGP,42,1.0,24,52,76,2500,2,0,0,33975584,966785760,1,2.49,
Branin-Unfav,NARGP,43,0.1,2,5,7,2500,2,0,0,44964,87680040,1,2.04,
Branin-Unfav,NARGP,43,0.3,7,16,23,2500,2,0,0,1173544,289140490,1,2.32,
Branin-Unfav,NARGP,43,0.5,12,26,38,2500,2,0,0,3454568,479291440,1,2.19,
Branin-Unfav,NARGP,43,0.7,17,36,53,2500,2,0,0,16995936,670692890,1,3.19,
Branin-Unfav,NARGP,43,1.0,24,52,76,2500,2,0,0,35151264,966785760,1,2.82,
Branin-Unfav,Sparse MFGP,42,0.1,2,5,7,2500,2,0,0,7131000,75965652,1,15.41,
Branin-Unfav,Sparse MFGP,42,0.3,7,16,23,2500,2,0,0,177595000,81811540,1,13.53,
Branin-Unfav,Sparse MFGP,42,0.5,12,26,38,2500,2,0,0,744280000,91947640,1,13.86,
Branin-Unfav,Sparse MFGP,42,0.7,17,36,53,2500,2,0,0,1953115000,106589140,1,13.8,
Branin-Unfav,Sparse MFGP,42,1.0,24,52,76,2500,2,0,0,5609724000,137789928,1,13.39,
Branin-Unfav,Sparse MFGP,43,0.1,2,5,7,2500,2,0,0,7131000,75965652,1,12.94,
Branin-Unfav,Sparse MFGP,43,0.3,7,16,23,2500,2,0,0,177595000,81811540,1,12.48,
Branin-Unfav,Sparse MFGP,43,0.5,12,26,38,2500,2,0,0,744280000,91947640,1,13.12,
Branin-Unfav,Sparse MFGP,43,0.7,17,36,53,2500,2,0,0,1953115000,106589140,1,10.48,
Branin-Unfav,Sparse MFGP,43,1.0,24,52,76,2500,2,0,0,5609724000,137789928,1,12.61,
Branin-Unfav,DKL Multi-Fidelity,42,0.1,2,5,7,2500,2,0,0,112516000,365345992,1,13.15,
Branin-Unfav,DKL Multi-Fidelity,42,0.3,7,16,23,2500,2,0,0,401684000,569000520,1,11.36,
Branin-Unfav,DKL Multi-Fidelity,42,0.5,12,26,38,2500,2,0,0,730904000,759963840,1,9.68,
Branin-Unfav,DKL Multi-Fidelity,42,0.7,17,36,53,2500,2,0,0,1137074000,950963160,1,9.5,
Branin-Unfav,DKL Multi-Fidelity,42,1.0,24,52,76,2500,2,0,0,1955644000,1243898704,1,12.52,
Branin-Unfav,DKL Multi-Fidelity,43,0.1,2,5,7,2500,2,0,0,112516000,365345992,1,10.41,
Branin-Unfav,DKL Multi-Fidelity,43,0.3,7,16,23,2500,2,0,0,401684000,569000520,1,10.03,
Branin-Unfav,DKL Multi-Fidelity,43,0.5,12,26,38,2500,2,0,0,730904000,759963840,1,13.3,
Branin-Unfav,DKL Multi-Fidelity,43,0.7,17,36,53,2500,2,0,0,1137074000,950963160,1,9.1,
Branin-Unfav,DKL Multi-Fidelity,43,1.0,24,52,76,2500,2,0,0,1955644000,1243898704,1,9.11,
Branin-Unfav,Sequential,42,0.1,2,5,7,2500,2,13959558,22445000,46368646,65005000,1,0.68,
Branin-Unfav,Sequential,42,0.3,7,16,23,2500,2,14251353,22445000,120028889,65005000,1,0.7,
Branin-Unfav,Sequential,42,0.5,12,26,38,2500,2,14576148,22445000,188619284,65005000,1,0.87,
Branin-Unfav,Sequential,42,0.7,17,36,53,2500,2,14933943,22445000,257242679,65005000,1,0.94,
Branin-Unfav,Sequential,42,1.0,24,52,76,2500,2,15490296,22445000,363576568,65005000,1,0.98,
Branin-Unfav,Sequential,43,0.1,2,5,7,2500,2,13959558,22445000,46368646,65005000,1,3.59,
Branin-Unfav,Sequential,43,0.3,7,16,23,2500,2,14251353,22445000,120028889,65005000,1,1.12,
Branin-Unfav,Sequential,43,0.5,12,26,38,2500,2,14576148,22445000,188619284,65005000,1,1.19,
Branin-Unfav,Sequential,43,0.7,17,36,53,2500,2,14933943,22445000,257242679,65005000,1,1.17,
Branin-Unfav,Sequential,43,1.0,24,52,76,2500,2,15490296,22445000,363576568,65005000,1,1.14,
Branin-Unfav,Curriculum,42,0.1,2,5,7,2500,2,13959558,22445000,53246598,65005000,1,1.55,
Branin-Unfav,Curriculum,42,0.3,7,16,23,2500,2,14251353,22445000,119711577,65005000,1,1.54,
Branin-Unfav,Curriculum,42,0.5,12,26,38,2500,2,14576148,22445000,187247124,65005000,1,1.57,
Branin-Unfav,Curriculum,42,0.7,17,36,53,2500,2,14933943,22445000,255433143,65005000,1,1.59,
Branin-Unfav,Curriculum,42,1.0,24,52,76,2500,2,15490296,22445000,361724152,65005000,1,1.56,
Branin-Unfav,Curriculum,43,0.1,2,5,7,2500,2,13959558,22445000,53246598,65005000,1,1.47,
Branin-Unfav,Curriculum,43,0.3,7,16,23,2500,2,14251353,22445000,119711577,65005000,1,4.11,
Branin-Unfav,Curriculum,43,0.5,12,26,38,2500,2,14576148,22445000,187247124,65005000,1,1.47,
Branin-Unfav,Curriculum,43,0.7,17,36,53,2500,2,14933943,22445000,255433143,65005000,1,1.6,
Branin-Unfav,Curriculum,43,1.0,24,52,76,2500,2,15490296,22445000,361724152,65005000,1,1.58,
Branin-Unfav,DNGO-Gradient,42,0.1,2,5,7,2500,2,13959558,22445000,83194246,65005000,1,2.61,
Branin-Unfav,DNGO-Gradient,42,0.3,7,16,23,2500,2,14251353,22445000,245097689,65005000,1,2.58,
Branin-Unfav,DNGO-Gradient,42,0.5,12,26,38,2500,2,14576148,22445000,399384084,65005000,1,5.08,
Branin-Unfav,DNGO-Gradient,42,0.7,17,36,53,2500,2,14933943,22445000,553703479,65005000,1,2.68,
Branin-Unfav,DNGO-Gradient,42,1.0,24,52,76,2500,2,15490296,22445000,785106168,65005000,1,2.6,
Branin-Unfav,DNGO-Gradient,43,0.1,2,5,7,2500,2,13959558,22445000,83194246,65005000,1,4.72,
Branin-Unfav,DNGO-Gradient,43,0.3,7,16,23,2500,2,14251353,22445000,245097689,65005000,1,2.04,
Branin-Unfav,DNGO-Gradient,43,0.5,12,26,38,2500,2,14576148,22445000,399384084,65005000,1,2.71,
Branin-Unfav,DNGO-Gradient,43,0.7,17,36,53,2500,2,14933943,22445000,553703479,65005000,1,4.38,
Branin-Unfav,DNGO-Gradient,43,1.0,24,52,76,2500,2,15490296,22445000,785106168,65005000,1,2.22,
Branin-Unfav,Progressive,42,0.1,2,5,7,2500,2,13959558,22445000,31085446,65005000,1,0.49,
Branin-Unfav,Progressive,42,0.3,7,16,23,2500,2,14251353,22445000,70358489,65005000,1,0.51,
Branin-Unfav,Progressive,42,0.5,12,26,38,2500,2,14576148,22445000,107108884,65005000,1,0.52,
Branin-Unfav,Progressive,42,0.7,17,36,53,2500,2,14933943,22445000,143892279,65005000,1,0.5,
Branin-Unfav,Progressive,42,1.0,24,52,76,2500,2,15490296,22445000,200555768,65005000,1,0.59,
Branin-Unfav,Progressive,43,0.1,2,5,7,2500,2,13959558,22445000,31085446,65005000,1,0.53,
Branin-Unfav,Progressive,43,0.3,7,16,23,2500,2,14251353,22445000,70358489,65005000,1,0.52,
Branin-Unfav,Progressive,43,0.5,12,26,38,2500,2,14576148,22445000,107108884,65005000,1,0.69,
Branin-Unfav,Progressive,43,0.7,17,36,53,2500,2,14933943,22445000,143892279,65005000,1,0.66,
Branin-Unfav,Progressive,43,1.0,24,52,76,2500,2,15490296,22445000,200555768,65005000,1,0.7,
Branin-Unfav,Two-Stage Joint,42,0.1,2,5,7,2500,2,13959558,22445000,49866886,65005000,1,0.95,
Branin-Unfav,Two-Stage Joint,42,0.3,7,16,23,2500,2,14251353,22445000,132260057,65005000,1,0.99,
Branin-Unfav,Two-Stage Joint,42,0.5,12,26,38,2500,2,14576148,22445000,209574932,65005000,1,3.62,
Branin-Unfav,Two-Stage Joint,42,0.7,17,36,53,2500,2,14933943,22445000,286922807,65005000,1,0.97,
Branin-Unfav,Two-Stage Joint,42,1.0,24,52,76,2500,2,15490296,22445000,405487864,65005000,1,1.4,
Branin-Unfav,Two-Stage Joint,43,0.1,2,5,7,2500,2,13959558,22445000,49866886,65005000,1,1.37,
Branin-Unfav,Two-Stage Joint,43,0.3,7,16,23,2500,2,14251353,22445000,132260057,65005000,1,1.37,
Branin-Unfav,Two-Stage Joint,43,0.5,12,26,38,2500,2,14576148,22445000,209574932,65005000,1,1.4,
Branin-Unfav,Two-Stage Joint,43,0.7,17,36,53,2500,2,14933943,22445000,286922807,65005000,1,0.9,
Branin-Unfav,Two-Stage Joint,43,1.0,24,52,76,2500,2,15490296,22445000,405487864,65005000,1,0.78,
Branin-Unfav,DNGO-Joint,42,0.1,2,5,7,2500,2,13959558,22445000,72826246,65005000,1,1.35,
Branin-Unfav,DNGO-Joint,42,0.3,7,16,23,2500,2,14251353,22445000,208809689,65005000,1,4.96,
Branin-Unfav,DNGO-Joint,42,0.5,12,26,38,2500,2,14576148,22445000,337176084,65005000,1,2.53,
Branin-Unfav,DNGO-Joint,42,0.7,17,36,53,2500,2,14933943,22445000,465575479,65005000,1,2.07,
Branin-Unfav,DNGO-Joint,42,1.0,24,52,76,2500,2,15490296,22445000,660690168,65005000,1,1.93,
Branin-Unfav,DNGO-Joint,43,0.1,2,5,7,2500,2,13959558,22445000,72826246,65005000,1,1.92,
Branin-Unfav,DNGO-Joint,43,0.3,7,16,23,2500,2,14251353,22445000,208809689,65005000,1,2.04,
Branin-Unfav,DNGO-Joint,43,0.5,12,26,38,2500,2,14576148,22445000,337176084,65005000,1,2.2,
Branin-Unfav,DNGO-Joint,43,0.7,17,36,53,2500,2,14933943,22445000,465575479,65005000,1,4.95,
Branin-Unfav,DNGO-Joint,43,1.0,24,52,76,2500,2,15490296,22445000,660690168,65005000,1,2.75,
Branin-Unfav,Knowledge Distillation,42,0.1,2,5,7,2500,2,13959558,22445000,46368646,65005000,1,1.08,
Branin-Unfav,Knowledge Distillation,42,0.3,7,16,23,2500,2,14251353,22445000,120028889,65005000,1,1.2,
Branin-Unfav,Knowledge Distillation,42,0.5,12,26,38,2500,2,14576148,22445000,188619284,65005000,1,1.26,
Branin-Unfav,Knowledge Distillation,42,0.7,17,36,53,2500,2,14933943,22445000,257242679,65005000,1,1.22,
Branin-Unfav,Knowledge Distillation,42,1.0,24,52,76,2500,2,15490296,22445000,363576568,65005000,1,1.23,
Branin-Unfav,Knowledge Distillation,43,0.1,2,5,7,2500,2,13959558,22445000,46368646,65005000,1,1.17,
Branin-Unfav,Knowledge Distillation,43,0.3,7,16,23,2500,2,14251353,22445000,120028889,65005000,1,1.15,
Branin-Unfav,Knowledge Distillation,43,0.5,12,26,38,2500,2,14576148,22445000,188619284,65005000,1,1.05,
Branin-Unfav,Knowledge Distillation,43,0.7,17,36,53,2500,2,14933943,22445000,257242679,65005000,1,1.22,
Branin-Unfav,Knowledge Distillation,43,1.0,24,52,76,2500,2,15490296,22445000,363576568,65005000,1,1.15,
Branin-Unfav,Domain Adaptation (MMD),42,0.1,2,5,7,2500,2,13959558,22445000,64023686,65005000,1,1.19,
Branin-Unfav,Domain Adaptation (MMD),42,0.3,7,16,23,2500,2,14251353,22445000,178045657,65005000,1,1.33,
Branin-Unfav,Domain Adaptation (MMD),42,0.5,12,26,38,2500,2,14576148,22445000,284480532,65005000,1,1.21,
Branin-Unfav,Domain Adaptation (MMD),42,0.7,17,36,53,2500,2,14933943,22445000,390948407,65005000,1,1.33,
Branin-Unfav,Domain Adaptation (MMD),42,1.0,24,52,76,2500,2,15490296,22445000,555299064,65005000,1,4.5,
Branin-Unfav,Domain Adaptation (MMD),43,0.1,2,5,7,2500,2,13959558,22445000,64023686,65005000,1,1.24,
Branin-Unfav,Domain Adaptation (MMD),43,0.3,7,16,23,2500,2,14251353,22445000,178045657,65005000,1,1.42,
Branin-Unfav,Domain Adaptation (MMD),43,0.5,12,26,38,2500,2,14576148,22445000,284480532,65005000,1,1.33,
Branin-Unfav,Domain Adaptation (MMD),43,0.7,17,36,53,2500,2,14933943,22445000,390948407,65005000,1,1.35,
Branin-Unfav,Domain Adaptation (MMD),43,1.0,24,52,76,2500,2,15490296,22445000,555299064,65005000,1,1.52,
Branin-Unfav,Soft Parameter Sharing,42,0.1,2,5,7,2500,2,13959558,22445000,60141446,65005000,1,1.4,
Branin-Unfav,Soft Parameter Sharing,42,0.3,7,16,23,2500,2,14251353,22445000,168233689,65005000,1,1.42,
Branin-Unfav,Soft Parameter Sharing,42,0.5,12,26,38,2500,2,14576148,22445000,271256084,65005000,1,1.58,
Branin-Unfav,Soft Parameter Sharing,42,0.7,17,36,53,2500,2,14933943,22445000,374311479,65005000,1,5.16,
Branin-Unfav,Soft Parameter Sharing,42,1.0,24,52,76,2500,2,15490296,22445000,528850168,65005000,1,1.33,
Branin-Unfav,Soft Parameter Sharing,43,0.1,2,5,7,2500,2,13959558,22445000,60141446,65005000,1,1.15,
Branin-Unfav,Soft Parameter Sharing,43,0.3,7,16,23,2500,2,14251353,22445000,168233689,65005000,1,1.19,
Branin-Unfav,Soft Parameter Sharing,43,0.5,12,26,38,2500,2,14576148,22445000,271256084,65005000,1,1.28,
Branin-Unfav,Soft Parameter Sharing,43,0.7,17,36,53,2500,2,14933943,22445000,374311479,65005000,1,1.18,
Branin-Unfav,Soft Parameter Sharing,43,1.0,24,52,76,2500,2,15490296,22445000,528850168,65005000,1,1.15,
Branin-Unfav,Pseudo-Labeling,42,0.1,2,5,7,2500,2,13959558,22445000,63580678,65005000,1,4.59,
Branin-Unfav,Pseudo-Labeling,42,0.3,7,16,23,2500,2,14251353,22445000,175112537,65005000,1,1.42,
Branin-Unfav,Pseudo-Labeling,42,0.5,12,26,38,2500,2,14576148,22445000,278135572,65005000,1,1.5,
Branin-Unfav,Pseudo-Labeling,42,0.7,17,36,53,2500,2,14933943,22445000,381191607,65005000,1,0.9,
Branin-Unfav,Pseudo-Labeling,42,1.0,24,52,76,2500,2,15490296,22445000,542609144,65005000,1,0.88,
Branin-Unfav,Pseudo-Labeling,43,0.1,2,5,7,2500,2,13959558,22445000,63580678,65005000,1,0.84,
Branin-Unfav,Pseudo-Labeling,43,0.3,7,16,23,2500,2,14251353,22445000,175112537,65005000,1,0.91,
Branin-Unfav,Pseudo-Labeling,43,0.5,12,26,38,2500,2,14576148,22445000,278135572,65005000,1,1.02,
Branin-Unfav,Pseudo-Labeling,43,0.7,17,36,53,2500,2,14933943,22445000,381191607,65005000,1,1.01,
Branin-Unfav,Pseudo-Labeling,43,1.0,24,52,76,2500,2,15490296,22445000,542609144,65005000,1,0.88,
Branin-Unfav,Adapter,42,0.1,2,5,7,2500,2,13959558,22445000,47401350,43885000,1,0.8,
Branin-Unfav,Adapter,42,0.3,7,16,23,2500,2,14251353,22445000,123643353,43885000,1,0.84,
Branin-Unfav,Adapter,42,0.5,12,26,38,2500,2,14576148,22445000,194815508,43885000,1,0.79,
Branin-Unfav,Adapter,42,0.7,17,36,53,2500,2,14933943,22445000,266020663,43885000,1,0.81,
Branin-Unfav,Adapter,42,1.0,24,52,76,2500,2,15490296,22445000,375969016,43885000,1,4.18,
Branin-Unfav,Adapter,43,0.1,2,5,7,2500,2,13959558,22445000,47401350,43885000,1,0.8,
Branin-Unfav,Adapter,43,0.3,7,16,23,2500,2,14251353,22445000,123643353,43885000,1,0.83,
Branin-Unfav,Adapter,43,0.5,12,26,38,2500,2,14576148,22445000,194815508,43885000,1,0.8,
Branin-Unfav,Adapter,43,0.7,17,36,53,2500,2,14933943,22445000,266020663,43885000,1,0.82,
Branin-Unfav,Adapter,43,1.0,24,52,76,2500,2,15490296,22445000,375969016,43885000,1,0.82,
Park-Fav,MFGP,42,0.1,2,26,28,256,4,0,0,4484480,4104576,1,0.55,
Park-Fav,MFGP,42,0.3,7,77,84,256,4,0,0,520803360,14835072,1,8.21,
Park-Fav,MFGP,42,0.5,12,128,140,256,4,0,0,950560800,28927360,1,3.41,
Park-Fav,MFGP,42,0.7,17,179,196,256,4,0,0,3526665632,46381440,1,5.73,
Park-Fav,MFGP,42,1.0,24,256,280,256,4,0,0,3149135872,68812800,1,2.34,
Park-Fav,MFGP,43,0.1,2,26,28,256,4,0,0,6013280,4104576,1,1.02,
Park-Fav,MFGP,43,0.3,7,77,84,256,4,0,0,394444512,14835072,1,4.59,
Park-Fav,MFGP,43,0.5,12,128,140,256,4,0,0,2574146400,28927360,1,11.65,
Park-Fav,MFGP,43,0.7,17,179,196,256,4,0,0,2846395104,46381440,1,3.39,
Park-Fav,MFGP,43,1.0,24,256,280,256,4,0,0,3149135872,68812800,1,1.74,
Park-Fav,NARGP,42,0.1,2,26,28,256,4,0,0,1841512,4032568,1,0.35,
Park-Fav,NARGP,42,0.3,7,77,84,256,4,0,0,197162966,14114478,1,1.5,
Park-Fav,NARGP,42,0.5,12,128,140,256,4,0,0,1629053952,26886112,1,3.91,
Park-Fav,NARGP,42,0.7,17,179,196,256,4,0,0,1829320594,42347470,1,1.64,
Park-Fav,NARGP,43,0.1,2,26,28,256,4,0,0,1963576,4032568,1,0.56,
Park-Fav,NARGP,43,0.3,7,77,84,256,4,0,0,185802022,14114478,1,1.53,
Park-Fav,NARGP,43,0.5,12,128,140,256,4,0,0,935440512,26886112,1,2.02,
Park-Fav,NARGP,43,0.7,17,179,196,256,4,0,0,2539884352,42347470,1,2.37,
Park-Fav,Sparse MFGP,42,0.1,2,26,28,256,4,0,0,328956000,2109928,1,9.9,
Park-Fav,Sparse MFGP,42,0.3,7,77,84,256,4,0,0,7699452000,9120680,1,13.93,
Park-Fav,Sparse MFGP,42,0.5,12,128,140,256,4,0,0,17595932000,12321832,1,13.13,
Park-Fav,Sparse MFGP,42,0.7,17,179,196,256,4,0,0,24373500000,12321832,1,10.94,
Park-Fav,Sparse MFGP,42,1.0,24,256,280,256,4,0,0,31774380000,12321832,1,13.21,
Park-Fav,Sparse MFGP,43,0.1,2,26,28,256,4,0,0,328956000,2109928,1,14.29,
Park-Fav,Sparse MFGP,43,0.3,7,77,84,256,4,0,0,7699452000,9120680,1,10.38,
Park-Fav,Sparse MFGP,43,0.5,12,128,140,256,4,0,0,17595932000,12321832,1,11.24,
Park-Fav,Sparse MFGP,43,0.7,17,179,196,256,4,0,0,24373500000,12321832,1,11.76,
Park-Fav,Sparse MFGP,43,1.0,24,256,280,256,4,0,0,31774380000,12321832,1,12.37,
Park-Fav,DKL Multi-Fidelity,42,0.1,2,26,28,256,4,0,0,511292000,10299088,1,10.8,
Park-Fav,DKL Multi-Fidelity,42,0.3,7,77,84,256,4,0,0,2328828000,20521552,1,9.83,
Park-Fav,DKL Multi-Fidelity,42,0.5,12,128,140,256,4,0,0,6084412000,31245776,1,17.52,
Park-Fav,DKL Multi-Fidelity,42,0.7,17,179,196,256,4,0,0,12831740000,42471760,1,13.42,
Park-Fav,DKL Multi-Fidelity,42,1.0,24,256,280,256,4,0,0,24578060000,55056400,1,13.16,
Park-Fav,DKL Multi-Fidelity,43,0.1,2,26,28,256,4,0,0,511292000,10299088,1,7.79,
Park-Fav,DKL Multi-Fidelity,43,0.3,7,77,84,256,4,0,0,2328828000,20521552,1,10.34,
Park-Fav,DKL Multi-Fidelity,43,0.5,12,128,140,256,4,0,0,6084412000,31245776,1,16.58,
Park-Fav,DKL Multi-Fidelity,43,0.7,17,179,196,256,4,0,0,12831740000,42471760,1,13.34,
Park-Fav,DKL Multi-Fidelity,43,1.0,24,256,280,256,4,0,0,24578060000,55056400,1,10.89,
Park-Fav,Sequential,42,0.1,2,26,28,256,4,13959558,2298368,156352134,6787584,1,1.22,
Park-Fav,Sequential,42,0.3,7,77,84,256,4,14251353,2298368,439748313,6787584,1,1.19,
Park-Fav,Sequential,42,0.5,12,128,140,256,4,14576148,2298368,723177492,6787584,1,1.21,
Park-Fav,Sequential,42,0.7,17,179,196,256,4,14933943,2298368,1006639671,6787584,1,1.1,
Park-Fav,Sequential,43,0.1,2,26,28,256,4,13959558,2298368,156352134,6787584,1,1.12,
Park-Fav,Sequential,43,0.3,7,77,84,256,4,14251353,2298368,439748313,6787584,1,1.17,
Park-Fav,Sequential,43,0.5,12,128,140,256,4,14576148,2298368,723177492,6787584,1,1.16,
Park-Fav,Sequential,43,0.7,17,179,196,256,4,14933943,2298368,1006639671,6787584,1,1.18,
Park-Fav,Curriculum,42,0.1,2,26,28,256,4,13959558,2298368,163384198,6787584,1,1.51,
Park-Fav,Curriculum,42,0.3,7,77,84,256,4,14251353,2298368,439424345,6787584,1,5.34,
Park-Fav,Curriculum,42,0.5,12,128,140,256,4,14576148,2298368,721775380,6787584,1,1.33,
Park-Fav,Curriculum,42,0.7,17,179,196,256,4,14933943,2298368,1004790711,6787584,1,1.76,
Park-Fav,Curriculum,43,0.1,2,26,28,256,4,13959558,2298368,163384198,6787584,1,1.49,
Park-Fav,Curriculum,43,0.3,7,77,84,256,4,14251353,2298368,439424345,6787584,1,1.52,
Park-Fav,Curriculum,43,0.5,12,128,140,256,4,14576148,2298368,721775380,6787584,1,1.47,
Park-Fav,Curriculum,43,0.7,17,179,196,256,4,14933943,2298368,1004790711,6787584,1,1.01,
Park-Fav,DNGO-Gradient,42,0.1,2,26,28,256,4,13959558,2298368,248614534,6787584,1,1.52,
Park-Fav,DNGO-Gradient,42,0.3,7,77,84,256,4,14251353,2298368,726289113,6787584,1,1.67,
Park-Fav,DNGO-Gradient,42,0.5,12,128,140,256,4,14576148,2298368,1203996692,6787584,1,5.22,
Park-Fav,DNGO-Gradient,42,0.7,17,179,196,256,4,14933943,2298368,1681737271,6787584,1,1.74,
Park-Fav,DNGO-Gradient,43,0.1,2,26,28,256,4,13959558,2298368,248614534,6787584,1,2.35,
Park-Fav,DNGO-Gradient,43,0.3,7,77,84,256,4,14251353,2298368,726289113,6787584,1,6.26,
Park-Fav,DNGO-Gradient,43,0.5,12,128,140,256,4,14576148,2298368,1203996692,6787584,1,2.62,
Park-Fav,DNGO-Gradient,43,0.7,17,179,196,256,4,14933943,2298368,1681737271,6787584,1,1.75,
Park-Fav,Progressive,42,0.1,2,26,28,256,4,13959558,2298368,86195334,6787584,1,0.43,
Park-Fav,Progressive,42,0.3,7,77,84,256,4,14251353,2298368,230577113,6787584,1,0.46,
Park-Fav,Progressive,42,0.5,12,128,140,256,4,14576148,2298368,374991892,6787584,1,0.55,
Park-Fav,Progressive,42,0.7,17,179,196,256,4,14933943,2298368,519439671,6787584,1,0.7,
Park-Fav,Progressive,43,0.1,2,26,28,256,4,13959558,2298368,86195334,6787584,1,0.63,
Park-Fav,Progressive,43,0.3,7,77,84,256,4,14251353,2298368,230577113,6787584,1,0.67,
Park-Fav,Progressive,43,0.5,12,128,140,256,4,14576148,2298368,374991892,6787584,1,0.73,
Park-Fav,Progressive,43,0.7,17,179,196,256,4,14933943,2298368,519439671,6787584,1,0.44,
Park-Fav,Two-Stage Joint,42,0.1,2,26,28,256,4,13959558,2298368,160136838,6787584,1,0.71,
Park-Fav,Two-Stage Joint,42,0.3,7,77,84,256,4,14251353,2298368,452872921,6787584,1,0.8,
Park-Fav,Two-Stage Joint,42,0.5,12,128,140,256,4,14576148,2298368,745642004,6787584,1,4.57,
Park-Fav,Two-Stage Joint,42,0.7,17,179,196,256,4,14933943,2298368,1038444087,6787584,1,0.98,
Park-Fav,Two-Stage Joint,43,0.1,2,26,28,256,4,13959558,2298368,160136838,6787584,1,0.96,
Park-Fav,Two-Stage Joint,43,0.3,7,77,84,256,4,14251353,2298368,452872921,6787584,1,1.01,
Park-Fav,Two-Stage Joint,43,0.5,12,128,140,256,4,14576148,2298368,745642004,6787584,1,0.99,
Park-Fav,Two-Stage Joint,43,0.7,17,179,196,256,4,14933943,2298368,1038444087,6787584,1,1.15,
Park-Fav,DNGO-Joint,42,0.1,2,26,28,256,4,13959558,2298368,237939334,6787584,1,1.63,
Park-Fav,DNGO-Joint,42,0.3,7,77,84,256,4,14251353,2298368,688925913,6787584,1,1.81,
Park-Fav,DNGO-Joint,42,0.5,12,128,140,256,4,14576148,2298368,1139945492,6787584,1,1.73,
Park-Fav,DNGO-Joint,42,0.7,17,179,196,256,4,14933943,2298368,1590998071,6787584,1,5.67,
Park-Fav,DNGO-Joint,43,0.1,2,26,28,256,4,13959558,2298368,237939334,6787584,1,2.17,
Park-Fav,DNGO-Joint,43,0.3,7,77,84,256,4,14251353,2298368,688925913,6787584,1,2.2,
Park-Fav,DNGO-Joint,43,0.5,12,128,140,256,4,14576148,2298368,1139945492,6787584,1,2.19,
Park-Fav,DNGO-Joint,43,0.7,17,179,196,256,4,14933943,2298368,1590998071,6787584,1,2.33,
Park-Fav,Knowledge Distillation,42,0.1,2,26,28,256,4,13959558,2298368,156352134,6787584,1,1.12,
Park-Fav,Knowledge Distillation,42,0.3,7,77,84,256,4,14251353,2298368,439748313,6787584,1,1.18,
Park-Fav,Knowledge Distillation,42,0.5,12,128,140,256,4,14576148,2298368,723177492,6787584,1,1.19,
Park-Fav,Knowledge Distillation,42,0.7,17,179,196,256,4,14933943,2298368,1006639671,6787584,1,1.29,
Park-Fav,Knowledge Distillation,43,0.1,2,26,28,256,4,13959558,2298368,156352134,6787584,1,1.1,
Park-Fav,Knowledge Distillation,43,0.3,7,77,84,256,4,14251353,2298368,439748313,6787584,1,1.15,
Park-Fav,Knowledge Distillation,43,0.5,12,128,140,256,4,14576148,2298368,723177492,6787584,1,1.27,
Park-Fav,Knowledge Distillation,43,0.7,17,179,196,256,4,14933943,2298368,1006639671,6787584,1,1.29,
Park-Fav,Domain Adaptation (MMD),42,0.1,2,26,28,256,4,13959558,2298368,228309638,6787584,1,5.53,
Park-Fav,Domain Adaptation (MMD),42,0.3,7,77,84,256,4,14251353,2298368,655637721,6787584,1,1.95,
Park-Fav,Domain Adaptation (MMD),42,0.5,12,128,140,256,4,14576148,2298368,1082998804,6787584,1,1.79,
Park-Fav,Domain Adaptation (MMD),42,0.7,17,179,196,256,4,14933943,2298368,1510392887,6787584,1,1.83,
Park-Fav,Domain Adaptation (MMD),43,0.1,2,26,28,256,4,13959558,2298368,228309638,6787584,1,1.68,
Park-Fav,Domain Adaptation (MMD),43,0.3,7,77,84,256,4,14251353,2298368,655637721,6787584,1,1.8,
Park-Fav,Domain Adaptation (MMD),43,0.5,12,128,140,256,4,14576148,2298368,1082998804,6787584,1,1.82,
Park-Fav,Domain Adaptation (MMD),43,0.7,17,179,196,256,4,14933943,2298368,1510392887,6787584,1,1.84,
Park-Fav,Soft Parameter Sharing,42,0.1,2,26,28,256,4,13959558,2298368,170483334,6787584,1,1.98,
Park-Fav,Soft Parameter Sharing,42,0.3,7,77,84,256,4,14251353,2298368,489207513,6787584,1,1.91,
Park-Fav,Soft Parameter Sharing,42,0.5,12,128,140,256,4,14576148,2298368,807964692,6787584,1,1.89,
Park-Fav,Soft Parameter Sharing,42,0.7,17,179,196,256,4,14933943,2298368,1126754871,6787584,1,6.3,
Park-Fav,Soft Parameter Sharing,43,0.1,2,26,28,256,4,13959558,2298368,170483334,6787584,1,2.01,
Park-Fav,Soft Parameter Sharing,43,0.3,7,77,84,256,4,14251353,2298368,489207513,6787584,1,2.03,
Park-Fav,Soft Parameter Sharing,43,0.5,12,128,140,256,4,14576148,2298368,807964692,6787584,1,2.1,
Park-Fav,Soft Parameter Sharing,43,0.7,17,179,196,256,4,14933943,2298368,1126754871,6787584,1,2.06,
Park-Fav,Pseudo-Labeling,42,0.1,2,26,28,256,4,13959558,2298368,247786630,6787584,1,1.37,
Park-Fav,Pseudo-Labeling,42,0.3,7,77,84,256,4,14251353,2298368,710544601,6787584,1,1.41,
Park-Fav,Pseudo-Labeling,42,0.5,12,128,140,256,4,14576148,2298368,1173335572,6787584,1,1.51,
Park-Fav,Pseudo-Labeling,42,0.7,17,179,196,256,4,14933943,2298368,1636159543,6787584,1,1.45,
Park-Fav,Pseudo-Labeling,43,0.1,2,26,28,256,4,13959558,2298368,247786630,6787584,1,1.35,
Park-Fav,Pseudo-Labeling,43,0.3,7,77,84,256,4,14251353,2298368,710544601,6787584,1,1.35,
Park-Fav,Pseudo-Labeling,43,0.5,12,128,140,256,4,14576148,2298368,1173335572,6787584,1,0.94,
Park-Fav,Pseudo-Labeling,43,0.7,17,179,196,256,4,14933943,2298368,1636159543,6787584,1,1.29,
Park-Fav,Adapter,42,0.1,2,26,28,256,4,13959558,2298368,157281926,4559360,1,0.76,
Park-Fav,Adapter,42,0.3,7,77,84,256,4,14251353,2298368,443002585,4559360,1,0.81,
Park-Fav,Adapter,42,0.5,12,128,140,256,4,14576148,2298368,728756244,4559360,1,0.98,
Park-Fav,Adapter,42,0.7,17,179,196,256,4,14933943,2298368,1014542903,4559360,1,1.23,
Park-Fav,Adapter,43,0.1,2,26,28,256,4,13959558,2298368,157281926,4559360,1,1.23,
Park-Fav,Adapter,43,0.3,7,77,84,256,4,14251353,2298368,443002585,4559360,1,1.3,
Park-Fav,Adapter,43,0.5,12,128,140,256,4,14576148,2298368,728756244,4559360,1,1.34,
Park-Fav,Adapter,43,0.7,17,179,196,256,4,14933943,2298368,1014542903,4559360,1,1.32,
Park-Unfav,MFGP,42,0.1,2,5,7,256,4,0,0,99176,947352,1,0.23,
Park-Unfav,MFGP,42,0.3,7,16,23,256,4,0,0,2221800,3309976,1,0.37,
Park-Unfav,MFGP,42,0.5,12,26,38,256,4,0,0,16245000,5774176,1,0.91,
Park-Unfav,MFGP,42,0.7,17,36,53,256,4,0,0,83427300,8479576,1,2.86,
Park-Unfav,MFGP,42,1.0,24,52,76,256,4,0,0,435995584,13096320,1,8.67,
Park-Unfav,MFGP,43,0.1,2,5,7,256,4,0,0,99176,947352,1,0.25,
Park-Unfav,MFGP,43,0.3,7,16,23,256,4,0,0,1587000,3309976,1,0.28,
Park-Unfav,MFGP,43,0.5,12,26,38,256,4,0,0,18194400,5774176,1,1.1,
Park-Unfav,MFGP,43,0.7,17,36,53,256,4,0,0,70281180,8479576,1,1.93,
Park-Unfav,MFGP,43,1.0,24,52,76,256,4,0,0,227135424,13096320,1,2.74,
Park-Unfav,NARGP,42,0.1,2,5,7,256,4,0,0,28588,935992,1,0.31,
Park-Unfav,NARGP,42,0.3,7,16,23,256,4,0,0,574706,3183278,1,0.34,
Park-Unfav,NARGP,42,0.5,12,26,38,256,4,0,0,3650736,5422048,1,0.54,
Park-Unfav,NARGP,42,0.7,17,36,53,256,4,0,0,9311508,7789518,1,0.57,
Park-Unfav,NARGP,42,1.0,24,52,76,256,4,0,0,43785920,11687808,1,0.95,
Park-Unfav,NARGP,43,0.1,2,5,7,256,4,0,0,27388,935992,1,0.31,
Park-Unfav,NARGP,43,0.3,7,16,23,256,4,0,0,399216,3183278,1,0.26,
Park-Unfav,NARGP,43,0.5,12,26,38,256,4,0,0,3397584,5422048,1,0.52,
Park-Unfav,NARGP,43,0.7,17,36,53,256,4,0,0,11472450,7789518,1,0.72,
Park-Unfav,NARGP,43,1.0,24,52,76,256,4,0,0,42779968,11687808,1,0.99,
Park-Unfav,Sparse MFGP,42,0.1,2,5,7,256,4,0,0,8307000,1162576,1,16.21,
Park-Unfav,Sparse MFGP,42,0.3,7,16,23,256,4,0,0,190291000,1801168,1,11.17,
Park-Unfav,Sparse MFGP,42,0.5,12,26,38,256,4,0,0,778936000,2883448,1,10.95,
Park-Unfav,Sparse MFGP,42,0.7,17,36,53,256,4,0,0,2020531000,4433728,1,9.85,
Park-Unfav,Sparse MFGP,42,1.0,24,52,76,256,4,0,0,5748348000,7719784,1,9.95,
Park-Unfav,Sparse MFGP,43,0.1,2,5,7,256,4,0,0,8307000,1162576,1,12.31,
Park-Unfav,Sparse MFGP,43,0.3,7,16,23,256,4,0,0,190291000,1801168,1,12.7,
Park-Unfav,Sparse MFGP,43,0.5,12,26,38,256,4,0,0,778936000,2883448,1,9.57,
Park-Unfav,Sparse MFGP,43,0.7,17,36,53,256,4,0,0,2020531000,4433728,1,9.66,
Park-Unfav,Sparse MFGP,43,1.0,24,52,76,256,4,0,0,5748348000,7719784,1,10.08,
Park-Unfav,DKL Multi-Fidelity,42,0.1,2,5,7,256,4,0,0,114308000,6595024,1,10.4,
Park-Unfav,DKL Multi-Fidelity,42,0.3,7,16,23,256,4,0,0,407572000,9410768,1,12.8,
Park-Unfav,DKL Multi-Fidelity,42,0.5,12,26,38,256,4,0,0,740632000,12087728,1,13.0,
Park-Unfav,DKL Multi-Fidelity,42,0.7,17,36,53,256,4,0,0,1150642000,14800688,1,13.2,
Park-Unfav,DKL Multi-Fidelity,42,1.0,24,52,76,256,4,0,0,1975100000,19030480,1,16.97,
Park-Unfav,DKL Multi-Fidelity,43,0.1,2,5,7,256,4,0,0,114308000,6595024,1,11.76,
Park-Unfav,DKL Multi-Fidelity,43,0.3,7,16,23,256,4,0,0,407572000,9410768,1,12.82,
Park-Unfav,DKL Multi-Fidelity,43,0.5,12,26,38,256,4,0,0,740632000,12087728,1,12.78,
Park-Unfav,DKL Multi-Fidelity,43,0.7,17,36,53,256,4,0,0,1150642000,14800688,1,9.23,
Park-Unfav,DKL Multi-Fidelity,43,1.0,24,52,76,256,4,0,0,1975100000,19030480,1,9.42,
Park-Unfav,Sequential,42,0.1,2,5,7,256,4,13959558,2298368,47036550,6787584,1,0.72,
Park-Unfav,Sequential,42,0.3,7,16,23,256,4,14251353,2298368,122212569,6787584,1,0.77,
Park-Unfav,Sequential,42,0.5,12,26,38,256,4,14576148,2298368,192216084,6787584,1,0.77,
Park-Unfav,Sequential,42,0.7,17,36,53,256,4,14933943,2298368,262252599,6787584,1,0.77,
Park-Unfav,Sequential,42,1.0,24,52,76,256,4,15490296,2298368,370770168,6787584,1,0.7,
Park-Unfav,Sequential,43,0.1,2,5,7,256,4,13959558,2298368,47036550,6787584,1,5.91,
Park-Unfav,Sequential,43,0.3,7,16,23,256,4,14251353,2298368,122212569,6787584,1,1.24,
Park-Unfav,Sequential,43,0.5,12,26,38,256,4,14576148,2298368,192216084,6787584,1,0.72,
Park-Unfav,Sequential,43,0.7,17,36,53,256,4,14933943,2298368,262252599,6787584,1,0.75,
Park-Unfav,Sequential,43,1.0,24,52,76,256,4,15490296,2298368,370770168,6787584,1,0.79,
Park-Unfav,Curriculum,42,0.1,2,5,7,256,4,13959558,2298368,54068614,6787584,1,0.97,
Park-Unfav,Curriculum,42,0.3,7,16,23,256,4,14251353,2298368,121888601,6787584,1,0.99,
Park-Unfav,Curriculum,42,0.5,12,26,38,256,4,14576148,2298368,190813972,6787584,1,1.0,
Park-Unfav,Curriculum,42,0.7,17,36,53,256,4,14933943,2298368,260403639,6787584,1,1.03,
Park-Unfav,Curriculum,42,1.0,24,52,76,256,4,15490296,2298368,368877816,6787584,1,1.08,
Park-Unfav,Curriculum,43,0.1,2,5,7,256,4,13959558,2298368,54068614,6787584,1,1.02,
Park-Unfav,Curriculum,43,0.3,7,16,23,256,4,14251353,2298368,121888601,6787584,1,1.05,
Park-Unfav,Curriculum,43,0.5,12,26,38,256,4,14576148,2298368,190813972,6787584,1,0.96,
Park-Unfav,Curriculum,43,0.7,17,36,53,256,4,14933943,2298368,260403639,6787584,1,1.01,
Park-Unfav,Curriculum,43,1.0,24,52,76,256,4,15490296,2298368,368877816,6787584,1,1.34,
Park-Unfav,DNGO-Gradient,42,0.1,2,5,7,256,4,13959558,2298368,84732550,6787584,1,2.25,
Park-Unfav,DNGO-Gradient,42,0.3,7,16,23,256,4,14251353,2298368,250250969,6787584,1,2.51,
Park-Unfav,DNGO-Gradient,42,0.5,12,26,38,256,4,14576148,2298368,407998484,6787584,1,8.35,
Park-Unfav,DNGO-Gradient,42,0.7,17,36,53,256,4,14933943,2298368,565778999,6787584,1,2.94,
Park-Unfav,DNGO-Gradient,42,1.0,24,52,76,256,4,15490296,2298368,802334968,6787584,1,1.93,
Park-Unfav,DNGO-Gradient,43,0.1,2,5,7,256,4,13959558,2298368,84732550,6787584,1,2.45,
Park-Unfav,DNGO-Gradient,43,0.3,7,16,23,256,4,14251353,2298368,250250969,6787584,1,2.33,
Park-Unfav,DNGO-Gradient,43,0.5,12,26,38,256,4,14576148,2298368,407998484,6787584,1,2.37,
Park-Unfav,DNGO-Gradient,43,0.7,17,36,53,256,4,14933943,2298368,565778999,6787584,1,7.64,
Park-Unfav,DNGO-Gradient,43,1.0,24,52,76,256,4,15490296,2298368,802334968,6787584,1,2.45,
Park-Unfav,Progressive,42,0.1,2,5,7,256,4,13959558,2298368,31446150,6787584,1,0.55,
Park-Unfav,Progressive,42,0.3,7,16,23,256,4,14251353,2298368,71543769,6787584,1,0.56,
Park-Unfav,Progressive,42,0.5,12,26,38,256,4,14576148,2298368,109067284,6787584,1,0.73,
Park-Unfav,Progressive,42,0.7,17,36,53,256,4,14933943,2298368,146623799,6787584,1,0.7,
Park-Unfav,Progressive,42,1.0,24,52,76,256,4,15490296,2298368,204472568,6787584,1,0.66,
Park-Unfav,Progressive,43,0.1,2,5,7,256,4,13959558,2298368,31446150,6787584,1,0.65,
Park-Unfav,Progressive,43,0.3,7,16,23,256,4,14251353,2298368,71543769,6787584,1,0.76,
Park-Unfav,Progressive,43,0.5,12,26,38,256,4,14576148,2298368,109067284,6787584,1,0.54,
Park-Unfav,Progressive,43,0.7,17,36,53,256,4,14933943,2298368,146623799,6787584,1,0.51,
Park-Unfav,Progressive,43,1.0,24,52,76,256,4,15490296,2298368,204472568,6787584,1,0.53,
Park-Unfav,Two-Stage Joint,42,0.1,2,5,7,256,4,13959558,2298368,50638470,6787584,1,1.01,
Park-Unfav,Two-Stage Joint,42,0.3,7,16,23,256,4,14251353,2298368,134806233,6787584,1,1.02,
Park-Unfav,Two-Stage Joint,42,0.5,12,26,38,256,4,14576148,2298368,213792788,6787584,1,1.17,
Park-Unfav,Two-Stage Joint,42,0.7,17,36,53,256,4,14933943,2298368,292812343,6787584,1,1.13,
Park-Unfav,Two-Stage Joint,42,1.0,24,52,76,256,4,15490296,2298368,413923576,6787584,1,1.13,
Park-Unfav,Two-Stage Joint,43,0.1,2,5,7,256,4,13959558,2298368,50638470,6787584,1,1.1,
Park-Unfav,Two-Stage Joint,43,0.3,7,16,23,256,4,14251353,2298368,134806233,6787584,1,1.22,
Park-Unfav,Two-Stage Joint,43,0.5,12,26,38,256,4,14576148,2298368,213792788,6787584,1,1.26,
Park-Unfav,Two-Stage Joint,43,0.7,17,36,53,256,4,14933943,2298368,292812343,6787584,1,1.29,
Park-Unfav,Two-Stage Joint,43,1.0,24,52,76,256,4,15490296,2298368,413923576,6787584,1,1.31,
Park-Unfav,DNGO-Joint,42,0.1,2,5,7,256,4,13959558,2298368,74057350,6787584,1,8.04,
Park-Unfav,DNGO-Joint,42,0.3,7,16,23,256,4,14251353,2298368,212887769,6787584,1,2.4,
Park-Unfav,DNGO-Joint,42,0.5,12,26,38,256,4,14576148,2298368,343947284,6787584,1,2.46,
Park-Unfav,DNGO-Joint,42,0.7,17,36,53,256,4,14933943,2298368,475039799,6787584,1,2.54,
Park-Unfav,DNGO-Joint,42,1.0,24,52,76,256,4,15490296,2298368,674232568,6787584,1,2.61,
Park-Unfav,DNGO-Joint,43,0.1,2,5,7,256,4,13959558,2298368,74057350,6787584,1,2.44,
Park-Unfav,DNGO-Joint,43,0.3,7,16,23,256,4,14251353,2298368,212887769,6787584,1,2.44,
Park-Unfav,DNGO-Joint,43,0.5,12,26,38,256,4,14576148,2298368,343947284,6787584,1,2.5,
Park-Unfav,DNGO-Joint,43,0.7,17,36,53,256,4,14933943,2298368,475039799,6787584,1,2.42,
Park-Unfav,DNGO-Joint,43,1.0,24,52,76,256,4,15490296,2298368,674232568,6787584,1,2.15,
Park-Unfav,Knowledge Distillation,42,0.1,2,5,7,256,4,13959558,2298368,47036550,6787584,1,0.73,
Park-Unfav,Knowledge Distillation,42,0.3,7,16,23,256,4,14251353,2298368,122212569,6787584,1,0.85,
Park-Unfav,Knowledge Distillation,42,0.5,12,26,38,256,4,14576148,2298368,192216084,6787584,1,0.81,
Park-Unfav,Knowledge Distillation,42,0.7,17,36,53,256,4,14933943,2298368,262252599,6787584,1,0.79,
Park-Unfav,Knowledge Distillation,42,1.0,24,52,76,256,4,15490296,2298368,370770168,6787584,1,0.83,
Park-Unfav,Knowledge Distillation,43,0.1,2,5,7,256,4,13959558,2298368,47036550,6787584,1,0.79,
Park-Unfav,Knowledge Distillation,43,0.3,7,16,23,256,4,14251353,2298368,122212569,6787584,1,0.75,
Park-Unfav,Knowledge Distillation,43,0.5,12,26,38,256,4,14576148,2298368,192216084,6787584,1,6.62,
Park-Unfav,Knowledge Distillation,43,0.7,17,36,53,256,4,14933943,2298368,262252599,6787584,1,0.8,
Park-Unfav,Knowledge Distillation,43,1.0,24,52,76,256,4,15490296,2298368,370770168,6787584,1,0.89,
Park-Unfav,Domain Adaptation (MMD),42,0.1,2,5,7,256,4,13959558,2298368,65051270,6787584,1,1.31,
Park-Unfav,Domain Adaptation (MMD),42,0.3,7,16,23,256,4,14251353,2298368,181411033,6787584,1,1.21,
Park-Unfav,Domain Adaptation (MMD),42,0.5,12,26,38,256,4,14576148,2298368,290029588,6787584,1,1.26,
Park-Unfav,Domain Adaptation (MMD),42,0.7,17,36,53,256,4,14933943,2298368,398681143,6787584,1,1.36,
Park-Unfav,Domain Adaptation (MMD),42,1.0,24,52,76,256,4,15490296,2298368,566397176,6787584,1,1.28,
Park-Unfav,Domain Adaptation (MMD),43,0.1,2,5,7,256,4,13959558,2298368,65051270,6787584,1,1.16,
Park-Unfav,Domain Adaptation (MMD),43,0.3,7,16,23,256,4,14251353,2298368,181411033,6787584,1,1.26,
Park-Unfav,Domain Adaptation (MMD),43,0.5,12,26,38,256,4,14576148,2298368,290029588,6787584,1,1.21,
Park-Unfav,Domain Adaptation (MMD),43,0.7,17,36,53,256,4,14933943,2298368,398681143,6787584,1,1.22,
Park-Unfav,Domain Adaptation (MMD),43,1.0,24,52,76,256,4,15490296,2298368,566397176,6787584,1,1.36,
Park-Unfav,Soft Parameter Sharing,42,0.1,2,5,7,256,4,13959558,2298368,61167750,6787584,1,1.24,
Park-Unfav,Soft Parameter Sharing,42,0.3,7,16,23,256,4,14251353,2298368,171671769,6787584,1,1.26,
Park-Unfav,Soft Parameter Sharing,42,0.5,12,26,38,256,4,14576148,2298368,277003284,6787584,1,1.3,
Park-Unfav,Soft Parameter Sharing,42,0.7,17,36,53,256,4,14933943,2298368,382367799,6787584,1,1.21,
Park-Unfav,Soft Parameter Sharing,42,1.0,24,52,76,256,4,15490296,2298368,540344568,6787584,1,7.04,
Park-Unfav,Soft Parameter Sharing,43,0.1,2,5,7,256,4,13959558,2298368,61167750,6787584,1,1.26,
Park-Unfav,Soft Parameter Sharing,43,0.3,7,16,23,256,4,14251353,2298368,171671769,6787584,1,1.34,
Park-Unfav,Soft Parameter Sharing,43,0.5,12,26,38,256,4,14576148,2298368,277003284,6787584,1,1.29,
Park-Unfav,Soft Parameter Sharing,43,0.7,17,36,53,256,4,14933943,2298368,382367799,6787584,1,1.29,
Park-Unfav,Soft Parameter Sharing,43,1.0,24,52,76,256,4,15490296,2298368,540344568,6787584,1,2.03,
Park-Unfav,Pseudo-Labeling,42,0.1,2,5,7,256,4,13959558,2298368,64634374,6787584,1,1.22,
Park-Unfav,Pseudo-Labeling,42,0.3,7,16,23,256,4,14251353,2298368,178530905,6787584,1,1.3,
Park-Unfav,Pseudo-Labeling,42,0.5,12,26,38,256,4,14576148,2298368,283738900,6787584,1,1.28,
Park-Unfav,Pseudo-Labeling,42,0.7,17,36,53,256,4,14933943,2298368,388979895,6787584,1,1.23,
Park-Unfav,Pseudo-Labeling,42,1.0,24,52,76,256,4,15490296,2298368,553815800,6787584,1,1.5,
Park-Unfav,Pseudo-Labeling,43,0.1,2,5,7,256,4,13959558,2298368,64634374,6787584,1,1.5,
Park-Unfav,Pseudo-Labeling,43,0.3,7,16,23,256,4,14251353,2298368,178530905,6787584,1,1.48,
Park-Unfav,Pseudo-Labeling,43,0.5,12,26,38,256,4,14576148,2298368,283738900,6787584,1,1.49,
Park-Unfav,Pseudo-Labeling,43,0.7,17,36,53,256,4,14933943,2298368,388979895,6787584,1,1.52,
Park-Unfav,Pseudo-Labeling,43,1.0,24,52,76,256,4,15490296,2298368,553815800,6787584,1,1.51,
Park-Unfav,Adapter,42,0.1,2,5,7,256,4,13959558,2298368,47966342,4559360,1,1.34,
Park-Unfav,Adapter,42,0.3,7,16,23,256,4,14251353,2298368,125466841,4559360,1,7.67,
Park-Unfav,Adapter,42,0.5,12,26,38,256,4,14576148,2298368,197794836,4559360,1,1.47,
Park-Unfav,Adapter,42,0.7,17,36,53,256,4,14933943,2298368,270155831,4559360,1,0.85,
Park-Unfav,Adapter,42,1.0,24,52,76,256,4,15490296,2298368,381927672,4559360,1,0.83,
Park-Unfav,Adapter,43,0.1,2,5,7,256,4,13959558,2298368,47966342,4559360,1,0.83,
Park-Unfav,Adapter,43,0.3,7,16,23,256,4,14251353,2298368,125466841,4559360,1,0.91,
Park-Unfav,Adapter,43,0.5,12,26,38,256,4,14576148,2298368,197794836,4559360,1,0.85,
Park-Unfav,Adapter,43,0.7,17,36,53,256,4,14933943,2298368,270155831,4559360,1,0.85,
Park-Unfav,Adapter,43,1.0,24,52,76,256,4,15490296,2298368,381927672,4559360,1,0.86,
COFs,MFGP,42,0.1,2,23,25,608,14,0,0,6557500,19313600,1,0.55,
COFs,MFGP,42,0.3,4,69,73,608,14,0,0,61603240,60880832,1,0.46,
COFs,MFGP,42,0.5,8,115,123,608,14,0,0,951916680,110452032,1,2.7,
COFs,MFGP,42,0.7,10,161,171,608,14,0,0,2225590992,164061504,1,4.09,
COFs,MFGP,42,1.0,15,230,245,608,14,0,0,8868333600,258265280,1,7.36,
COFs,MFGP,43,0.1,2,23,25,608,14,0,0,5947500,19313600,1,0.48,
COFs,MFGP,43,0.3,4,69,73,608,14,0,0,137701360,60880832,1,1.1,
COFs,MFGP,43,0.5,8,115,123,608,14,0,0,925289640,110452032,1,2.56,
COFs,MFGP,43,0.7,10,161,171,608,14,0,0,4137718464,164061504,1,8.03,
COFs,MFGP,43,1.0,15,230,245,608,14,0,0,10469560500,258265280,1,9.28,
COFs,NARGP,42,0.1,2,23,25,608,14,0,0,1628952,19161864,1,0.42,
COFs,NARGP,42,0.3,4,69,73,608,14,0,0,21573780,59869088,1,0.36,
COFs,NARGP,42,0.5,8,115,123,608,14,0,0,222009720,107248512,1,0.78,
COFs,NARGP,42,0.7,10,161,171,608,14,0,0,458939752,158277960,1,0.77,
COFs,NARGP,42,1.0,15,230,245,608,14,0,0,1243968650,246040930,1,0.87,
COFs,NARGP,43,0.1,2,23,25,608,14,0,0,1703832,19161864,1,0.38,
COFs,NARGP,43,0.3,4,69,73,608,14,0,0,27188176,59869088,1,0.39,
COFs,NARGP,43,0.5,8,115,123,608,14,0,0,209019360,107248512,1,0.73,
COFs,NARGP,43,0.7,10,161,171,608,14,0,0,633042072,158277960,1,0.95,
COFs,NARGP,43,1.0,15,230,245,608,14,0,0,1834151750,246040930,1,1.25,
COFs,Sparse MFGP,42,0.1,2,23,25,608,14,0,0,314787000,15980276,1,12.45,
COFs,Sparse MFGP,42,0.3,4,69,73,608,14,0,0,5751171000,29749748,1,10.85,
COFs,Sparse MFGP,42,0.5,8,115,123,608,14,0,0,17055146000,42492776,1,11.15,
COFs,Sparse MFGP,42,0.7,10,161,171,608,14,0,0,23535530000,42492776,1,11.59,
COFs,Sparse MFGP,42,1.0,15,230,245,608,14,0,0,33977522000,42492776,1,11.84,
COFs,Sparse MFGP,43,0.1,2,23,25,608,14,0,0,314787000,15980276,1,10.28,
COFs,Sparse MFGP,43,0.3,4,69,73,608,14,0,0,5751171000,29749748,1,13.91,
COFs,Sparse MFGP,43,0.5,8,115,123,608,14,0,0,17055146000,42492776,1,14.38,
COFs,Sparse MFGP,43,0.7,10,161,171,608,14,0,0,23535530000,42492776,1,14.45,
COFs,Sparse MFGP,43,1.0,15,230,245,608,14,0,0,33977522000,42492776,1,14.79,
COFs,DKL Multi-Fidelity,42,0.1,2,23,25,608,14,0,0,480262000,42488496,1,17.8,
COFs,DKL Multi-Fidelity,42,0.3,4,69,73,608,14,0,0,1945462000,81901488,1,12.38,
COFs,DKL Multi-Fidelity,42,0.5,8,115,123,608,14,0,0,4833912000,123348688,1,13.3,
COFs,DKL Multi-Fidelity,42,0.7,10,161,171,608,14,0,0,9601320000,163514320,1,12.5,
COFs,DKL Multi-Fidelity,42,1.0,15,230,245,608,14,0,0,22331762000,226158576,1,10.46,
COFs,DKL Multi-Fidelity,43,0.1,2,23,25,608,14,0,0,480262000,42488496,1,9.02,
COFs,DKL Multi-Fidelity,43,0.3,4,69,73,608,14,0,0,1945462000,81901488,1,9.66,
COFs,DKL Multi-Fidelity,43,0.5,8,115,123,608,14,0,0,4833912000,123348688,1,10.16,
COFs,DKL Multi-Fidelity,43,0.7,10,161,171,608,14,0,0,9601320000,163514320,1,12.87,
COFs,DKL Multi-Fidelity,43,1.0,15,230,245,608,14,0,0,22331762000,226158576,1,19.84,
COFs,Sequential,42,0.1,2,23,25,608,14,13959558,5458624,153314182,17676992,1,0.78,
COFs,Sequential,42,0.3,4,69,73,608,14,14072316,5458624,424313596,17676992,1,0.89,
COFs,Sequential,42,0.5,8,115,123,608,14,14313672,5458624,703264200,17676992,1,1.33,
COFs,Sequential,42,0.7,10,161,171,608,14,14442270,5458624,974279454,17676992,1,1.43,
COFs,Sequential,42,1.0,15,230,245,608,14,14786865,5458624,1388776625,17676992,1,1.12,
COFs,Sequential,43,0.1,2,23,25,608,14,13959558,5458624,153314182,17676992,1,0.82,
COFs,Sequential,43,0.3,4,69,73,608,14,14072316,5458624,424313596,17676992,1,0.73,
COFs,Sequential,43,0.5,8,115,123,608,14,14313672,5458624,703264200,17676992,1,0.94,
COFs,Sequential,43,0.7,10,161,171,608,14,14442270,5458624,974279454,17676992,1,0.81,
COFs,Sequential,43,1.0,15,230,245,608,14,14786865,5458624,1388776625,17676992,1,0.83,
COFs,Curriculum,42,0.1,2,23,25,608,14,13959558,5458624,161116806,17676992,1,1.02,
COFs,Curriculum,42,0.3,4,69,73,608,14,14072316,5458624,426377468,17676992,1,1.07,
COFs,Curriculum,42,0.5,8,115,123,608,14,14313672,5458624,702605768,17676992,1,1.18,
COFs,Curriculum,42,0.7,10,161,171,608,14,14442270,5458624,973135390,17676992,1,1.06,
COFs,Curriculum,42,1.0,15,230,245,608,14,14786865,5458624,1386943793,17676992,1,1.23,
COFs,Curriculum,43,0.1,2,23,25,608,14,13959558,5458624,161116806,17676992,1,1.02,
COFs,Curriculum,43,0.3,4,69,73,608,14,14072316,5458624,426377468,17676992,1,0.94,
COFs,Curriculum,43,0.5,8,115,123,608,14,14313672,5458624,702605768,17676992,1,1.17,
COFs,Curriculum,43,0.7,10,161,171,608,14,14442270,5458624,973135390,17676992,1,0.99,
COFs,Curriculum,43,1.0,15,230,245,608,14,14786865,5458624,1386943793,17676992,1,1.1,
COFs,DNGO-Gradient,42,0.1,2,23,25,608,14,13959558,5458624,246741382,17676992,1,1.71,
COFs,DNGO-Gradient,42,0.3,4,69,73,608,14,14072316,5458624,676819196,17676992,1,9.08,
COFs,DNGO-Gradient,42,0.5,8,115,123,608,14,14313672,5458624,1142624200,17676992,1,2.67,
COFs,DNGO-Gradient,42,0.7,10,161,171,608,14,14442270,5458624,1572717854,17676992,1,2.66,
COFs,DNGO-Gradient,42,1.0,15,230,245,608,14,14786865,5458624,2253608625,17676992,1,2.81,
COFs,DNGO-Gradient,43,0.1,2,23,25,608,14,13959558,5458624,246741382,17676992,1,2.56,
COFs,DNGO-Gradient,43,0.3,4,69,73,608,14,14072316,5458624,676819196,17676992,1,2.65,
COFs,DNGO-Gradient,43,0.5,8,115,123,608,14,14313672,5458624,1142624200,17676992,1,2.64,
COFs,DNGO-Gradient,43,0.7,10,161,171,608,14,14442270,5458624,1572717854,17676992,1,2.37,
COFs,DNGO-Gradient,43,1.0,15,230,245,608,14,14786865,5458624,2253608625,17676992,1,8.75,
COFs,Progressive,42,0.1,2,23,25,608,14,13959558,5458624,84808582,17676992,1,0.65,
COFs,Progressive,42,0.3,4,69,73,608,14,14072316,5458624,221651196,17676992,1,0.7,
COFs,Progressive,42,0.5,8,115,123,608,14,14313672,5458624,363590600,17676992,1,0.78,
COFs,Progressive,42,0.7,10,161,171,608,14,14442270,5458624,500449054,17676992,1,0.49,
COFs,Progressive,42,1.0,15,230,245,608,14,14786865,5458624,710856625,17676992,1,0.5,
COFs,Progressive,43,0.1,2,23,25,608,14,13959558,5458624,84808582,17676992,1,0.61,
COFs,Progressive,43,0.3,4,69,73,608,14,14072316,5458624,221651196,17676992,1,0.6,
COFs,Progressive,43,0.5,8,115,123,608,14,14313672,5458624,363590600,17676992,1,0.61,
COFs,Progressive,43,0.7,10,161,171,608,14,14442270,5458624,500449054,17676992,1,0.65,
COFs,Progressive,43,1.0,15,230,245,608,14,14786865,5458624,710856625,17676992,1,0.71,
COFs,Two-Stage Joint,42,0.1,2,23,25,608,14,13959558,5458624,157614214,17676992,1,1.36,
COFs,Two-Stage Joint,42,0.3,4,69,73,608,14,14072316,5458624,433143292,17676992,1,1.37,
COFs,Two-Stage Joint,42,0.5,8,115,123,608,14,14313672,5458624,720693960,17676992,1,1.4,
COFs,Two-Stage Joint,42,0.7,10,161,171,608,14,14442270,5458624,996238878,17676992,1,1.43,
COFs,Two-Stage Joint,42,1.0,15,230,245,608,14,14786865,5458624,1421600945,17676992,1,1.54,
COFs,Two-Stage Joint,43,0.1,2,23,25,608,14,13959558,5458624,157614214,17676992,1,1.4,
COFs,Two-Stage Joint,43,0.3,4,69,73,608,14,14072316,5458624,433143292,17676992,1,1.35,
COFs,Two-Stage Joint,43,0.5,8,115,123,608,14,14313672,5458624,720693960,17676992,1,1.5,
COFs,Two-Stage Joint,43,0.7,10,161,171,608,14,14442270,5458624,996238878,17676992,1,1.38,
COFs,Two-Stage Joint,43,1.0,15,230,245,608,14,14786865,5458624,1421600945,17676992,1,1.43,
COFs,DNGO-Joint,42,0.1,2,23,25,608,14,13959558,5458624,234530182,17676992,1,2.44,
COFs,DNGO-Joint,42,0.3,4,69,73,608,14,14072316,5458624,652396796,17676992,1,2.5,
COFs,DNGO-Joint,42,0.5,8,115,123,608,14,14313672,5458624,1093779400,17676992,1,2.5,
COFs,DNGO-Joint,42,0.7,10,161,171,608,14,14442270,5458624,1511661854,17676992,1,2.42,
COFs,DNGO-Joint,42,1.0,15,230,245,608,14,14786865,5458624,2162024625,17676992,1,9.42,
COFs,DNGO-Joint,43,0.1,2,23,25,608,14,13959558,5458624,234530182,17676992,1,2.24,
COFs,DNGO-Joint,43,0.3,4,69,73,608,14,14072316,5458624,652396796,17676992,1,2.33,
COFs,DNGO-Joint,43,0.5,8,115,123,608,14,14313672,5458624,1093779400,17676992,1,2.37,
COFs,DNGO-Joint,43,0.7,10,161,171,608,14,14442270,5458624,1511661854,17676992,1,2.23,
COFs,DNGO-Joint,43,1.0,15,230,245,608,14,14786865,5458624,2162024625,17676992,1,2.29,
COFs,Knowledge Distillation,42,0.1,2,23,25,608,14,13959558,5458624,153314182,17676992,1,1.08,
COFs,Knowledge Distillation,42,0.3,4,69,73,608,14,14072316,5458624,424313596,17676992,1,1.26,
COFs,Knowledge Distillation,42,0.5,8,115,123,608,14,14313672,5458624,703264200,17676992,1,1.24,
COFs,Knowledge Distillation,42,0.7,10,161,171,608,14,14442270,5458624,974279454,17676992,1,1.27,
COFs,Knowledge Distillation,42,1.0,15,230,245,608,14,14786865,5458624,1388776625,17676992,1,1.43,
COFs,Knowledge Distillation,43,0.1,2,23,25,608,14,13959558,5458624,153314182,17676992,1,1.28,
COFs,Knowledge Distillation,43,0.3,4,69,73,608,14,14072316,5458624,424313596,17676992,1,1.22,
COFs,Knowledge Distillation,43,0.5,8,115,123,608,14,14313672,5458624,703264200,17676992,1,1.22,
COFs,Knowledge Distillation,43,0.7,10,161,171,608,14,14442270,5458624,974279454,17676992,1,1.24,
COFs,Knowledge Distillation,43,1.0,15,230,245,608,14,14786865,5458624,1388776625,17676992,1,1.39,
COFs,Domain Adaptation (MMD),42,0.1,2,23,25,608,14,13959558,5458624,223995014,17676992,1,1.73,
COFs,Domain Adaptation (MMD),42,0.3,4,69,73,608,14,14072316,5458624,630672892,17676992,1,1.7,
COFs,Domain Adaptation (MMD),42,0.5,8,115,123,608,14,14313672,5458624,1050985160,17676992,1,1.74,
COFs,Domain Adaptation (MMD),42,0.7,10,161,171,608,14,14442270,5458624,1457678878,17676992,1,1.8,
COFs,Domain Adaptation (MMD),42,1.0,15,230,245,608,14,14786865,5458624,2081376945,17676992,1,1.82,
COFs,Domain Adaptation (MMD),43,0.1,2,23,25,608,14,13959558,5458624,223995014,17676992,1,1.65,
COFs,Domain Adaptation (MMD),43,0.3,4,69,73,608,14,14072316,5458624,630672892,17676992,1,1.66,
COFs,Domain Adaptation (MMD),43,0.5,8,115,123,608,14,14313672,5458624,1050985160,17676992,1,1.73,
COFs,Domain Adaptation (MMD),43,0.7,10,161,171,608,14,14442270,5458624,1457678878,17676992,1,1.7,
COFs,Domain Adaptation (MMD),43,1.0,15,230,245,608,14,14786865,5458624,2081376945,17676992,1,9.12,
COFs,Soft Parameter Sharing,42,0.1,2,23,25,608,14,13959558,5458624,169237382,17676992,1,1.82,
COFs,Soft Parameter Sharing,42,0.3,4,69,73,608,14,14072316,5458624,456159996,17676992,1,1.85,
COFs,Soft Parameter Sharing,42,0.5,8,115,123,608,14,14313672,5458624,766957000,17676992,1,1.91,
COFs,Soft Parameter Sharing,42,0.7,10,161,171,608,14,14442270,5458624,1053895454,17676992,1,1.86,
COFs,Soft Parameter Sharing,42,1.0,15,230,245,608,14,14786865,5458624,1508200625,17676992,1,1.91,
COFs,Soft Parameter Sharing,43,0.1,2,23,25,608,14,13959558,5458624,169237382,17676992,1,1.88,
COFs,Soft Parameter Sharing,43,0.3,4,69,73,608,14,14072316,5458624,456159996,17676992,1,1.89,
COFs,Soft Parameter Sharing,43,0.5,8,115,123,608,14,14313672,5458624,766957000,17676992,1,1.87,
COFs,Soft Parameter Sharing,43,0.7,10,161,171,608,14,14442270,5458624,1053895454,17676992,1,1.92,
COFs,Soft Parameter Sharing,43,1.0,15,230,245,608,14,14786865,5458624,1508200625,17676992,1,1.91,
COFs,Pseudo-Labeling,42,0.1,2,23,25,608,14,13959558,5458624,243064582,17676992,1,1.34,
COFs,Pseudo-Labeling,42,0.3,4,69,73,608,14,14072316,5458624,693544572,17676992,1,1.37,
COFs,Pseudo-Labeling,42,0.5,8,115,123,608,14,14313672,5458624,1151995976,17676992,1,1.38,
COFs,Pseudo-Labeling,42,0.7,10,161,171,608,14,14442270,5458624,1602491806,17676992,1,1.46,
COFs,Pseudo-Labeling,42,1.0,15,230,245,608,14,14786865,5458624,2286230065,17676992,1,8.75,
COFs,Pseudo-Labeling,43,0.1,2,23,25,608,14,13959558,5458624,243064582,17676992,1,0.91,
COFs,Pseudo-Labeling,43,0.3,4,69,73,608,14,14072316,5458624,693544572,17676992,1,1.0,
COFs,Pseudo-Labeling,43,0.5,8,115,123,608,14,14313672,5458624,1151995976,17676992,1,1.18,
COFs,Pseudo-Labeling,43,0.7,10,161,171,608,14,14442270,5458624,1602491806,17676992,1,1.11,
COFs,Pseudo-Labeling,43,1.0,15,230,245,608,14,14786865,5458624,2286230065,17676992,1,1.17,
COFs,Adapter,42,0.1,2,23,25,608,14,13959558,5458624,153729414,11606720,1,0.88,
COFs,Adapter,42,0.3,4,69,73,608,14,14072316,5458624,425144060,11606720,1,0.88,
COFs,Adapter,42,0.5,8,115,123,608,14,14313672,5458624,704925128,11606720,1,1.11,
COFs,Adapter,42,0.7,10,161,171,608,14,14442270,5458624,976355614,11606720,1,1.02,
COFs,Adapter,42,1.0,15,230,245,608,14,14786865,5458624,1391890865,11606720,1,1.09,
COFs,Adapter,43,0.1,2,23,25,608,14,13959558,5458624,153729414,11606720,1,1.12,
COFs,Adapter,43,0.3,4,69,73,608,14,14072316,5458624,425144060,11606720,1,1.02,
COFs,Adapter,43,0.5,8,115,123,608,14,14313672,5458624,704925128,11606720,1,1.03,
COFs,Adapter,43,0.7,10,161,171,608,14,14442270,5458624,976355614,11606720,1,1.36,
COFs,Adapter,43,1.0,15,230,245,608,14,14786865,5458624,1391890865,11606720,1,1.38,
FreeSolv,MFGP,42,0.1,2,26,28,640,10,0,0,7760032,24014592,1,0.94,
FreeSolv,MFGP,42,0.3,7,78,85,640,10,0,0,330442600,79335600,1,3.33,
FreeSolv,MFGP,42,0.5,12,130,142,640,10,0,0,1161849680,143285952,1,3.18,
FreeSolv,MFGP,42,0.7,17,181,198,640,10,0,0,5120904888,214517952,1,7.0,
FreeSolv,MFGP,42,1.0,24,259,283,640,10,0,0,17677244080,338554032,1,13.44,
FreeSolv,MFGP,43,0.1,2,26,28,640,10,0,0,9977184,24014592,1,1.02,
FreeSolv,MFGP,43,0.3,7,78,85,640,10,0,0,333332600,79335600,1,3.25,
FreeSolv,MFGP,43,0.5,12,130,142,640,10,0,0,2817919000,143285952,1,10.86,
FreeSolv,MFGP,43,0.7,17,181,198,640,10,0,0,4122222192,214517952,1,6.02,
FreeSolv,MFGP,43,1.0,24,259,283,640,10,0,0,19102828280,338554032,1,13.43,
FreeSolv,NARGP,42,0.1,2,26,28,640,10,0,0,1900840,23843944,1,0.44,
FreeSolv,NARGP,42,0.3,7,78,85,640,10,0,0,50716780,77592314,1,0.69,
FreeSolv,NARGP,42,0.5,12,130,142,640,10,0,0,317293808,138328224,1,0.93,
FreeSolv,NARGP,42,0.7,17,181,198,640,10,0,0,873948440,204766554,1,1.09,
FreeSolv,NARGP,42,1.0,24,259,283,640,10,0,0,4097093704,318811776,1,2.18,
FreeSolv,NARGP,43,0.1,2,26,28,640,10,0,0,2239528,23843944,1,0.41,
FreeSolv,NARGP,43,0.3,7,78,85,640,10,0,0,57694956,77592314,1,0.6,
FreeSolv,NARGP,43,0.5,12,130,142,640,10,0,0,334182680,138328224,1,0.96,
FreeSolv,NARGP,43,0.7,17,181,198,640,10,0,0,1202475748,204766554,1,1.45,
FreeSolv,NARGP,43,1.0,24,259,283,640,10,0,0,1952648296,318811776,1,1.12,
FreeSolv,Sparse MFGP,42,0.1,2,26,28,640,10,0,0,385404000,14542504,1,13.32,
FreeSolv,Sparse MFGP,42,0.3,7,78,85,640,10,0,0,8490747000,33328108,1,14.92,
FreeSolv,Sparse MFGP,42,0.5,12,130,142,640,10,0,0,18889980000,41066728,1,13.5,
FreeSolv,Sparse MFGP,42,0.7,17,181,198,640,10,0,0,26216348000,41066728,1,13.76,
FreeSolv,Sparse MFGP,42,1.0,24,259,283,640,10,0,0,37792158000,41066728,1,11.07,
FreeSolv,Sparse MFGP,43,0.1,2,26,28,640,10,0,0,385404000,14542504,1,8.73,
FreeSolv,Sparse MFGP,43,0.3,7,78,85,640,10,0,0,8490747000,33328108,1,16.33,
FreeSolv,Sparse MFGP,43,0.5,12,130,142,640,10,0,0,18889980000,41066728,1,10.41,
FreeSolv,Sparse MFGP,43,0.7,17,181,198,640,10,0,0,26216348000,41066728,1,10.79,
FreeSolv,Sparse MFGP,43,1.0,24,259,283,640,10,0,0,37792158000,41066728,1,11.49,
FreeSolv,DKL Multi-Fidelity,42,0.1,2,26,28,640,10,0,0,532796000,48877264,1,8.61,
FreeSolv,DKL Multi-Fidelity,42,0.3,7,78,85,640,10,0,0,2441042000,100392496,1,11.93,
FreeSolv,DKL Multi-Fidelity,42,0.5,12,130,142,640,10,0,0,6376664000,152427568,1,14.27,
FreeSolv,DKL Multi-Fidelity,42,0.7,17,181,198,640,10,0,0,13293336000,204055984,1,10.58,
FreeSolv,DKL Multi-Fidelity,42,1.0,24,259,283,640,10,0,0,31941656000,283379344,1,14.49,
FreeSolv,DKL Multi-Fidelity,43,0.1,2,26,28,640,10,0,0,532796000,48877264,1,8.36,
FreeSolv,DKL Multi-Fidelity,43,0.3,7,78,85,640,10,0,0,2441042000,100392496,1,11.36,
FreeSolv,DKL Multi-Fidelity,43,0.5,12,130,142,640,10,0,0,6376664000,152427568,1,14.02,
FreeSolv,DKL Multi-Fidelity,43,0.7,17,181,198,640,10,0,0,13293336000,204055984,1,13.92,
FreeSolv,DKL Multi-Fidelity,43,1.0,24,259,283,640,10,0,0,31941656000,283379344,1,24.0,
FreeSolv,Sequential,42,0.1,2,26,28,640,10,13959558,5745920,164823174,17952000,1,0.69,
FreeSolv,Sequential,42,0.3,7,78,85,640,10,14251353,5745920,470598873,17952000,1,1.16,
FreeSolv,Sequential,42,0.5,12,130,142,640,10,14576148,5745920,776407572,17952000,1,1.19,
FreeSolv,Sequential,42,0.7,17,181,198,640,10,14933943,5745920,1076735799,17952000,1,1.3,
FreeSolv,Sequential,42,1.0,24,259,283,640,10,15490296,5745920,1533639672,17952000,1,1.28,
FreeSolv,Sequential,43,0.1,2,26,28,640,10,13959558,5745920,164823174,17952000,1,1.07,
FreeSolv,Sequential,43,0.3,7,78,85,640,10,14251353,5745920,470598873,17952000,1,1.13,
FreeSolv,Sequential,43,0.5,12,130,142,640,10,14576148,5745920,776407572,17952000,1,1.2,
FreeSolv,Sequential,43,0.7,17,181,198,640,10,14933943,5745920,1076735799,17952000,1,1.26,
FreeSolv,Sequential,43,1.0,24,259,283,640,10,15490296,5745920,1533639672,17952000,1,1.23,
FreeSolv,Curriculum,42,0.1,2,26,28,640,10,13959558,5745920,172317574,17952000,1,1.59,
FreeSolv,Curriculum,42,0.3,7,78,85,640,10,14251353,5745920,470254937,17952000,1,1.61,
FreeSolv,Curriculum,42,0.5,12,130,142,640,10,14576148,5745920,774915604,17952000,1,1.67,
FreeSolv,Curriculum,42,0.7,17,181,198,640,10,14933943,5745920,1074768567,17952000,1,1.67,
FreeSolv,Curriculum,42,1.0,24,259,283,640,10,15490296,5745920,1531627512,17952000,1,1.73,
FreeSolv,Curriculum,43,0.1,2,26,28,640,10,13959558,5745920,172317574,17952000,1,1.61,
FreeSolv,Curriculum,43,0.3,7,78,85,640,10,14251353,5745920,470254937,17952000,1,1.64,
FreeSolv,Curriculum,43,0.5,12,130,142,640,10,14576148,5745920,774915604,17952000,1,1.61,
FreeSolv,Curriculum,43,0.7,17,181,198,640,10,14933943,5745920,1074768567,17952000,1,1.67,
FreeSolv,Curriculum,43,1.0,24,259,283,640,10,15490296,5745920,1531627512,17952000,1,1.67,
FreeSolv,DNGO-Gradient,42,0.1,2,26,28,640,10,13959558,5745920,262922374,17952000,1,2.74,
FreeSolv,DNGO-Gradient,42,0.3,7,78,85,640,10,14251353,5745920,778170073,17952000,1,2.87,
FreeSolv,DNGO-Gradient,42,0.5,12,130,142,640,10,14576148,5745920,1293450772,17952000,1,10.61,
FreeSolv,DNGO-Gradient,42,0.7,17,181,198,640,10,14933943,5745920,1800498999,17952000,1,2.84,
FreeSolv,DNGO-Gradient,42,1.0,24,259,283,640,10,15490296,5745920,2564974072,17952000,1,2.95,
FreeSolv,DNGO-Gradient,43,0.1,2,26,28,640,10,13959558,5745920,262922374,17952000,1,2.8,
FreeSolv,DNGO-Gradient,43,0.3,7,78,85,640,10,14251353,5745920,778170073,17952000,1,2.87,
FreeSolv,DNGO-Gradient,43,0.5,12,130,142,640,10,14576148,5745920,1293450772,17952000,1,2.9,
FreeSolv,DNGO-Gradient,43,0.7,17,181,198,640,10,14933943,5745920,1800498999,17952000,1,2.85,
FreeSolv,DNGO-Gradient,43,1.0,24,259,283,640,10,15490296,5745920,2564974072,17952000,1,1.81,
FreeSolv,Progressive,42,0.1,2,26,28,640,10,13959558,5745920,90519174,17952000,1,0.67,
FreeSolv,Progressive,42,0.3,7,78,85,640,10,14251353,5745920,246310873,17952000,1,0.74,
FreeSolv,Progressive,42,0.5,12,130,142,640,10,14576148,5745920,402135572,17952000,1,0.5,
FreeSolv,Progressive,42,0.7,17,181,198,640,10,14933943,5745920,555231799,17952000,1,0.43,
FreeSolv,Progressive,42,1.0,24,259,283,640,10,15490296,5745920,787847672,17952000,1,0.65,
FreeSolv,Progressive,43,0.1,2,26,28,640,10,13959558,5745920,90519174,17952000,1,0.39,
FreeSolv,Progressive,43,0.3,7,78,85,640,10,14251353,5745920,246310873,17952000,1,0.45,
FreeSolv,Progressive,43,0.5,12,130,142,640,10,14576148,5745920,402135572,17952000,1,0.71,
FreeSolv,Progressive,43,0.7,17,181,198,640,10,14933943,5745920,555231799,17952000,1,0.65,
FreeSolv,Progressive,43,1.0,24,259,283,640,10,15490296,5745920,787847672,17952000,1,0.66,
FreeSolv,Two-Stage Joint,42,0.1,2,26,28,640,10,13959558,5745920,168935046,17952000,1,1.25,
FreeSolv,Two-Stage Joint,42,0.3,7,78,85,640,10,14251353,5745920,484867289,17952000,1,1.3,
FreeSolv,Two-Stage Joint,42,0.5,12,130,142,640,10,14576148,5745920,800832532,17952000,1,8.68,
FreeSolv,Two-Stage Joint,42,0.7,17,181,198,640,10,14933943,5745920,1111307831,17952000,1,1.41,
FreeSolv,Two-Stage Joint,42,1.0,24,259,283,640,10,15490296,5745920,1582480120,17952000,1,1.41,
FreeSolv,Two-Stage Joint,43,0.1,2,26,28,640,10,13959558,5745920,168935046,17952000,1,0.79,
FreeSolv,Two-Stage Joint,43,0.3,7,78,85,640,10,14251353,5745920,484867289,17952000,1,0.93,
FreeSolv,Two-Stage Joint,43,0.5,12,130,142,640,10,14576148,5745920,800832532,17952000,1,1.32,
FreeSolv,Two-Stage Joint,43,0.7,17,181,198,640,10,14933943,5745920,1111307831,17952000,1,1.37,
FreeSolv,Two-Stage Joint,43,1.0,24,259,283,640,10,15490296,5745920,1582480120,17952000,1,1.37,
FreeSolv,DNGO-Joint,42,0.1,2,26,28,640,10,13959558,5745920,251325574,17952000,1,2.28,
FreeSolv,DNGO-Joint,42,0.3,7,78,85,640,10,14251353,5745920,737581273,17952000,1,2.33,
FreeSolv,DNGO-Joint,42,0.5,12,130,142,640,10,14576148,5745920,1223869972,17952000,1,2.46,
FreeSolv,DNGO-Joint,42,0.7,17,181,198,640,10,14933943,5745920,1701926199,17952000,1,2.51,
FreeSolv,DNGO-Joint,42,1.0,24,259,283,640,10,15490296,5745920,2425812472,17952000,1,2.46,
FreeSolv,DNGO-Joint,43,0.1,2,26,28,640,10,13959558,5745920,251325574,17952000,1,2.29,
FreeSolv,DNGO-Joint,43,0.3,7,78,85,640,10,14251353,5745920,737581273,17952000,1,2.3,
FreeSolv,DNGO-Joint,43,0.5,12,130,142,640,10,14576148,5745920,1223869972,17952000,1,2.17,
FreeSolv,DNGO-Joint,43,0.7,17,181,198,640,10,14933943,5745920,1701926199,17952000,1,2.23,
FreeSolv,DNGO-Joint,43,1.0,24,259,283,640,10,15490296,5745920,2425812472,17952000,1,2.37,
FreeSolv,Knowledge Distillation,42,0.1,2,26,28,640,10,13959558,5745920,164823174,17952000,1,1.1,
FreeSolv,Knowledge Distillation,42,0.3,7,78,85,640,10,14251353,5745920,470598873,17952000,1,1.18,
FreeSolv,Knowledge Distillation,42,0.5,12,130,142,640,10,14576148,5745920,776407572,17952000,1,1.22,
FreeSolv,Knowledge Distillation,42,0.7,17,181,198,640,10,14933943,5745920,1076735799,17952000,1,1.21,
FreeSolv,Knowledge Distillation,42,1.0,24,259,283,640,10,15490296,5745920,1533639672,17952000,1,1.21,
FreeSolv,Knowledge Distillation,43,0.1,2,26,28,640,10,13959558,5745920,164823174,17952000,1,1.07,
FreeSolv,Knowledge Distillation,43,0.3,7,78,85,640,10,14251353,5745920,470598873,17952000,1,8.86,
FreeSolv,Knowledge Distillation,43,0.5,12,130,142,640,10,14576148,5745920,776407572,17952000,1,1.2,
FreeSolv,Knowledge Distillation,43,0.7,17,181,198,640,10,14933943,5745920,1076735799,17952000,1,1.07,
FreeSolv,Knowledge Distillation,43,1.0,24,259,283,640,10,15490296,5745920,1533639672,17952000,1,0.76,
FreeSolv,Domain Adaptation (MMD),42,0.1,2,26,28,640,10,13959558,5745920,241101446,17952000,1,1.06,
FreeSolv,Domain Adaptation (MMD),42,0.3,7,78,85,640,10,14251353,5745920,702172889,17952000,1,1.09,
FreeSolv,Domain Adaptation (MMD),42,0.5,12,130,142,640,10,14576148,5745920,1163277332,17952000,1,1.34,
FreeSolv,Domain Adaptation (MMD),42,0.7,17,181,198,640,10,14933943,5745920,1616178231,17952000,1,1.19,
FreeSolv,Domain Adaptation (MMD),42,1.0,24,259,283,640,10,15490296,5745920,2304656120,17952000,1,1.23,
FreeSolv,Domain Adaptation (MMD),43,0.1,2,26,28,640,10,13959558,5745920,241101446,17952000,1,1.17,
FreeSolv,Domain Adaptation (MMD),43,0.3,7,78,85,640,10,14251353,5745920,702172889,17952000,1,1.08,
FreeSolv,Domain Adaptation (MMD),43,0.5,12,130,142,640,10,14576148,5745920,1163277332,17952000,1,1.35,
FreeSolv,Domain Adaptation (MMD),43,0.7,17,181,198,640,10,14933943,5745920,1616178231,17952000,1,1.24,
FreeSolv,Domain Adaptation (MMD),43,1.0,24,259,283,640,10,15490296,5745920,2304656120,17952000,1,1.16,
FreeSolv,Soft Parameter Sharing,42,0.1,2,26,28,640,10,13959558,5745920,180029574,17952000,1,1.2,
FreeSolv,Soft Parameter Sharing,42,0.3,7,78,85,640,10,14251353,5745920,523821273,17952000,1,1.22,
FreeSolv,Soft Parameter Sharing,42,0.5,12,130,142,640,10,14576148,5745920,867645972,17952000,1,1.24,
FreeSolv,Soft Parameter Sharing,42,0.7,17,181,198,640,10,14933943,5745920,1205990199,17952000,1,1.25,
FreeSolv,Soft Parameter Sharing,42,1.0,24,259,283,640,10,15490296,5745920,1716116472,17952000,1,1.3,
FreeSolv,Soft Parameter Sharing,43,0.1,2,26,28,640,10,13959558,5745920,180029574,17952000,1,1.2,
FreeSolv,Soft Parameter Sharing,43,0.3,7,78,85,640,10,14251353,5745920,523821273,17952000,1,1.12,
FreeSolv,Soft Parameter Sharing,43,0.5,12,130,142,640,10,14576148,5745920,867645972,17952000,1,1.18,
FreeSolv,Soft Parameter Sharing,43,0.7,17,181,198,640,10,14933943,5745920,1205990199,17952000,1,8.38,
FreeSolv,Soft Parameter Sharing,43,1.0,24,259,283,640,10,15490296,5745920,1716116472,17952000,1,1.31,
FreeSolv,Pseudo-Labeling,42,0.1,2,26,28,640,10,13959558,5745920,262269574,17952000,1,0.89,
FreeSolv,Pseudo-Labeling,42,0.3,7,78,85,640,10,14251353,5745920,762947673,17952000,1,0.95,
FreeSolv,Pseudo-Labeling,42,0.5,12,130,142,640,10,14576148,5745920,1263658772,17952000,1,1.15,
FreeSolv,Pseudo-Labeling,42,0.7,17,181,198,640,10,14933943,5745920,1755142199,17952000,1,1.12,
FreeSolv,Pseudo-Labeling,42,1.0,24,259,283,640,10,15490296,5745920,2504394872,17952000,1,1.2,
FreeSolv,Pseudo-Labeling,43,0.1,2,26,28,640,10,13959558,5745920,262269574,17952000,1,0.91,
FreeSolv,Pseudo-Labeling,43,0.3,7,78,85,640,10,14251353,5745920,762947673,17952000,1,0.92,
FreeSolv,Pseudo-Labeling,43,0.5,12,130,142,640,10,14576148,5745920,1263658772,17952000,1,1.1,
FreeSolv,Pseudo-Labeling,43,0.7,17,181,198,640,10,14933943,5745920,1755142199,17952000,1,1.11,
FreeSolv,Pseudo-Labeling,43,1.0,24,259,283,640,10,15490296,5745920,2504394872,17952000,1,1.07,
FreeSolv,Adapter,42,0.1,2,26,28,640,10,13959558,5745920,165444230,11889920,1,0.84,
FreeSolv,Adapter,42,0.3,7,78,85,640,10,14251353,5745920,472772569,11889920,1,0.84,
FreeSolv,Adapter,42,0.5,12,130,142,640,10,14576148,5745920,780133908,11889920,1,0.98,
FreeSolv,Adapter,42,0.7,17,181,198,640,10,14933943,5745920,1082014775,11889920,1,0.92,
FreeSolv,Adapter,42,1.0,24,259,283,640,10,15490296,5745920,1541092344,11889920,1,1.5,
FreeSolv,Adapter,43,0.1,2,26,28,640,10,13959558,5745920,165444230,11889920,1,1.35,
FreeSolv,Adapter,43,0.3,7,78,85,640,10,14251353,5745920,472772569,11889920,1,1.32,
FreeSolv,Adapter,43,0.5,12,130,142,640,10,14576148,5745920,780133908,11889920,1,1.39,
FreeSolv,Adapter,43,0.7,17,181,198,640,10,14933943,5745920,1082014775,11889920,1,1.34,
FreeSolv,Adapter,43,1.0,24,259,283,640,10,15490296,5745920,1541092344,11889920,1,1.44,
Polarizability,MFGP,42,0.1,2,8,10,1134,10,0,0,348600,25973400,1,0.44,
Polarizability,MFGP,42,0.3,5,25,30,1134,10,0,0,9455400,79309800,1,0.99,
Polarizability,MFGP,42,0.5,8,42,50,1134,10,0,0,44895000,134499000,1,1.48,
Polarizability,MFGP,42,0.7,11,58,69,1134,10,0,0,147381516,188644896,1,2.5,
Polarizability,MFGP,42,1.0,16,83,99,1134,10,0,0,354012120,277542936,1,2.39,
Polarizability,MFGP,43,0.1,2,8,10,1134,10,0,0,315400,25973400,1,0.39,
Polarizability,MFGP,43,0.3,5,25,30,1134,10,0,0,7045200,79309800,1,0.71,
Polarizability,MFGP,43,0.5,8,42,50,1134,10,0,0,55965000,134499000,1,1.81,
Polarizability,MFGP,43,0.7,11,58,69,1134,10,0,0,185240988,188644896,1,3.09,
Polarizability,MFGP,43,1.0,16,83,99,1134,10,0,0,556304760,277542936,1,2.85,
Polarizability,NARGP,42,0.1,2,8,10,1134,10,0,0,130240,25896128,1,0.3,
Polarizability,NARGP,42,0.3,5,25,30,1134,10,0,0,5261500,78700250,1,0.83,
Polarizability,NARGP,42,0.5,8,42,50,1134,10,0,0,22309896,132856568,1,0.85,
Polarizability,NARGP,42,0.7,11,58,69,1134,10,0,0,68538116,185525546,1,1.18,
Polarizability,NARGP,42,1.0,16,83,99,1134,10,0,0,286901912,271055336,1,2.09,
Polarizability,NARGP,43,0.1,2,8,10,1134,10,0,0,222736,25896128,1,0.38,
Polarizability,NARGP,43,0.3,5,25,30,1134,10,0,0,6640000,78700250,1,0.84,
Polarizability,NARGP,43,0.5,8,42,50,1134,10,0,0,21926168,132856568,1,1.52,
Polarizability,NARGP,43,0.7,11,58,69,1134,10,0,0,69643648,185525546,1,1.6,
Polarizability,NARGP,43,1.0,16,83,99,1134,10,0,0,327805832,271055336,1,3.36,
Polarizability,Sparse MFGP,42,0.1,2,8,10,1134,10,0,0,27672000,37130048,1,11.41,
Polarizability,Sparse MFGP,42,0.3,5,25,30,1134,10,0,0,463992000,42096848,1,10.77,
Polarizability,Sparse MFGP,42,0.5,8,42,50,1134,10,0,0,1888312000,50714848,1,10.35,
Polarizability,Sparse MFGP,42,0.7,11,58,69,1134,10,0,0,4681179000,62283872,1,13.84,
Polarizability,Sparse MFGP,42,1.0,16,83,99,1134,10,0,0,13164339000,87259832,1,14.22,
Polarizability,Sparse MFGP,43,0.1,2,8,10,1134,10,0,0,27672000,37130048,1,10.51,
Polarizability,Sparse MFGP,43,0.3,5,25,30,1134,10,0,0,463992000,42096848,1,11.56,
Polarizability,Sparse MFGP,43,0.5,8,42,50,1134,10,0,0,1888312000,50714848,1,21.55,
Polarizability,Sparse MFGP,43,0.7,11,58,69,1134,10,0,0,4681179000,62283872,1,13.76,
Polarizability,Sparse MFGP,43,1.0,16,83,99,1134,10,0,0,13164339000,87259832,1,15.04,
Polarizability,DKL Multi-Fidelity,42,0.1,2,8,10,1134,10,0,0,173192000,91398568,1,12.6,
Polarizability,DKL Multi-Fidelity,42,0.3,5,25,30,1134,10,0,0,577752000,145221688,1,11.32,
Polarizability,DKL Multi-Fidelity,42,0.5,8,42,50,1134,10,0,0,1099912000,199108808,1,11.4,
Polarizability,DKL Multi-Fidelity,42,0.7,11,58,69,1134,10,0,0,1748610000,250360852,1,11.25,
Polarizability,DKL Multi-Fidelity,42,1.0,16,83,99,1134,10,0,0,3177120000,331402732,1,13.15,
Polarizability,DKL Multi-Fidelity,43,0.1,2,8,10,1134,10,0,0,173192000,91398568,1,12.41,
Polarizability,DKL Multi-Fidelity,43,0.3,5,25,30,1134,10,0,0,577752000,145221688,1,10.06,
Polarizability,DKL Multi-Fidelity,43,0.5,8,42,50,1134,10,0,0,1099912000,199108808,1,10.45,
Polarizability,DKL Multi-Fidelity,43,0.7,11,58,69,1134,10,0,0,1748610000,250360852,1,11.69,
Polarizability,DKL Multi-Fidelity,43,1.0,16,83,99,1134,10,0,0,3177120000,331402732,1,9.15,
Polarizability,Sequential,42,0.1,2,8,10,1134,10,13959558,10181052,65580678,31808700,1,0.68,
Polarizability,Sequential,42,0.3,5,25,30,1134,10,14130675,10181052,170750835,31808700,1,1.12,
Polarizability,Sequential,42,0.5,8,42,50,1134,10,14313672,10181052,275932872,31808700,1,1.12,
Polarizability,Sequential,42,0.7,11,58,69,1134,10,14508549,10181052,375613317,31808700,1,1.12,
Polarizability,Sequential,42,1.0,16,83,99,1134,10,14859744,10181052,532584672,31808700,1,9.88,
Polarizability,Sequential,43,0.1,2,8,10,1134,10,13959558,10181052,65580678,31808700,1,1.1,
Polarizability,Sequential,43,0.3,5,25,30,1134,10,14130675,10181052,170750835,31808700,1,1.17,
Polarizability,Sequential,43,0.5,8,42,50,1134,10,14313672,10181052,275932872,31808700,1,1.22,
Polarizability,Sequential,43,0.7,11,58,69,1134,10,14508549,10181052,375613317,31808700,1,1.17,
Polarizability,Sequential,43,1.0,16,83,99,1134,10,14859744,10181052,532584672,31808700,1,1.16,
Polarizability,Curriculum,42,0.1,2,8,10,1134,10,13959558,10181052,73075078,31808700,1,1.42,
Polarizability,Curriculum,42,0.3,5,25,30,1134,10,14130675,10181052,171658483,31808700,1,1.64,
Polarizability,Curriculum,42,0.5,8,42,50,1134,10,14313672,10181052,275299528,31808700,1,1.68,
Polarizability,Curriculum,42,0.7,11,58,69,1134,10,14508549,10181052,374223877,31808700,1,1.68,
Polarizability,Curriculum,42,1.0,16,83,99,1134,10,14859744,10181052,530794720,31808700,1,1.62,
Polarizability,Curriculum,43,0.1,2,8,10,1134,10,13959558,10181052,73075078,31808700,1,1.51,
Polarizability,Curriculum,43,0.3,5,25,30,1134,10,14130675,10181052,171658483,31808700,1,1.48,
Polarizability,Curriculum,43,0.5,8,42,50,1134,10,14313672,10181052,275299528,31808700,1,1.59,
Polarizability,Curriculum,43,0.7,11,58,69,1134,10,14508549,10181052,374223877,31808700,1,1.63,
Polarizability,Curriculum,43,1.0,16,83,99,1134,10,14859744,10181052,530794720,31808700,1,1.64,
Polarizability,DNGO-Gradient,42,0.1,2,8,10,1134,10,13959558,10181052,114143878,31808700,1,2.79,
Polarizability,DNGO-Gradient,42,0.3,5,25,30,1134,10,14130675,10181052,305918835,31808700,1,2.79,
Polarizability,DNGO-Gradient,42,0.5,8,42,50,1134,10,14313672,10181052,497705672,31808700,1,2.82,
Polarizability,DNGO-Gradient,42,0.7,11,58,69,1134,10,14508549,10181052,681238917,31808700,1,2.84,
Polarizability,DNGO-Gradient,42,1.0,16,83,99,1134,10,14859744,10181052,973378272,31808700,1,2.83,
Polarizability,DNGO-Gradient,43,0.1,2,8,10,1134,10,13959558,10181052,114143878,31808700,1,2.74,
Polarizability,DNGO-Gradient,43,0.3,5,25,30,1134,10,14130675,10181052,305918835,31808700,1,10.75,
Polarizability,DNGO-Gradient,43,0.5,8,42,50,1134,10,14313672,10181052,497705672,31808700,1,1.75,
Polarizability,DNGO-Gradient,43,0.7,11,58,69,1134,10,14508549,10181052,681238917,31808700,1,1.82,
Polarizability,DNGO-Gradient,43,1.0,16,83,99,1134,10,14859744,10181052,973378272,31808700,1,1.85,
Polarizability,Progressive,42,0.1,2,8,10,1134,10,13959558,10181052,40812678,31808700,1,0.42,
Polarizability,Progressive,42,0.3,5,25,30,1134,10,14130675,10181052,95070835,31808700,1,0.56,
Polarizability,Progressive,42,0.5,8,42,50,1134,10,14313672,10181052,149340872,31808700,1,0.42,
Polarizability,Progressive,42,0.7,11,58,69,1134,10,14508549,10181052,200861317,31808700,1,0.47,
Polarizability,Progressive,42,1.0,16,83,99,1134,10,14859744,10181052,282152672,31808700,1,0.55,
Polarizability,Progressive,43,0.1,2,8,10,1134,10,13959558,10181052,40812678,31808700,1,0.42,
Polarizability,Progressive,43,0.3,5,25,30,1134,10,14130675,10181052,95070835,31808700,1,0.48,
Polarizability,Progressive,43,0.5,8,42,50,1134,10,14313672,10181052,149340872,31808700,1,0.45,
Polarizability,Progressive,43,0.7,11,58,69,1134,10,14508549,10181052,200861317,31808700,1,0.65,
Polarizability,Progressive,43,1.0,16,83,99,1134,10,14859744,10181052,282152672,31808700,1,0.75,
Polarizability,Two-Stage Joint,42,0.1,2,8,10,1134,10,13959558,10181052,69522054,31808700,1,0.78,
Polarizability,Two-Stage Joint,42,0.3,5,25,30,1134,10,14130675,10181052,180651635,31808700,1,0.78,
Polarizability,Two-Stage Joint,42,0.5,8,42,50,1134,10,14313672,10181052,291793096,31808700,1,0.8,
Polarizability,Two-Stage Joint,42,0.7,11,58,69,1134,10,14508549,10181052,397423493,31808700,1,1.3,
Polarizability,Two-Stage Joint,42,1.0,16,83,99,1134,10,14859744,10181052,564295648,31808700,1,1.3,
Polarizability,Two-Stage Joint,43,0.1,2,8,10,1134,10,13959558,10181052,69522054,31808700,1,1.24,
Polarizability,Two-Stage Joint,43,0.3,5,25,30,1134,10,14130675,10181052,180651635,31808700,1,1.28,
Polarizability,Two-Stage Joint,43,0.5,8,42,50,1134,10,14313672,10181052,291793096,31808700,1,1.28,
Polarizability,Two-Stage Joint,43,0.7,11,58,69,1134,10,14508549,10181052,397423493,31808700,1,1.28,
Polarizability,Two-Stage Joint,43,1.0,16,83,99,1134,10,14859744,10181052,564295648,31808700,1,1.21,
Polarizability,DNGO-Joint,42,0.1,2,8,10,1134,10,13959558,10181052,102547078,31808700,1,2.09,
Polarizability,DNGO-Joint,42,0.3,5,25,30,1134,10,14130675,10181052,276926835,31808700,1,2.19,
Polarizability,DNGO-Joint,42,0.5,8,42,50,1134,10,14313672,10181052,451318472,31808700,1,2.17,
Polarizability,DNGO-Joint,42,0.7,11,58,69,1134,10,14508549,10181052,617456517,31808700,1,10.81,
Polarizability,DNGO-Joint,42,1.0,16,83,99,1134,10,14859744,10181052,880603872,31808700,1,1.92,
Polarizability,DNGO-Joint,43,0.1,2,8,10,1134,10,13959558,10181052,102547078,31808700,1,1.41,
Polarizability,DNGO-Joint,43,0.3,5,25,30,1134,10,14130675,10181052,276926835,31808700,1,1.35,
Polarizability,DNGO-Joint,43,0.5,8,42,50,1134,10,14313672,10181052,451318472,31808700,1,1.51,
Polarizability,DNGO-Joint,43,0.7,11,58,69,1134,10,14508549,10181052,617456517,31808700,1,1.37,
Polarizability,DNGO-Joint,43,1.0,16,83,99,1134,10,14859744,10181052,880603872,31808700,1,1.45,
Polarizability,Knowledge Distillation,42,0.1,2,8,10,1134,10,13959558,10181052,65580678,31808700,1,0.8,
Polarizability,Knowledge Distillation,42,0.3,5,25,30,1134,10,14130675,10181052,170750835,31808700,1,0.78,
Polarizability,Knowledge Distillation,42,0.5,8,42,50,1134,10,14313672,10181052,275932872,31808700,1,0.79,
Polarizability,Knowledge Distillation,42,0.7,11,58,69,1134,10,14508549,10181052,375613317,31808700,1,0.79,
Polarizability,Knowledge Distillation,42,1.0,16,83,99,1134,10,14859744,10181052,532584672,31808700,1,0.82,
Polarizability,Knowledge Distillation,43,0.1,2,8,10,1134,10,13959558,10181052,65580678,31808700,1,0.71,
Polarizability,Knowledge Distillation,43,0.3,5,25,30,1134,10,14130675,10181052,170750835,31808700,1,0.76,
Polarizability,Knowledge Distillation,43,0.5,8,42,50,1134,10,14313672,10181052,275932872,31808700,1,0.83,
Polarizability,Knowledge Distillation,43,0.7,11,58,69,1134,10,14508549,10181052,375613317,31808700,1,0.99,
Polarizability,Knowledge Distillation,43,1.0,16,83,99,1134,10,14859744,10181052,532584672,31808700,1,1.21,
Polarizability,Domain Adaptation (MMD),42,0.1,2,8,10,1134,10,13959558,10181052,92843654,31808700,1,1.61,
Polarizability,Domain Adaptation (MMD),42,0.3,5,25,30,1134,10,14130675,10181052,252523635,31808700,1,1.61,
Polarizability,Domain Adaptation (MMD),42,0.5,8,42,50,1134,10,14313672,10181052,412215496,31808700,1,1.61,
Polarizability,Domain Adaptation (MMD),42,0.7,11,58,69,1134,10,14508549,10181052,563682693,31808700,1,1.66,
Polarizability,Domain Adaptation (MMD),42,1.0,16,83,99,1134,10,14859744,10181052,802426848,31808700,1,1.06,
Polarizability,Domain Adaptation (MMD),43,0.1,2,8,10,1134,10,13959558,10181052,92843654,31808700,1,1.02,
Polarizability,Domain Adaptation (MMD),43,0.3,5,25,30,1134,10,14130675,10181052,252523635,31808700,1,1.1,
Polarizability,Domain Adaptation (MMD),43,0.5,8,42,50,1134,10,14313672,10181052,412215496,31808700,1,1.69,
Polarizability,Domain Adaptation (MMD),43,0.7,11,58,69,1134,10,14508549,10181052,563682693,31808700,1,1.64,
Polarizability,Domain Adaptation (MMD),43,1.0,16,83,99,1134,10,14859744,10181052,802426848,31808700,1,1.71,
Polarizability,Soft Parameter Sharing,42,0.1,2,8,10,1134,10,13959558,10181052,80787078,31808700,1,1.82,
Polarizability,Soft Parameter Sharing,42,0.3,5,25,30,1134,10,14130675,10181052,208766835,31808700,1,1.83,
Polarizability,Soft Parameter Sharing,42,0.5,8,42,50,1134,10,14313672,10181052,336758472,31808700,1,1.9,
Polarizability,Soft Parameter Sharing,42,0.7,11,58,69,1134,10,14508549,10181052,459248517,31808700,1,11.28,
Polarizability,Soft Parameter Sharing,42,1.0,16,83,99,1134,10,14859744,10181052,654235872,31808700,1,1.58,
Polarizability,Soft Parameter Sharing,43,0.1,2,8,10,1134,10,13959558,10181052,80787078,31808700,1,1.71,
Polarizability,Soft Parameter Sharing,43,0.3,5,25,30,1134,10,14130675,10181052,208766835,31808700,1,1.95,
Polarizability,Soft Parameter Sharing,43,0.5,8,42,50,1134,10,14313672,10181052,336758472,31808700,1,1.94,
Polarizability,Soft Parameter Sharing,43,0.7,11,58,69,1134,10,14508549,10181052,459248517,31808700,1,1.94,
Polarizability,Soft Parameter Sharing,43,1.0,16,83,99,1134,10,14859744,10181052,654235872,31808700,1,1.89,
Polarizability,Pseudo-Labeling,42,0.1,2,8,10,1134,10,13959558,10181052,95577478,31808700,1,1.33,
Polarizability,Pseudo-Labeling,42,0.3,5,25,30,1134,10,14130675,10181052,264478835,31808700,1,1.4,
Polarizability,Pseudo-Labeling,42,0.5,8,42,50,1134,10,14313672,10181052,433392072,31808700,1,1.42,
Polarizability,Pseudo-Labeling,42,0.7,11,58,69,1134,10,14508549,10181052,593056517,31808700,1,1.43,
Polarizability,Pseudo-Labeling,42,1.0,16,83,99,1134,10,14859744,10181052,843755872,31808700,1,1.39,
Polarizability,Pseudo-Labeling,43,0.1,2,8,10,1134,10,13959558,10181052,95577478,31808700,1,1.19,
Polarizability,Pseudo-Labeling,43,0.3,5,25,30,1134,10,14130675,10181052,264478835,31808700,1,1.29,
Polarizability,Pseudo-Labeling,43,0.5,8,42,50,1134,10,14313672,10181052,433392072,31808700,1,1.19,
Polarizability,Pseudo-Labeling,43,0.7,11,58,69,1134,10,14508549,10181052,593056517,31808700,1,1.42,
Polarizability,Pseudo-Labeling,43,1.0,16,83,99,1134,10,14859744,10181052,843755872,31808700,1,1.14,
Polarizability,Adapter,42,0.1,2,8,10,1134,10,13959558,10181052,66201734,21067452,1,0.93,
Polarizability,Adapter,42,0.3,5,25,30,1134,10,14130675,10181052,172303475,21067452,1,1.07,
Polarizability,Adapter,42,0.5,8,42,50,1134,10,14313672,10181052,278417096,21067452,1,0.96,
Polarizability,Adapter,42,0.7,11,58,69,1134,10,14508549,10181052,379029125,21067452,1,0.96,
Polarizability,Adapter,42,1.0,16,83,99,1134,10,14859744,10181052,537553120,21067452,1,0.95,
Polarizability,Adapter,43,0.1,2,8,10,1134,10,13959558,10181052,66201734,21067452,1,1.06,
Polarizability,Adapter,43,0.3,5,25,30,1134,10,14130675,10181052,172303475,21067452,1,0.95,
Polarizability,Adapter,43,0.5,8,42,50,1134,10,14313672,10181052,278417096,21067452,1,0.95,
Polarizability,Adapter,43,0.7,11,58,69,1134,10,14508549,10181052,379029125,21067452,1,0.95,
Polarizability,Adapter,43,1.0,16,83,99,1134,10,14859744,10181052,537553120,21067452,1,1.13,
HOPV15,MFGP,42,0.1,2,15,17,240,10,0,0,1040400,2119152,1,0.25,
HOPV15,MFGP,42,0.3,4,45,49,240,10,0,0,24605448,6936048,1,0.53,
HOPV15,MFGP,42,0.5,8,74,82,240,10,0,0,100053120,13036032,1,0.66,
HOPV15,MFGP,42,0.7,10,104,114,240,10,0,0,306211752,20049408,1,0.97,
HOPV15,MFGP,42,1.0,15,149,164,240,10,0,0,637435200,33172608,1,0.94,
HOPV15,MFGP,43,0.1,2,15,17,240,10,0,0,1300500,2119152,1,0.33,
HOPV15,MFGP,43,0.3,4,45,49,240,10,0,0,21090384,6936048,1,0.44,
HOPV15,MFGP,43,0.5,8,74,82,240,10,0,0,114644200,13036032,1,0.76,
HOPV15,MFGP,43,0.7,10,104,114,240,10,0,0,286769736,20049408,1,0.9,
HOPV15,MFGP,43,1.0,15,149,164,240,10,0,0,713927424,33172608,1,1.01,
HOPV15,NARGP,42,0.1,2,15,17,240,10,0,0,456456,2076584,1,0.3,
HOPV15,NARGP,42,0.3,4,45,49,240,10,0,0,6071152,6648416,1,0.27,
HOPV15,NARGP,42,0.5,8,74,82,240,10,0,0,39266368,12146624,1,0.39,
HOPV15,NARGP,42,0.7,10,104,114,240,10,0,0,76921584,18429800,1,0.32,
HOPV15,NARGP,42,1.0,15,149,164,240,10,0,0,150398520,29741850,1,0.31,
HOPV15,NARGP,43,0.1,2,15,17,240,10,0,0,435408,2076584,1,0.29,
HOPV15,NARGP,43,0.3,4,45,49,240,10,0,0,6068336,6648416,1,0.25,
HOPV15,NARGP,43,0.5,8,74,82,240,10,0,0,36816592,12146624,1,0.36,
HOPV15,NARGP,43,0.7,10,104,114,240,10,0,0,70911360,18429800,1,0.37,
HOPV15,NARGP,43,1.0,15,149,164,240,10,0,0,158657292,29741850,1,0.32,
HOPV15,Sparse MFGP,42,0.1,2,15,17,240,10,0,0,104035000,2137036,1,10.78,
HOPV15,Sparse MFGP,42,0.3,4,45,49,240,10,0,0,1784739000,4669388,1,20.85,
HOPV15,Sparse MFGP,42,0.5,8,74,82,240,10,0,0,7659960000,9400136,1,13.21,
HOPV15,Sparse MFGP,42,0.7,10,104,114,240,10,0,0,15316172000,12887528,1,11.24,
HOPV15,Sparse MFGP,42,1.0,15,149,164,240,10,0,0,21739772000,12887528,1,11.56,
HOPV15,Sparse MFGP,43,0.1,2,15,17,240,10,0,0,104035000,2137036,1,14.74,
HOPV15,Sparse MFGP,43,0.3,4,45,49,240,10,0,0,1784739000,4669388,1,13.47,
HOPV15,Sparse MFGP,43,0.5,8,74,82,240,10,0,0,7659960000,9400136,1,14.63,
HOPV15,Sparse MFGP,43,0.7,10,104,114,240,10,0,0,15316172000,12887528,1,11.35,
HOPV15,Sparse MFGP,43,1.0,15,149,164,240,10,0,0,21739772000,12887528,1,13.48,
HOPV15,DKL Multi-Fidelity,42,0.1,2,15,17,240,10,0,0,304414000,7778768,1,12.25,
HOPV15,DKL Multi-Fidelity,42,0.3,4,45,49,240,10,0,0,1070270000,13001680,1,13.08,
HOPV15,DKL Multi-Fidelity,42,0.5,8,74,82,240,10,0,0,2299784000,18559408,1,10.24,
HOPV15,DKL Multi-Fidelity,42,0.7,10,104,114,240,10,0,0,4120200000,24115120,1,12.74,
HOPV15,DKL Multi-Fidelity,42,1.0,15,149,164,240,10,0,0,8674300000,33123920,1,13.81,
HOPV15,DKL Multi-Fidelity,43,0.1,2,15,17,240,10,0,0,304414000,7778768,1,11.96,
HOPV15,DKL Multi-Fidelity,43,0.3,4,45,49,240,10,0,0,1070270000,13001680,1,13.15,
HOPV15,DKL Multi-Fidelity,43,0.5,8,74,82,240,10,0,0,2299784000,18559408,1,11.71,
HOPV15,DKL Multi-Fidelity,43,0.7,10,104,114,240,10,0,0,4120200000,24115120,1,13.14,
HOPV15,DKL Multi-Fidelity,43,1.0,15,149,164,240,10,0,0,8674300000,33123920,1,10.21,
HOPV15,Sequential,42,0.1,2,15,17,240,10,13959558,2154720,104174982,6732000,1,0.72,
HOPV15,Sequential,42,0.3,4,45,49,240,10,14072316,2154720,277205244,6732000,1,0.72,
HOPV15,Sequential,42,0.5,8,74,82,240,10,14313672,2154720,452363976,6732000,1,0.77,
HOPV15,Sequential,42,0.7,10,104,114,240,10,14442270,2154720,625410078,6732000,1,10.82,
HOPV15,Sequential,42,1.0,15,149,164,240,10,14786865,2154720,892644273,6732000,1,0.85,
HOPV15,Sequential,43,0.1,2,15,17,240,10,13959558,2154720,104174982,6732000,1,0.73,
HOPV15,Sequential,43,0.3,4,45,49,240,10,14072316,2154720,277205244,6732000,1,0.73,
HOPV15,Sequential,43,0.5,8,74,82,240,10,14313672,2154720,452363976,6732000,1,0.76,
HOPV15,Sequential,43,0.7,10,104,114,240,10,14442270,2154720,625410078,6732000,1,0.76,
HOPV15,Sequential,43,1.0,15,149,164,240,10,14786865,2154720,892644273,6732000,1,0.85,
HOPV15,Curriculum,42,0.1,2,15,17,240,10,13959558,2154720,111669382,6732000,1,0.97,
HOPV15,Curriculum,42,0.3,4,45,49,240,10,14072316,2154720,279187196,6732000,1,0.99,
HOPV15,Curriculum,42,0.5,8,74,82,240,10,14313672,2154720,451730632,6732000,1,0.99,
HOPV15,Curriculum,42,0.7,10,104,114,240,10,14442270,2154720,624310046,6732000,1,1.11,
HOPV15,Curriculum,42,1.0,15,149,164,240,10,14786865,2154720,890882097,6732000,1,1.08,
HOPV15,Curriculum,43,0.1,2,15,17,240,10,13959558,2154720,111669382,6732000,1,0.99,
HOPV15,Curriculum,43,0.3,4,45,49,240,10,14072316,2154720,279187196,6732000,1,0.96,
HOPV15,Curriculum,43,0.5,8,74,82,240,10,14313672,2154720,451730632,6732000,1,1.05,
HOPV15,Curriculum,43,0.7,10,104,114,240,10,14442270,2154720,624310046,6732000,1,0.99,
HOPV15,Curriculum,43,1.0,15,149,164,240,10,14786865,2154720,890882097,6732000,1,1.41,
HOPV15,DNGO-Gradient,42,0.1,2,15,17,240,10,13959558,2154720,172002182,6732000,1,2.72,
HOPV15,DNGO-Gradient,42,0.3,4,45,49,240,10,14072316,2154720,454139644,6732000,1,2.78,
HOPV15,DNGO-Gradient,42,0.5,8,74,82,240,10,14313672,2154720,762200776,6732000,1,2.74,
HOPV15,DNGO-Gradient,42,0.7,10,104,114,240,10,14442270,2154720,1044354078,6732000,1,2.73,
HOPV15,DNGO-Gradient,42,1.0,15,149,164,240,10,14786865,2154720,1501796273,6732000,1,2.76,
HOPV15,DNGO-Gradient,43,0.1,2,15,17,240,10,13959558,2154720,172002182,6732000,1,2.61,
HOPV15,DNGO-Gradient,43,0.3,4,45,49,240,10,14072316,2154720,454139644,6732000,1,2.62,
HOPV15,DNGO-Gradient,43,0.5,8,74,82,240,10,14313672,2154720,762200776,6732000,1,13.37,
HOPV15,DNGO-Gradient,43,0.7,10,104,114,240,10,14442270,2154720,1044354078,6732000,1,2.73,
HOPV15,DNGO-Gradient,43,1.0,15,149,164,240,10,14786865,2154720,1501796273,6732000,1,2.79,
HOPV15,Progressive,42,0.1,2,15,17,240,10,13959558,2154720,60142982,6732000,1,0.6,
HOPV15,Progressive,42,0.3,4,45,49,240,10,14072316,2154720,147861244,6732000,1,0.41,
HOPV15,Progressive,42,0.5,8,74,82,240,10,14313672,2154720,237707976,6732000,1,0.43,
HOPV15,Progressive,42,0.7,10,104,114,240,10,14442270,2154720,325442078,6732000,1,0.48,
HOPV15,Progressive,42,1.0,15,149,164,240,10,14786865,2154720,461956273,6732000,1,0.44,
HOPV15,Progressive,43,0.1,2,15,17,240,10,13959558,2154720,60142982,6732000,1,0.41,
HOPV15,Progressive,43,0.3,4,45,49,240,10,14072316,2154720,147861244,6732000,1,0.48,
HOPV15,Progressive,43,0.5,8,74,82,240,10,14313672,2154720,237707976,6732000,1,0.56,
HOPV15,Progressive,43,0.7,10,104,114,240,10,14442270,2154720,325442078,6732000,1,0.5,
HOPV15,Progressive,43,1.0,15,149,164,240,10,14786865,2154720,461956273,6732000,1,0.55,
HOPV15,Two-Stage Joint,42,0.1,2,15,17,240,10,13959558,2154720,108182662,6732000,1,1.15,
HOPV15,Two-Stage Joint,42,0.3,4,45,49,240,10,14072316,2154720,285362684,6732000,1,0.95,
HOPV15,Two-Stage Joint,42,0.5,8,74,82,240,10,14313672,2154720,468527304,6732000,1,0.98,
HOPV15,Two-Stage Joint,42,0.7,10,104,114,240,10,14442270,2154720,645723166,6732000,1,1.03,
HOPV15,Two-Stage Joint,42,1.0,15,149,164,240,10,14786865,2154720,923047601,6732000,1,1.03,
HOPV15,Two-Stage Joint,43,0.1,2,15,17,240,10,13959558,2154720,108182662,6732000,1,0.94,
HOPV15,Two-Stage Joint,43,0.3,4,45,49,240,10,14072316,2154720,285362684,6732000,1,0.98,
HOPV15,Two-Stage Joint,43,0.5,8,74,82,240,10,14313672,2154720,468527304,6732000,1,1.17,
HOPV15,Two-Stage Joint,43,0.7,10,104,114,240,10,14442270,2154720,645723166,6732000,1,0.97,
HOPV15,Two-Stage Joint,43,1.0,15,149,164,240,10,14786865,2154720,923047601,6732000,1,0.94,
HOPV15,DNGO-Joint,42,0.1,2,15,17,240,10,13959558,2154720,160405382,6732000,1,1.67,
HOPV15,DNGO-Joint,42,0.3,4,45,49,240,10,14072316,2154720,430946044,6732000,1,1.71,
HOPV15,DNGO-Joint,42,0.5,8,74,82,240,10,14313672,2154720,715813576,6732000,1,1.92,
HOPV15,DNGO-Joint,42,0.7,10,104,114,240,10,14442270,2154720,986370078,6732000,1,1.72,
HOPV15,DNGO-Joint,42,1.0,15,149,164,240,10,14786865,2154720,1414820273,6732000,1,1.43,
HOPV15,DNGO-Joint,43,0.1,2,15,17,240,10,13959558,2154720,160405382,6732000,1,2.27,
HOPV15,DNGO-Joint,43,0.3,4,45,49,240,10,14072316,2154720,430946044,6732000,1,1.45,
HOPV15,DNGO-Joint,43,0.5,8,74,82,240,10,14313672,2154720,715813576,6732000,1,1.57,
HOPV15,DNGO-Joint,43,0.7,10,104,114,240,10,14442270,2154720,986370078,6732000,1,12.03,
HOPV15,DNGO-Joint,43,1.0,15,149,164,240,10,14786865,2154720,1414820273,6732000,1,1.94,
HOPV15,Knowledge Distillation,42,0.1,2,15,17,240,10,13959558,2154720,104174982,6732000,1,1.05,
HOPV15,Knowledge Distillation,42,0.3,4,45,49,240,10,14072316,2154720,277205244,6732000,1,0.9,
HOPV15,Knowledge Distillation,42,0.5,8,74,82,240,10,14313672,2154720,452363976,6732000,1,0.77,
HOPV15,Knowledge Distillation,42,0.7,10,104,114,240,10,14442270,2154720,625410078,6732000,1,0.86,
HOPV15,Knowledge Distillation,42,1.0,15,149,164,240,10,14786865,2154720,892644273,6732000,1,0.88,
HOPV15,Knowledge Distillation,43,0.1,2,15,17,240,10,13959558,2154720,104174982,6732000,1,0.89,
HOPV15,Knowledge Distillation,43,0.3,4,45,49,240,10,14072316,2154720,277205244,6732000,1,0.88,
HOPV15,Knowledge Distillation,43,0.5,8,74,82,240,10,14313672,2154720,452363976,6732000,1,0.97,
HOPV15,Knowledge Distillation,43,0.7,10,104,114,240,10,14442270,2154720,625410078,6732000,1,0.98,
HOPV15,Knowledge Distillation,43,1.0,15,149,164,240,10,14786865,2154720,892644273,6732000,1,0.93,
HOPV15,Domain Adaptation (MMD),42,0.1,2,15,17,240,10,13959558,2154720,150499462,6732000,1,1.25,
HOPV15,Domain Adaptation (MMD),42,0.3,4,45,49,240,10,14072316,2154720,410700284,6732000,1,1.38,
HOPV15,Domain Adaptation (MMD),42,0.5,8,74,82,240,10,14313672,2154720,675784904,6732000,1,1.3,
HOPV15,Domain Adaptation (MMD),42,0.7,10,104,114,240,10,14442270,2154720,936001566,6732000,1,1.33,
HOPV15,Domain Adaptation (MMD),42,1.0,15,149,164,240,10,14786865,2154720,1339470001,6732000,1,1.53,
HOPV15,Domain Adaptation (MMD),43,0.1,2,15,17,240,10,13959558,2154720,150499462,6732000,1,1.31,
HOPV15,Domain Adaptation (MMD),43,0.3,4,45,49,240,10,14072316,2154720,410700284,6732000,1,1.29,
HOPV15,Domain Adaptation (MMD),43,0.5,8,74,82,240,10,14313672,2154720,675784904,6732000,1,1.44,
HOPV15,Domain Adaptation (MMD),43,0.7,10,104,114,240,10,14442270,2154720,936001566,6732000,1,1.37,
HOPV15,Domain Adaptation (MMD),43,1.0,15,149,164,240,10,14786865,2154720,1339470001,6732000,1,1.48,
HOPV15,Soft Parameter Sharing,42,0.1,2,15,17,240,10,13959558,2154720,119381382,6732000,1,1.48,
HOPV15,Soft Parameter Sharing,42,0.3,4,45,49,240,10,14072316,2154720,307618044,6732000,1,1.4,
HOPV15,Soft Parameter Sharing,42,0.5,8,74,82,240,10,14313672,2154720,513189576,6732000,1,1.52,
HOPV15,Soft Parameter Sharing,42,0.7,10,104,114,240,10,14442270,2154720,701442078,6732000,1,1.44,
HOPV15,Soft Parameter Sharing,42,1.0,15,149,164,240,10,14786865,2154720,1006692273,6732000,1,1.41,
HOPV15,Soft Parameter Sharing,43,0.1,2,15,17,240,10,13959558,2154720,119381382,6732000,1,1.49,
HOPV15,Soft Parameter Sharing,43,0.3,4,45,49,240,10,14072316,2154720,307618044,6732000,1,1.33,
HOPV15,Soft Parameter Sharing,43,0.5,8,74,82,240,10,14313672,2154720,513189576,6732000,1,1.37,
HOPV15,Soft Parameter Sharing,43,0.7,10,104,114,240,10,14442270,2154720,701442078,6732000,1,11.61,
HOPV15,Soft Parameter Sharing,43,1.0,15,149,164,240,10,14786865,2154720,1006692273,6732000,1,1.18,
HOPV15,Pseudo-Labeling,42,0.1,2,15,17,240,10,13959558,2154720,160402182,6732000,1,1.08,
HOPV15,Pseudo-Labeling,42,0.3,4,45,49,240,10,14072316,2154720,445867644,6732000,1,1.13,
HOPV15,Pseudo-Labeling,42,0.5,8,74,82,240,10,14313672,2154720,729733576,6732000,1,0.97,
HOPV15,Pseudo-Labeling,42,0.7,10,104,114,240,10,14442270,2154720,1015214878,6732000,1,1.08,
HOPV15,Pseudo-Labeling,42,1.0,15,149,164,240,10,14786865,2154720,1451121073,6732000,1,1.11,
HOPV15,Pseudo-Labeling,43,0.1,2,15,17,240,10,13959558,2154720,160402182,6732000,1,0.9,
HOPV15,Pseudo-Labeling,43,0.3,4,45,49,240,10,14072316,2154720,445867644,6732000,1,0.94,
HOPV15,Pseudo-Labeling,43,0.5,8,74,82,240,10,14313672,2154720,729733576,6732000,1,1.0,
HOPV15,Pseudo-Labeling,43,0.7,10,104,114,240,10,14442270,2154720,1015214878,6732000,1,1.04,
HOPV15,Pseudo-Labeling,43,1.0,15,149,164,240,10,14786865,2154720,1451121073,6732000,1,1.03,
HOPV15,Adapter,42,0.1,2,15,17,240,10,13959558,2154720,104796038,4458720,1,0.83,
HOPV15,Adapter,42,0.3,4,45,49,240,10,14072316,2154720,278447356,4458720,1,0.85,
HOPV15,Adapter,42,0.5,8,74,82,240,10,14313672,2154720,454848200,4458720,1,1.3,
HOPV15,Adapter,42,0.7,10,104,114,240,10,14442270,2154720,628515358,4458720,1,1.43,
HOPV15,Adapter,42,1.0,15,149,164,240,10,14786865,2154720,897302193,4458720,1,1.54,
HOPV15,Adapter,43,0.1,2,15,17,240,10,13959558,2154720,104796038,4458720,1,1.43,
HOPV15,Adapter,43,0.3,4,45,49,240,10,14072316,2154720,278447356,4458720,1,1.43,
HOPV15,Adapter,43,0.5,8,74,82,240,10,14313672,2154720,454848200,4458720,1,1.37,
HOPV15,Adapter,43,0.7,10,104,114,240,10,14442270,2154720,628515358,4458720,1,1.52,
HOPV15,Adapter,43,1.0,15,149,164,240,10,14786865,2154720,897302193,4458720,1,1.11,
Matbench-Gap,MFGP,42,0.1,2,20,22,3347,10,0,0,2023120,496316392,1,2.23,
Matbench-Gap,MFGP,42,0.3,3,60,63,3347,10,0,0,32387040,1438684254,1,2.48,
Matbench-Gap,MFGP,42,0.5,5,100,105,3347,10,0,0,141296400,2427539310,1,2.62,
Matbench-Gap,MFGP,42,0.7,7,139,146,3347,10,0,0,448147584,3415793224,1,3.09,
Matbench-Gap,MFGP,42,1.0,10,199,209,3347,10,0,0,1576709376,4978503310,1,3.51,
Matbench-Gap,MFGP,43,0.1,2,20,22,3347,10,0,0,2666840,496316392,1,2.45,
Matbench-Gap,MFGP,43,0.3,3,60,63,3347,10,0,0,74490192,1438684254,1,2.99,
Matbench-Gap,MFGP,43,0.5,5,100,105,3347,10,0,0,145221300,2427539310,1,2.69,
Matbench-Gap,MFGP,43,0.7,7,139,146,3347,10,0,0,382792728,3415793224,1,2.81,
Matbench-Gap,MFGP,43,1.0,10,199,209,3347,10,0,0,1330348536,4978503310,1,3.26,
Matbench-Gap,NARGP,42,0.1,2,20,22,3347,10,0,0,1890112,495757744,1,1.78,
Matbench-Gap,NARGP,42,0.3,3,60,63,3347,10,0,0,22472172,1436084136,1,2.01,
Matbench-Gap,NARGP,42,0.5,5,100,105,3347,10,0,0,183968750,2420316760,1,2.23,
Matbench-Gap,NARGP,42,0.7,7,139,146,3347,10,0,0,490517916,3401744806,1,2.83,
Matbench-Gap,NARGP,42,1.0,10,199,209,3347,10,0,0,1740341720,4949767102,1,3.33,
Matbench-Gap,NARGP,43,0.1,2,20,22,3347,10,0,0,1889440,495757744,1,2.0,
Matbench-Gap,NARGP,43,0.3,3,60,63,3347,10,0,0,27367164,1436084136,1,1.8,
Matbench-Gap,NARGP,43,0.5,5,100,105,3347,10,0,0,159311000,2420316760,1,2.11,
Matbench-Gap,NARGP,43,0.7,7,139,146,3347,10,0,0,470142576,3401744806,1,2.43,
Matbench-Gap,NARGP,43,1.0,10,199,209,3347,10,0,0,1123556544,4949767102,1,2.81,
Matbench-Gap,Sparse MFGP,42,0.1,2,20,22,3347,10,0,0,203160000,324458528,1,13.97,
Matbench-Gap,Sparse MFGP,42,0.3,3,60,63,3347,10,0,0,3616779000,379172782,1,12.38,
Matbench-Gap,Sparse MFGP,42,0.5,5,100,105,3347,10,0,0,14180102000,467267636,1,10.26,
Matbench-Gap,Sparse MFGP,42,0.7,7,139,146,3347,10,0,0,19405388000,467267636,1,10.68,
Matbench-Gap,Sparse MFGP,42,1.0,10,199,209,3347,10,0,0,27683462000,467267636,1,11.18,
Matbench-Gap,Sparse MFGP,43,0.1,2,20,22,3347,10,0,0,203160000,324458528,1,9.33,
Matbench-Gap,Sparse MFGP,43,0.3,3,60,63,3347,10,0,0,3616779000,379172782,1,9.74,
Matbench-Gap,Sparse MFGP,43,0.5,5,100,105,3347,10,0,0,14180102000,467267636,1,10.51,
Matbench-Gap,Sparse MFGP,43,0.7,7,139,146,3347,10,0,0,19405388000,467267636,1,11.2,
Matbench-Gap,Sparse MFGP,43,1.0,10,199,209,3347,10,0,0,27683462000,467267636,1,15.77,
Matbench-Gap,DKL Multi-Fidelity,42,0.1,2,20,22,3347,10,0,0,404504000,986170528,1,12.9,
Matbench-Gap,DKL Multi-Fidelity,42,0.3,3,60,63,3347,10,0,0,1525116000,1917244776,1,13.07,
Matbench-Gap,DKL Multi-Fidelity,42,0.5,5,100,105,3347,10,0,0,3534102000,2871307032,1,24.17,
Matbench-Gap,DKL Multi-Fidelity,42,0.7,7,139,146,3347,10,0,0,6757768000,3802925760,1,11.6,
Matbench-Gap,DKL Multi-Fidelity,42,1.0,10,199,209,3347,10,0,0,15098590000,5234961624,1,11.23,
Matbench-Gap,DKL Multi-Fidelity,43,0.1,2,20,22,3347,10,0,0,404504000,986170528,1,13.25,
Matbench-Gap,DKL Multi-Fidelity,43,0.3,3,60,63,3347,10,0,0,1525116000,1917244776,1,13.08,
Matbench-Gap,DKL Multi-Fidelity,43,0.5,5,100,105,3347,10,0,0,3534102000,2871307032,1,12.95,
Matbench-Gap,DKL Multi-Fidelity,43,0.7,7,139,146,3347,10,0,0,6757768000,3802925760,1,14.32,
Matbench-Gap,DKL Multi-Fidelity,43,1.0,10,199,209,3347,10,0,0,15098590000,5234961624,1,13.69,
Matbench-Gap,Sequential,42,0.1,2,20,22,3347,10,13959558,30049366,131742342,93883350,1,0.85,
Matbench-Gap,Sequential,42,0.3,3,60,63,3347,10,14015277,30049366,356093613,93883350,1,0.9,
Matbench-Gap,Sequential,42,0.5,5,100,105,3347,10,14130675,30049366,584261235,93883350,1,1.13,
Matbench-Gap,Sequential,42,0.7,7,139,146,3347,10,14251353,30049366,806920665,93883350,1,0.96,
Matbench-Gap,Sequential,42,1.0,10,199,209,3347,10,14442270,30049366,1149189918,93883350,1,1.26,
Matbench-Gap,Sequential,43,0.1,2,20,22,3347,10,13959558,30049366,131742342,93883350,1,1.18,
Matbench-Gap,Sequential,43,0.3,3,60,63,3347,10,14015277,30049366,356093613,93883350,1,1.22,
Matbench-Gap,Sequential,43,0.5,5,100,105,3347,10,14130675,30049366,584261235,93883350,1,1.26,
Matbench-Gap,Sequential,43,0.7,7,139,146,3347,10,14251353,30049366,806920665,93883350,1,1.26,
Matbench-Gap,Sequential,43,1.0,10,199,209,3347,10,14442270,30049366,1149189918,93883350,1,1.33,
Matbench-Gap,Curriculum,42,0.1,2,20,22,3347,10,13959558,30049366,139236742,93883350,1,1.6,
Matbench-Gap,Curriculum,42,0.3,3,60,63,3347,10,14015277,30049366,359897389,93883350,1,1.58,
Matbench-Gap,Curriculum,42,0.5,5,100,105,3347,10,14130675,30049366,585168883,93883350,1,1.54,
Matbench-Gap,Curriculum,42,0.7,7,139,146,3347,10,14251353,30049366,806576729,93883350,1,1.52,
Matbench-Gap,Curriculum,42,1.0,10,199,209,3347,10,14442270,30049366,1148089886,93883350,1,1.55,
Matbench-Gap,Curriculum,43,0.1,2,20,22,3347,10,13959558,30049366,139236742,93883350,1,1.53,
Matbench-Gap,Curriculum,43,0.3,3,60,63,3347,10,14015277,30049366,359897389,93883350,1,1.55,
Matbench-Gap,Curriculum,43,0.5,5,100,105,3347,10,14130675,30049366,585168883,93883350,1,1.53,
Matbench-Gap,Curriculum,43,0.7,7,139,146,3347,10,14251353,30049366,806576729,93883350,1,1.53,
Matbench-Gap,Curriculum,43,1.0,10,199,209,3347,10,14442270,30049366,1148089886,93883350,1,1.57,
Matbench-Gap,DNGO-Gradient,42,0.1,2,20,22,3347,10,13959558,30049366,213329542,93883350,1,2.6,
Matbench-Gap,DNGO-Gradient,42,0.3,3,60,63,3347,10,14015277,30049366,561034413,93883350,1,13.4,
Matbench-Gap,DNGO-Gradient,42,0.5,5,100,105,3347,10,14130675,30049366,925829235,93883350,1,2.03,
Matbench-Gap,DNGO-Gradient,42,0.7,7,139,146,3347,10,14251353,30049366,1282363865,93883350,1,2.3,
Matbench-Gap,DNGO-Gradient,42,1.0,10,199,209,3347,10,14442270,30049366,1829573918,93883350,1,2.1,
Matbench-Gap,DNGO-Gradient,43,0.1,2,20,22,3347,10,13959558,30049366,213329542,93883350,1,2.18,
Matbench-Gap,DNGO-Gradient,43,0.3,3,60,63,3347,10,14015277,30049366,561034413,93883350,1,2.05,
Matbench-Gap,DNGO-Gradient,43,0.5,5,100,105,3347,10,14130675,30049366,925829235,93883350,1,2.17,
Matbench-Gap,DNGO-Gradient,43,0.7,7,139,146,3347,10,14251353,30049366,1282363865,93883350,1,2.24,
Matbench-Gap,DNGO-Gradient,43,1.0,10,199,209,3347,10,14442270,30049366,1829573918,93883350,1,2.15,
Matbench-Gap,Progressive,42,0.1,2,20,22,3347,10,13959558,30049366,73950342,93883350,1,0.43,
Matbench-Gap,Progressive,42,0.3,3,60,63,3347,10,14015277,30049366,186845613,93883350,1,0.43,
Matbench-Gap,Progressive,42,0.5,5,100,105,3347,10,14130675,30049366,302181235,93883350,1,0.42,
Matbench-Gap,Progressive,42,0.7,7,139,146,3347,10,14251353,30049366,414760665,93883350,1,0.79,
Matbench-Gap,Progressive,42,1.0,10,199,209,3347,10,14442270,30049366,587781918,93883350,1,0.69,
Matbench-Gap,Progressive,43,0.1,2,20,22,3347,10,13959558,30049366,73950342,93883350,1,0.7,
Matbench-Gap,Progressive,43,0.3,3,60,63,3347,10,14015277,30049366,186845613,93883350,1,0.63,
Matbench-Gap,Progressive,43,0.5,5,100,105,3347,10,14130675,30049366,302181235,93883350,1,0.64,
Matbench-Gap,Progressive,43,0.7,7,139,146,3347,10,14251353,30049366,414760665,93883350,1,0.68,
Matbench-Gap,Progressive,43,1.0,10,199,209,3347,10,14442270,30049366,587781918,93883350,1,0.69,
Matbench-Gap,Two-Stage Joint,42,0.1,2,20,22,3347,10,13959558,30049366,135797382,93883350,1,1.16,
Matbench-Gap,Two-Stage Joint,42,0.3,3,60,63,3347,10,14015277,30049366,362460333,93883350,1,1.14,
Matbench-Gap,Two-Stage Joint,42,0.5,5,100,105,3347,10,14130675,30049366,594872435,93883350,1,1.2,
Matbench-Gap,Two-Stage Joint,42,0.7,7,139,146,3347,10,14251353,30049366,821766873,93883350,1,1.22,
Matbench-Gap,Two-Stage Joint,42,1.0,10,199,209,3347,10,14442270,30049366,1170402846,93883350,1,1.27,
Matbench-Gap,Two-Stage Joint,43,0.1,2,20,22,3347,10,13959558,30049366,135797382,93883350,1,1.15,
Matbench-Gap,Two-Stage Joint,43,0.3,3,60,63,3347,10,14015277,30049366,362460333,93883350,1,1.16,
Matbench-Gap,Two-Stage Joint,43,0.5,5,100,105,3347,10,14130675,30049366,594872435,93883350,1,1.18,
Matbench-Gap,Two-Stage Joint,43,0.7,7,139,146,3347,10,14251353,30049366,821766873,93883350,1,1.24,
Matbench-Gap,Two-Stage Joint,43,1.0,10,199,209,3347,10,14442270,30049366,1170402846,93883350,1,12.26,
Matbench-Gap,DNGO-Joint,42,0.1,2,20,22,3347,10,13959558,30049366,201732742,93883350,1,2.02,
Matbench-Gap,DNGO-Joint,42,0.3,3,60,63,3347,10,14015277,30049366,543639213,93883350,1,2.1,
Matbench-Gap,DNGO-Joint,42,0.5,5,100,105,3347,10,14130675,30049366,896837235,93883350,1,2.15,
Matbench-Gap,DNGO-Joint,42,0.7,7,139,146,3347,10,14251353,30049366,1241775065,93883350,1,2.16,
Matbench-Gap,DNGO-Joint,42,1.0,10,199,209,3347,10,14442270,30049366,1771589918,93883350,1,2.2,
Matbench-Gap,DNGO-Joint,43,0.1,2,20,22,3347,10,13959558,30049366,201732742,93883350,1,2.1,
Matbench-Gap,DNGO-Joint,43,0.3,3,60,63,3347,10,14015277,30049366,543639213,93883350,1,2.12,
Matbench-Gap,DNGO-Joint,43,0.5,5,100,105,3347,10,14130675,30049366,896837235,93883350,1,2.17,
Matbench-Gap,DNGO-Joint,43,0.7,7,139,146,3347,10,14251353,30049366,1241775065,93883350,1,1.87,
Matbench-Gap,DNGO-Joint,43,1.0,10,199,209,3347,10,14442270,30049366,1771589918,93883350,1,1.8,
Matbench-Gap,Knowledge Distillation,42,0.1,2,20,22,3347,10,13959558,30049366,131742342,93883350,1,0.77,
Matbench-Gap,Knowledge Distillation,42,0.3,3,60,63,3347,10,14015277,30049366,356093613,93883350,1,0.75,
Matbench-Gap,Knowledge Distillation,42,0.5,5,100,105,3347,10,14130675,30049366,584261235,93883350,1,0.78,
Matbench-Gap,Knowledge Distillation,42,0.7,7,139,146,3347,10,14251353,30049366,806920665,93883350,1,0.82,
Matbench-Gap,Knowledge Distillation,42,1.0,10,199,209,3347,10,14442270,30049366,1149189918,93883350,1,0.83,
Matbench-Gap,Knowledge Distillation,43,0.1,2,20,22,3347,10,13959558,30049366,131742342,93883350,1,1.19,
Matbench-Gap,Knowledge Distillation,43,0.3,3,60,63,3347,10,14015277,30049366,356093613,93883350,1,1.21,
Matbench-Gap,Knowledge Distillation,43,0.5,5,100,105,3347,10,14130675,30049366,584261235,93883350,1,1.19,
Matbench-Gap,Knowledge Distillation,43,0.7,7,139,146,3347,10,14251353,30049366,806920665,93883350,1,0.77,
Matbench-Gap,Knowledge Distillation,43,1.0,10,199,209,3347,10,14442270,30049366,1149189918,93883350,1,1.25,
Matbench-Gap,Domain Adaptation (MMD),42,0.1,2,20,22,3347,10,13959558,30049366,191682182,93883350,1,1.63,
Matbench-Gap,Domain Adaptation (MMD),42,0.3,3,60,63,3347,10,14015277,30049366,527695533,93883350,1,1.65,
Matbench-Gap,Domain Adaptation (MMD),42,0.5,5,100,105,3347,10,14130675,30049366,870264435,93883350,1,1.66,
Matbench-Gap,Domain Adaptation (MMD),42,0.7,7,139,146,3347,10,14251353,30049366,1204602073,93883350,1,1.69,
Matbench-Gap,Domain Adaptation (MMD),42,1.0,10,199,209,3347,10,14442270,30049366,1718473246,93883350,1,1.08,
Matbench-Gap,Domain Adaptation (MMD),43,0.1,2,20,22,3347,10,13959558,30049366,191682182,93883350,1,1.28,
Matbench-Gap,Domain Adaptation (MMD),43,0.3,3,60,63,3347,10,14015277,30049366,527695533,93883350,1,1.26,
Matbench-Gap,Domain Adaptation (MMD),43,0.5,5,100,105,3347,10,14130675,30049366,870264435,93883350,1,1.28,
Matbench-Gap,Domain Adaptation (MMD),43,0.7,7,139,146,3347,10,14251353,30049366,1204602073,93883350,1,1.32,
Matbench-Gap,Domain Adaptation (MMD),43,1.0,10,199,209,3347,10,14442270,30049366,1718473246,93883350,1,1.31,
Matbench-Gap,Soft Parameter Sharing,42,0.1,2,20,22,3347,10,13959558,30049366,146948742,93883350,1,1.81,
Matbench-Gap,Soft Parameter Sharing,42,0.3,3,60,63,3347,10,14015277,30049366,378903213,93883350,1,1.3,
Matbench-Gap,Soft Parameter Sharing,42,0.5,5,100,105,3347,10,14130675,30049366,622277235,93883350,1,12.15,
Matbench-Gap,Soft Parameter Sharing,42,0.7,7,139,146,3347,10,14251353,30049366,860143065,93883350,1,1.46,
Matbench-Gap,Soft Parameter Sharing,42,1.0,10,199,209,3347,10,14442270,30049366,1225221918,93883350,1,1.58,
Matbench-Gap,Soft Parameter Sharing,43,0.1,2,20,22,3347,10,13959558,30049366,146948742,93883350,1,1.38,
Matbench-Gap,Soft Parameter Sharing,43,0.3,3,60,63,3347,10,14015277,30049366,378903213,93883350,1,1.48,
Matbench-Gap,Soft Parameter Sharing,43,0.5,5,100,105,3347,10,14130675,30049366,622277235,93883350,1,1.73,
Matbench-Gap,Soft Parameter Sharing,43,0.7,7,139,146,3347,10,14251353,30049366,860143065,93883350,1,1.54,
Matbench-Gap,Soft Parameter Sharing,43,1.0,10,199,209,3347,10,14442270,30049366,1225221918,93883350,1,1.46,
Matbench-Gap,Pseudo-Labeling,42,0.1,2,20,22,3347,10,13959558,30049366,206705542,93883350,1,1.06,
Matbench-Gap,Pseudo-Labeling,42,0.3,3,60,63,3347,10,14015277,30049366,580954413,93883350,1,1.15,
Matbench-Gap,Pseudo-Labeling,42,0.5,5,100,105,3347,10,14130675,30049366,959029235,93883350,1,1.12,
Matbench-Gap,Pseudo-Labeling,42,0.7,7,139,146,3347,10,14251353,30049366,1327848665,93883350,1,1.2,
Matbench-Gap,Pseudo-Labeling,42,1.0,10,199,209,3347,10,14442270,30049366,1894978718,93883350,1,1.33,
Matbench-Gap,Pseudo-Labeling,43,0.1,2,20,22,3347,10,13959558,30049366,206705542,93883350,1,1.17,
Matbench-Gap,Pseudo-Labeling,43,0.3,3,60,63,3347,10,14015277,30049366,580954413,93883350,1,1.11,
Matbench-Gap,Pseudo-Labeling,43,0.5,5,100,105,3347,10,14130675,30049366,959029235,93883350,1,1.2,
Matbench-Gap,Pseudo-Labeling,43,0.7,7,139,146,3347,10,14251353,30049366,1327848665,93883350,1,1.19,
Matbench-Gap,Pseudo-Labeling,43,1.0,10,199,209,3347,10,14442270,30049366,1894978718,93883350,1,1.16,
Matbench-Gap,Adapter,42,0.1,2,20,22,3347,10,13959558,30049366,132363398,62180566,1,0.97,
Matbench-Gap,Adapter,42,0.3,3,60,63,3347,10,14015277,30049366,357025197,62180566,1,0.96,
Matbench-Gap,Adapter,42,0.5,5,100,105,3347,10,14130675,30049366,585813875,62180566,1,1.03,
Matbench-Gap,Adapter,42,0.7,7,139,146,3347,10,14251353,30049366,809094361,62180566,1,1.04,
Matbench-Gap,Adapter,42,1.0,10,199,209,3347,10,14442270,30049366,1152295198,62180566,1,1.05,
Matbench-Gap,Adapter,43,0.1,2,20,22,3347,10,13959558,30049366,132363398,62180566,1,0.76,
Matbench-Gap,Adapter,43,0.3,3,60,63,3347,10,14015277,30049366,357025197,62180566,1,0.83,
Matbench-Gap,Adapter,43,0.5,5,100,105,3347,10,14130675,30049366,585813875,62180566,1,0.83,
Matbench-Gap,Adapter,43,0.7,7,139,146,3347,10,14251353,30049366,809094361,62180566,1,0.95,
Matbench-Gap,Adapter,43,1.0,10,199,209,3347,10,14442270,30049366,1152295198,62180566,1,0.94,
Park-Fav,NARGP,42,1.0,24,256,280,256,4,0,0,5628870912,70700928,1,3.37,
Park-Fav,NARGP,43,1.0,24,256,280,256,4,0,0,7539563264,70700928,1,4.37,
Park-Fav,Sequential,42,1.0,24,256,280,256,4,15490296,2298368,1432692984,6787584,1,1.52,
Park-Fav,Sequential,43,1.0,24,256,280,256,4,15490296,2298368,1432692984,6787584,1,1.13,
Park-Fav,Curriculum,42,1.0,24,256,280,256,4,15490296,2298368,1430800632,6787584,1,1.89,
Park-Fav,Curriculum,43,1.0,24,256,280,256,4,15490296,2298368,1430800632,6787584,1,1.56,
Park-Fav,DNGO-Gradient,42,1.0,24,256,280,256,4,15490296,2298368,2394331384,6787584,1,3.31,
Park-Fav,DNGO-Gradient,43,1.0,24,256,280,256,4,15490296,2298368,2394331384,6787584,1,2.72,
Park-Fav,Progressive,42,1.0,24,256,280,256,4,15490296,2298368,736321784,6787584,1,0.57,
Park-Fav,Progressive,43,1.0,24,256,280,256,4,15490296,2298368,736321784,6787584,1,0.56,
Park-Fav,Two-Stage Joint,42,1.0,24,256,280,256,4,15490296,2298368,1477622008,6787584,1,1.42,
Park-Fav,Two-Stage Joint,43,1.0,24,256,280,256,4,15490296,2298368,1477622008,6787584,1,1.15,
Park-Fav,DNGO-Joint,42,1.0,24,256,280,256,4,15490296,2298368,2266228984,6787584,1,2.56,
Park-Fav,DNGO-Joint,43,1.0,24,256,280,256,4,15490296,2298368,2266228984,6787584,1,2.12,
Park-Fav,Knowledge Distillation,42,1.0,24,256,280,256,4,15490296,2298368,1432692984,6787584,1,1.06,
Park-Fav,Knowledge Distillation,43,1.0,24,256,280,256,4,15490296,2298368,1432692984,6787584,1,1.64,
Park-Fav,Domain Adaptation (MMD),42,1.0,24,256,280,256,4,15490296,2298368,2152335608,6787584,1,1.64,
Park-Fav,Domain Adaptation (MMD),43,1.0,24,256,280,256,4,15490296,2298368,2152335608,6787584,1,1.62,
Park-Fav,Soft Parameter Sharing,42,1.0,24,256,280,256,4,15490296,2298368,1602267384,6787584,1,2.39,
Park-Fav,Soft Parameter Sharing,43,1.0,24,256,280,256,4,15490296,2298368,1602267384,6787584,1,1.76,
Park-Fav,Pseudo-Labeling,42,1.0,24,256,280,256,4,15490296,2298368,2333009144,6787584,1,2.01,
Park-Fav,Pseudo-Labeling,43,1.0,24,256,280,256,4,15490296,2298368,2333009144,6787584,1,1.36,
Park-Fav,Adapter,42,1.0,24,256,280,256,4,15490296,2298368,1443850488,4559360,1,1.2,
Park-Fav,Adapter,43,1.0,24,256,280,256,4,15490296,2298368,1443850488,4559360,1,1.26,
